,SOURCE,TARGET,RATE
0,430,1,10
1,3134,1,10
2,3026,1,10
3,3010,1,10
4,804,1,10
5,160,1,10
6,95,1,9
7,377,1,7
8,888,1,7
9,89,1,7
10,1901,1,6
11,161,1,6
12,256,1,6
13,351,1,5
14,3329,1,5
15,3341,1,5
16,649,1,5
17,1583,1,5
18,87,1,5
19,37,1,5
20,309,1,5
21,821,1,5
22,1496,1,5
23,637,1,5
24,964,1,5
25,594,1,5
26,2249,1,5
27,554,1,5
28,20,1,5
29,2227,1,5
30,1315,1,5
31,519,1,5
32,1316,1,5
33,2149,1,5
34,1724,1,5
35,18,1,5
36,57,1,5
37,118,1,4
38,3254,1,4
39,1177,1,4
40,112,1,4
41,11,1,4
42,586,1,4
43,35,1,4
44,15,1,4
45,1445,1,4
46,152,1,4
47,2,1,4
48,113,1,4
49,44,1,3
50,2401,1,3
51,10,1,3
52,2378,1,3
53,126,1,3
54,3245,1,3
55,783,1,3
56,493,1,3
57,1358,1,3
58,1180,1,3
59,529,1,3
60,333,1,3
61,1538,1,3
62,2282,1,3
63,1519,1,3
64,2966,1,3
65,474,1,3
66,330,1,3
67,958,1,3
68,17,1,3
69,1295,1,3
70,38,1,3
71,1952,1,3
72,223,1,3
73,625,1,2
74,1392,1,2
75,3355,1,2
76,1881,1,2
77,58,1,2
78,96,1,2
79,1580,1,2
80,196,1,2
81,146,1,2
82,416,1,2
83,1198,1,2
84,3319,1,2
85,1867,1,2
86,896,1,2
87,617,1,2
88,3300,1,2
89,1877,1,2
90,462,1,2
91,3279,1,2
92,454,1,2
93,1860,1,2
94,121,1,2
95,151,1,2
96,1570,1,2
97,1573,1,2
98,1063,1,2
99,1353,1,2
100,459,1,2
101,2334,1,2
102,1267,1,2
103,1060,1,2
104,1061,1,2
105,7431,1,2
106,1355,1,2
107,71,1,2
108,3070,1,2
109,2113,1,2
110,3001,1,2
111,396,1,2
112,2260,1,2
113,142,1,2
114,2238,1,2
115,123,1,2
116,2942,1,2
117,1509,1,2
118,7410,1,2
119,1760,1,2
120,2876,1,2
121,259,1,2
122,1493,1,2
123,2845,1,2
124,370,1,2
125,2844,1,2
126,2167,1,2
127,156,1,2
128,2808,1,2
129,255,1,2
130,736,1,2
131,7603,1,2
132,346,1,2
133,9,1,2
134,75,1,2
135,175,1,2
136,2754,1,2
137,22,1,2
138,155,1,2
139,1261,1,2
140,2552,1,2
141,2586,1,2
142,710,1,2
143,578,1,2
144,472,1,2
145,2472,1,2
146,1606,1,2
147,4,1,2
148,563,1,2
149,744,1,1
150,3422,1,1
151,250,1,1
152,249,1,1
153,2427,1,1
154,3414,1,1
155,1590,1,1
156,2305,1,1
157,1900,1,1
158,3392,1,1
159,1065,1,1
160,1147,1,1
161,1072,1,1
162,3375,1,1
163,1024,1,1
164,709,1,1
165,1382,1,1
166,3332,1,1
167,1885,1,1
168,3330,1,1
169,1197,1,1
170,3316,1,1
171,1886,1,1
172,154,1,1
173,1522,1,1
174,2391,1,1
175,3298,1,1
176,432,1,1
177,3292,1,1
178,3290,1,1
179,7597,1,1
180,3274,1,1
181,1875,1,1
182,291,1,1
183,158,1,1
184,1579,1,1
185,1846,1,1
186,1066,1,1
187,290,1,1
188,3233,1,1
189,891,1,1
190,247,1,1
191,1856,1,1
192,3211,1,1
193,115,1,1
194,1365,1,1
195,483,1,1
196,3210,1,1
197,3189,1,1
198,3193,1,1
199,2352,1,1
200,1847,1,1
201,3173,1,1
202,1051,1,1
203,1843,1,1
204,2342,1,1
205,7341,1,1
206,3139,1,1
207,1186,1,1
208,3167,1,1
209,3149,1,1
210,1842,1,1
211,3156,1,1
212,3141,1,1
213,817,1,1
214,1840,1,1
215,1839,1,1
216,2324,1,1
217,3143,1,1
218,3142,1,1
219,174,1,1
220,2315,1,1
221,1356,1,1
222,1835,1,1
223,296,1,1
224,3118,1,1
225,1542,1,1
226,3111,1,1
227,753,1,1
228,3088,1,1
229,395,1,1
230,3068,1,1
231,3042,1,1
232,1442,1,1
233,1339,1,1
234,596,1,1
235,2281,1,1
236,222,1,1
237,194,1,1
238,3064,1,1
239,1812,1,1
240,1796,1,1
241,701,1,1
242,124,1,1
243,3057,1,1
244,7427,1,1
245,2276,1,1
246,2271,1,1
247,1525,1,1
248,2235,1,1
249,3027,1,1
250,2090,1,1
251,1342,1,1
252,331,1,1
253,3023,1,1
254,2261,1,1
255,68,1,1
256,116,1,1
257,1043,1,1
258,3020,1,1
259,491,1,1
260,179,1,1
261,2252,1,1
262,214,1,1
263,439,1,1
264,2147,1,1
265,1167,1,1
266,697,1,1
267,67,1,1
268,1793,1,1
269,258,1,1
270,1340,1,1
271,2996,1,1
272,1520,1,1
273,1336,1,1
274,30,1,1
275,178,1,1
276,747,1,1
277,2962,1,1
278,2952,1,1
279,455,1,1
280,260,1,1
281,623,1,1
282,29,1,1
283,1510,1,1
284,2927,1,1
285,301,1,1
286,2907,1,1
287,2909,1,1
288,1148,1,1
289,955,1,1
290,1502,1,1
291,2853,1,1
292,1500,1,1
293,2178,1,1
294,1320,1,1
295,874,1,1
296,2177,1,1
297,2892,1,1
298,636,1,1
299,1034,1,1
300,1494,1,1
301,276,1,1
302,1318,1,1
303,117,1,1
304,1492,1,1
305,1302,1,1
306,1313,1,1
307,1491,1,1
308,2870,1,1
309,2181,1,1
310,1309,1,1
311,1750,1,1
312,2848,1,1
313,1458,1,1
314,951,1,1
315,1029,1,1
316,2176,1,1
317,2846,1,1
318,347,1,1
319,2173,1,1
320,2826,1,1
321,1742,1,1
322,2166,1,1
323,2823,1,1
324,2820,1,1
325,2814,1,1
326,1736,1,1
327,1025,1,1
328,1482,1,1
329,1483,1,1
330,2152,1,1
331,2806,1,1
332,1128,1,1
333,2801,1,1
334,2795,1,1
335,1290,1,1
336,1288,1,1
337,1436,1,1
338,2498,1,1
339,2784,1,1
340,587,1,1
341,2780,1,1
342,2779,1,1
343,305,1,1
344,944,1,1
345,2129,1,1
346,683,1,1
347,42,1,1
348,1136,1,1
349,1283,1,1
350,2127,1,1
351,2093,1,1
352,1284,1,1
353,72,1,1
354,264,1,1
355,2756,1,1
356,1285,1,1
357,613,1,1
358,304,1,1
359,1282,1,1
360,4721,1,1
361,1475,1,1
362,2746,1,1
363,1715,1,1
364,734,1,1
365,2108,1,1
366,1923,1,1
367,1465,1,1
368,2742,1,1
369,2117,1,1
370,1720,1,1
371,90,1,1
372,2731,1,1
373,1457,1,1
374,2725,1,1
375,2109,1,1
376,543,1,1
377,2102,1,1
378,712,1,1
379,231,1,1
380,2687,1,1
381,1708,1,1
382,1129,1,1
383,76,1,1
384,2065,1,1
385,1251,1,1
386,1248,1,1
387,725,1,1
388,2559,1,1
389,507,1,1
390,1942,1,1
391,1232,1,1
392,534,1,1
393,994,1,1
394,503,1,1
395,2448,1,1
396,846,1,1
397,1,160,10
398,1,1028,7
399,1,309,5
400,1,11,5
401,1,594,5
402,1,1316,5
403,1,1392,4
404,1,1583,4
405,1,888,4
406,1,637,4
407,1,1520,4
408,1,18,4
409,1,35,4
410,1,1901,3
411,1,44,3
412,1,10,3
413,1,783,3
414,1,821,3
415,1,112,3
416,1,964,3
417,1,89,3
418,1,20,3
419,1,256,3
420,1,223,3
421,1,1881,2
422,1,351,2
423,1,196,2
424,1,416,2
425,1,1877,2
426,1,87,2
427,1,2367,2
428,1,3254,2
429,1,1573,2
430,1,247,2
431,1,1353,2
432,1,493,2
433,1,1358,2
434,1,1177,2
435,1,1538,2
436,1,2296,2
437,1,222,2
438,1,2282,2
439,1,2113,2
440,1,2260,2
441,1,71,2
442,1,142,2
443,1,2249,2
444,1,1519,2
445,1,2227,2
446,1,1496,2
447,1,519,2
448,1,1493,2
449,1,1315,2
450,1,1750,2
451,1,156,2
452,1,9,2
453,1,1724,2
454,1,22,2
455,1,15,2
456,1,255,2
457,1,1267,2
458,1,1261,2
459,1,57,2
460,1,710,2
461,1,472,2
462,1,152,2
463,1,1952,2
464,1,1606,2
465,1,379,2
466,1,4,2
467,1,563,2
468,1,113,2
469,1,744,1
470,1,625,1
471,1,3422,1
472,1,3421,1
473,1,3418,1
474,1,3402,1
475,1,250,1
476,1,249,1
477,1,2427,1
478,1,3414,1
479,1,1590,1
480,1,3355,1
481,1,2305,1
482,1,1900,1
483,1,3385,1
484,1,1147,1
485,1,377,1
486,1,1072,1
487,1,96,1
488,1,118,1
489,1,3375,1
490,1,3367,1
491,1,1024,1
492,1,709,1
493,1,3349,1
494,1,1580,1
495,1,545,1
496,1,146,1
497,1,1198,1
498,1,1589,1
499,1,3341,1
500,1,3339,1
501,1,2402,1
502,1,2401,1
503,1,1382,1
504,1,3335,1
505,1,3317,1
506,1,3329,1
507,1,3332,1
508,1,3330,1
509,1,1867,1
510,1,1197,1
511,1,3319,1
512,1,1885,1
513,1,1862,1
514,1,1886,1
515,1,649,1
516,1,154,1
517,1,3316,1
518,1,617,1
519,1,3313,1
520,1,3300,1
521,1,1522,1
522,1,2391,1
523,1,896,1
524,1,3298,1
525,1,462,1
526,1,3295,1
527,1,432,1
528,1,3292,1
529,1,3290,1
530,1,2383,1
531,1,1195,1
532,1,3283,1
533,1,1875,1
534,1,3279,1
535,1,2378,1
536,1,1579,1
537,1,291,1
538,1,454,1
539,1,2375,1
540,1,292,1
541,1,158,1
542,1,3256,1
543,1,1846,1
544,1,3259,1
545,1,1066,1
546,1,1061,1
547,1,3253,1
548,1,1860,1
549,1,3247,1
550,1,2368,1
551,1,151,1
552,1,3245,1
553,1,1574,1
554,1,290,1
555,1,1570,1
556,1,3233,1
557,1,891,1
558,1,1856,1
559,1,115,1
560,1,3215,1
561,1,483,1
562,1,1365,1
563,1,3211,1
564,1,3210,1
565,1,3189,1
566,1,3193,1
567,1,1847,1
568,1,3202,1
569,1,2351,1
570,1,1063,1
571,1,2352,1
572,1,1051,1
573,1,3173,1
574,1,1843,1
575,1,3163,1
576,1,1186,1
577,1,7341,1
578,1,2342,1
579,1,3139,1
580,1,3167,1
581,1,459,1
582,1,2338,1
583,1,1842,1
584,1,2334,1
585,1,3156,1
586,1,817,1
587,1,1840,1
588,1,3141,1
589,1,1521,1
590,1,3149,1
591,1,2324,1
592,1,1839,1
593,1,3143,1
594,1,3148,1
595,1,3142,1
596,1,1060,1
597,1,7431,1
598,1,1355,1
599,1,3134,1
600,1,174,1
601,1,2315,1
602,1,1356,1
603,1,3124,1
604,1,1835,1
605,1,296,1
606,1,1180,1
607,1,3118,1
608,1,1542,1
609,1,3113,1
610,1,3111,1
611,1,3013,1
612,1,529,1
613,1,1826,1
614,1,3103,1
615,1,1822,1
616,1,3101,1
617,1,753,1
618,1,3083,1
619,1,3088,1
620,1,395,1
621,1,3084,1
622,1,333,1
623,1,1339,1
624,1,3068,1
625,1,3042,1
626,1,3078,1
627,1,596,1
628,1,1796,1
629,1,2281,1
630,1,3070,1
631,1,1442,1
632,1,3064,1
633,1,194,1
634,1,3062,1
635,1,701,1
636,1,3059,1
637,1,124,1
638,1,7427,1
639,1,3057,1
640,1,396,1
641,1,2276,1
642,1,2273,1
643,1,3048,1
644,1,523,1
645,1,2271,1
646,1,95,1
647,1,1525,1
648,1,2235,1
649,1,2261,1
650,1,1342,1
651,1,331,1
652,1,3027,1
653,1,3023,1
654,1,3026,1
655,1,373,1
656,1,68,1
657,1,1331,1
658,1,116,1
659,1,2147,1
660,1,3020,1
661,1,2252,1
662,1,179,1
663,1,3004,1
664,1,491,1
665,1,214,1
666,1,439,1
667,1,3010,1
668,1,2090,1
669,1,3006,1
670,1,810,1
671,1,1167,1
672,1,697,1
673,1,67,1
674,1,258,1
675,1,1793,1
676,1,3000,1
677,1,2999,1
678,1,1340,1
679,1,2996,1
680,1,2989,1
681,1,1043,1
682,1,554,1
683,1,1336,1
684,1,1337,1
685,1,2238,1
686,1,178,1
687,1,747,1
688,1,2966,1
689,1,2962,1
690,1,474,1
691,1,330,1
692,1,260,1
693,1,2952,1
694,1,455,1
695,1,2941,1
696,1,2947,1
697,1,2945,1
698,1,2942,1
699,1,623,1
700,1,1509,1
701,1,2926,1
702,1,29,1
703,1,2217,1
704,1,123,1
705,1,1510,1
706,1,1505,1
707,1,2927,1
708,1,804,1
709,1,2920,1
710,1,301,1
711,1,2782,1
712,1,2907,1
713,1,2909,1
714,1,958,1
715,1,1148,1
716,1,1502,1
717,1,2904,1
718,1,955,1
719,1,874,1
720,1,2898,1
721,1,1500,1
722,1,2198,1
723,1,1320,1
724,1,1760,1
725,1,1494,1
726,1,2178,1
727,1,2892,1
728,1,636,1
729,1,1034,1
730,1,276,1
731,1,2876,1
732,1,1318,1
733,1,259,1
734,1,2881,1
735,1,117,1
736,1,1492,1
737,1,2185,1
738,1,1313,1
739,1,1491,1
740,1,2870,1
741,1,1309,1
742,1,2181,1
743,1,2858,1
744,1,2177,1
745,1,1749,1
746,1,2848,1
747,1,1458,1
748,1,951,1
749,1,1029,1
750,1,2176,1
751,1,347,1
752,1,2846,1
753,1,2845,1
754,1,370,1
755,1,2173,1
756,1,2844,1
757,1,1302,1
758,1,2167,1
759,1,2837,1
760,1,517,1
761,1,2826,1
762,1,2166,1
763,1,2163,1
764,1,1742,1
765,1,2830,1
766,1,1295,1
767,1,2823,1
768,1,2632,1
769,1,2820,1
770,1,2814,1
771,1,796,1
772,1,1736,1
773,1,1025,1
774,1,1482,1
775,1,1483,1
776,1,2152,1
777,1,2810,1
778,1,2149,1
779,1,2808,1
780,1,2144,1
781,1,2806,1
782,1,1128,1
783,1,38,1
784,1,2801,1
785,1,736,1
786,1,2136,1
787,1,2795,1
788,1,2793,1
789,1,1288,1
790,1,1436,1
791,1,2498,1
792,1,7603,1
793,1,2786,1
794,1,2784,1
795,1,587,1
796,1,2783,1
797,1,2780,1
798,1,944,1
799,1,305,1
800,1,2779,1
801,1,2775,1
802,1,346,1
803,1,683,1
804,1,2772,1
805,1,2129,1
806,1,75,1
807,1,2771,1
808,1,175,1
809,1,1136,1
810,1,1283,1
811,1,2127,1
812,1,2767,1
813,1,2764,1
814,1,2763,1
815,1,2093,1
816,1,1284,1
817,1,72,1
818,1,264,1
819,1,2754,1
820,1,2756,1
821,1,1285,1
822,1,613,1
823,1,304,1
824,1,1282,1
825,1,4721,1
826,1,2752,1
827,1,2750,1
828,1,2746,1
829,1,586,1
830,1,2747,1
831,1,2119,1
832,1,1715,1
833,1,1475,1
834,1,734,1
835,1,2744,1
836,1,2108,1
837,1,1923,1
838,1,2743,1
839,1,1465,1
840,1,1720,1
841,1,2742,1
842,1,2117,1
843,1,90,1
844,1,2707,1
845,1,1457,1
846,1,2731,1
847,1,2725,1
848,1,2109,1
849,1,2713,1
850,1,155,1
851,1,543,1
852,1,2102,1
853,1,231,1
854,1,1708,1
855,1,2700,1
856,1,2687,1
857,1,1413,1
858,1,1129,1
859,1,2695,1
860,1,76,1
861,1,1445,1
862,1,2065,1
863,1,2619,1
864,1,2605,1
865,1,1251,1
866,1,2586,1
867,1,1117,1
868,1,300,1
869,1,1248,1
870,1,725,1
871,1,578,1
872,1,2559,1
873,1,507,1
874,1,1942,1
875,1,1232,1
876,1,42,1
877,1,534,1
878,1,994,1
879,1,503,1
880,1,2448,1
881,1,846,1
882,1,2,1
883,1,7348,-1
884,1,7425,-1
885,1,7557,-1
886,1,7589,-1
887,1368,2,10
888,164,2,10
889,244,2,10
890,62,2,10
891,2244,2,10
892,148,2,10
893,7403,2,10
894,52,2,10
895,264,2,10
896,159,2,10
897,66,2,10
898,20,2,10
899,60,2,10
900,585,2,10
901,97,2,10
902,2006,2,10
903,1421,2,10
904,353,2,10
905,42,2,10
906,37,2,10
907,51,2,9
908,185,2,9
909,38,2,9
910,7603,2,9
911,312,2,9
912,168,2,9
913,354,2,8
914,108,2,8
915,9,2,8
916,22,2,8
917,91,2,8
918,40,2,8
919,250,2,8
920,271,2,8
921,119,2,8
922,10,2,8
923,113,2,8
924,54,2,8
925,375,2,7
926,177,2,7
927,31,2,7
928,47,2,7
929,17,2,7
930,23,2,7
931,74,2,7
932,4,2,7
933,179,2,6
934,165,2,6
935,306,2,6
936,8,2,5
937,242,2,5
938,412,2,5
939,381,2,5
940,561,2,5
941,216,2,5
942,107,2,5
943,681,2,5
944,79,2,5
945,272,2,5
946,39,2,5
947,150,2,5
948,181,2,5
949,109,2,5
950,503,2,5
951,223,2,5
952,2404,2,4
953,24,2,4
954,19,2,4
955,7,2,4
956,348,2,4
957,11,2,4
958,473,2,4
959,1921,2,4
960,99,2,4
961,121,2,4
962,15,2,3
963,1380,2,3
964,30,2,3
965,73,2,3
966,85,2,3
967,189,2,3
968,787,2,3
969,133,2,3
970,1709,2,3
971,75,2,3
972,658,2,3
973,293,2,3
974,768,2,3
975,45,2,3
976,471,2,3
977,1632,2,3
978,281,2,2
979,269,2,2
980,96,2,2
981,2336,2,2
982,87,2,2
983,206,2,2
984,330,2,2
985,90,2,2
986,241,2,2
987,190,2,2
988,1494,2,2
989,7577,2,2
990,798,2,2
991,211,2,2
992,140,2,2
993,217,2,2
994,182,2,2
995,236,2,2
996,777,2,2
997,1098,2,2
998,106,2,2
999,237,2,2
1000,44,2,2
1001,1401,2,2
1002,1409,2,2
1003,769,2,2
1004,1209,2,2
1005,917,2,2
1006,710,2,2
1007,114,2,1
1008,2698,2,1
1009,1127,2,1
1010,249,2,1
1011,1009,2,1
1012,1386,2,1
1013,173,2,1
1014,126,2,1
1015,43,2,1
1016,222,2,1
1017,647,2,1
1018,58,2,1
1019,5,2,1
1020,1156,2,1
1021,553,2,1
1022,170,2,1
1023,93,2,1
1024,145,2,1
1025,1523,2,1
1026,350,2,1
1027,89,2,1
1028,77,2,1
1029,1785,2,1
1030,166,2,1
1031,489,2,1
1032,25,2,1
1033,161,2,1
1034,1475,2,1
1035,83,2,1
1036,117,2,1
1037,146,2,1
1038,277,2,1
1039,70,2,1
1040,1487,2,1
1041,67,2,1
1042,175,2,1
1043,270,2,1
1044,587,2,1
1045,871,2,1
1046,389,2,1
1047,544,2,1
1048,2631,2,1
1049,672,2,1
1050,137,2,1
1051,424,2,1
1052,65,2,1
1053,1693,2,1
1054,475,2,1
1055,35,2,1
1056,449,2,1
1057,1998,2,1
1058,1977,2,1
1059,915,2,1
1060,63,2,1
1061,1957,2,1
1062,1635,2,1
1063,508,2,1
1064,2499,2,1
1065,2497,2,1
1066,299,2,1
1067,1225,2,1
1068,1232,2,1
1069,238,2,1
1070,2488,2,1
1071,1936,2,1
1072,382,2,1
1073,355,2,1
1074,1090,2,1
1075,1222,2,1
1076,21,2,1
1077,564,2,1
1078,2459,2,1
1079,774,2,1
1080,209,2,1
1081,1922,2,1
1082,504,2,1
1083,987,2,1
1084,2446,2,1
1085,986,2,1
1086,1603,2,1
1087,379,2,1
1088,446,2,1
1089,436,2,1
1090,512,2,1
1091,2,37,10
1092,2,38,9
1093,2,168,9
1094,2,4,9
1095,2,20,8
1096,2,767,8
1097,2,23,8
1098,2,40,8
1099,2,91,8
1100,2,113,8
1101,2,54,8
1102,2,108,7
1103,2,469,7
1104,2,250,7
1105,2,271,7
1106,2,471,7
1107,2,185,6
1108,2,188,6
1109,2,31,6
1110,2,312,6
1111,2,74,6
1112,2,119,6
1113,2,8,5
1114,2,381,5
1115,2,223,5
1116,2,257,5
1117,2,47,5
1118,2,17,5
1119,2,9,5
1120,2,150,5
1121,2,7400,5
1122,2,263,5
1123,2,42,5
1124,2,109,5
1125,2,489,4
1126,2,145,4
1127,2,107,4
1128,2,22,4
1129,2,473,4
1130,2,99,4
1131,2,165,3
1132,2,24,3
1133,2,7,3
1134,2,189,3
1135,2,787,3
1136,2,264,3
1137,2,66,3
1138,2,562,3
1139,2,270,3
1140,2,871,3
1141,2,15,3
1142,2,137,3
1143,2,75,3
1144,2,353,3
1145,2,21,3
1146,2,658,3
1147,2,45,3
1148,2,121,3
1149,2,10,3
1150,2,164,2
1151,2,1380,2
1152,2,2404,2
1153,2,1691,2
1154,2,14,2
1155,2,13,2
1156,2,139,2
1157,2,206,2
1158,2,19,2
1159,2,318,2
1160,2,561,2
1161,2,51,2
1162,2,90,2
1163,2,241,2
1164,2,1494,2
1165,2,77,2
1166,2,133,2
1167,2,70,2
1168,2,211,2
1169,2,681,2
1170,2,272,2
1171,2,862,2
1172,2,140,2
1173,2,217,2
1174,2,182,2
1175,2,251,2
1176,2,1098,2
1177,2,106,2
1178,2,503,2
1179,2,1409,2
1180,2,446,2
1181,2,769,2
1182,2,1209,2
1183,2,917,2
1184,2,710,2
1185,2,1632,2
1186,2,2006,2
1187,2,2698,1
1188,2,1127,1
1189,2,647,1
1190,2,126,1
1191,2,43,1
1192,2,242,1
1193,2,87,1
1194,2,5,1
1195,2,111,1
1196,2,1156,1
1197,2,16,1
1198,2,412,1
1199,2,5342,1
1200,2,95,1
1201,2,85,1
1202,2,3,1
1203,2,219,1
1204,2,93,1
1205,2,18,1
1206,2,350,1
1207,2,268,1
1208,2,89,1
1209,2,1785,1
1210,2,306,1
1211,2,25,1
1212,2,161,1
1213,2,52,1
1214,2,97,1
1215,2,83,1
1216,2,117,1
1217,2,146,1
1218,2,2839,1
1219,2,1487,1
1220,2,67,1
1221,2,175,1
1222,2,587,1
1223,2,1475,1
1224,2,1709,1
1225,2,672,1
1226,2,39,1
1227,2,424,1
1228,2,1693,1
1229,2,35,1
1230,2,449,1
1231,2,1998,1
1232,2,1929,1
1233,2,1977,1
1234,2,236,1
1235,2,777,1
1236,2,63,1
1237,2,1957,1
1238,2,1635,1
1239,2,915,1
1240,2,65,1
1241,2,508,1
1242,2,2499,1
1243,2,2497,1
1244,2,299,1
1245,2,1421,1
1246,2,1225,1
1247,2,1232,1
1248,2,2488,1
1249,2,1936,1
1250,2,382,1
1251,2,355,1
1252,2,238,1
1253,2,1090,1
1254,2,1222,1
1255,2,564,1
1256,2,2459,1
1257,2,774,1
1258,2,420,1
1259,2,237,1
1260,2,209,1
1261,2,1922,1
1262,2,532,1
1263,2,504,1
1264,2,7401,1
1265,2,987,1
1266,2,2446,1
1267,2,200,1
1268,2,44,1
1269,2,986,1
1270,2,148,1
1271,2,1603,1
1272,2,379,1
1273,2,436,1
1274,2,512,1
1275,2,402,1
1276,2,11,-5
1277,2,7508,-5
1278,2,7552,-5
1279,2,7500,-10
1280,2,7482,-10
1281,2,7583,-10
1282,2,798,-10
1283,2,7577,-10
1284,2,7603,-10
1285,971,3,10
1286,92,3,10
1287,7336,3,10
1288,5,3,8
1289,1545,3,8
1290,103,3,8
1291,207,3,7
1292,43,3,7
1293,6,3,7
1294,7380,3,6
1295,333,3,6
1296,287,3,6
1297,754,3,6
1298,26,3,5
1299,34,3,5
1300,525,3,5
1301,545,3,5
1302,56,3,5
1303,1849,3,5
1304,557,3,5
1305,208,3,5
1306,1558,3,5
1307,2346,3,5
1308,974,3,5
1309,262,3,5
1310,2001,3,5
1311,142,3,5
1312,815,3,5
1313,120,3,5
1314,492,3,5
1315,1175,3,5
1316,32,3,5
1317,259,3,5
1318,177,3,5
1319,172,3,5
1320,1347,3,5
1321,1338,3,5
1322,105,3,4
1323,891,3,4
1324,818,3,4
1325,890,3,4
1326,347,3,4
1327,93,3,4
1328,1362,3,4
1329,1547,3,4
1330,351,3,4
1331,42,3,4
1332,123,3,4
1333,113,3,4
1334,1056,3,4
1335,2280,3,4
1336,879,3,4
1337,36,3,4
1338,590,3,3
1339,3254,3,3
1340,291,3,3
1341,3260,3,3
1342,1174,3,3
1343,3198,3,3
1344,460,3,3
1345,3200,3,3
1346,30,3,3
1347,589,3,3
1348,115,3,3
1349,433,3,3
1350,81,3,3
1351,7509,3,3
1352,973,3,3
1353,1555,3,3
1354,2334,3,3
1355,3154,3,3
1356,7595,3,3
1357,244,3,3
1358,1361,3,3
1359,2331,3,3
1360,1061,3,3
1361,21,3,3
1362,1356,3,3
1363,509,3,3
1364,969,3,3
1365,197,3,3
1366,493,3,3
1367,124,3,3
1368,621,3,3
1369,1036,3,3
1370,1054,3,3
1371,1818,3,3
1372,90,3,3
1373,358,3,3
1374,1339,3,3
1375,396,3,3
1376,748,3,3
1377,24,3,3
1378,13,3,3
1379,170,3,3
1380,2336,3,2
1381,88,3,2
1382,163,3,2
1383,158,3,2
1384,1576,3,2
1385,2353,3,2
1386,3221,3,2
1387,1358,3,2
1388,136,3,2
1389,1367,3,2
1390,7512,3,2
1391,757,3,2
1392,49,3,2
1393,646,3,2
1394,190,3,2
1395,1839,3,2
1396,2328,3,2
1397,1360,3,2
1398,7377,3,2
1399,7431,3,2
1400,2321,3,2
1401,125,3,2
1402,174,3,2
1403,1548,3,2
1404,1837,3,2
1405,173,3,2
1406,1834,3,2
1407,107,3,2
1408,703,3,2
1409,1456,3,2
1410,7406,3,2
1411,1832,3,2
1412,242,3,2
1413,3105,3,2
1414,641,3,2
1415,320,3,2
1416,955,3,2
1417,885,3,2
1418,632,3,2
1419,2300,3,2
1420,702,3,2
1421,228,3,2
1422,752,3,2
1423,2291,3,2
1424,656,3,2
1425,877,3,2
1426,7,3,2
1427,1043,3,2
1428,2293,3,1
1429,58,3,1
1430,290,3,1
1431,87,3,1
1432,72,3,1
1433,650,3,1
1434,3328,3,1
1435,720,3,1
1436,1379,3,1
1437,219,3,1
1438,19,3,1
1439,309,3,1
1440,3275,3,1
1441,1336,3,1
1442,345,3,1
1443,336,3,1
1444,295,3,1
1445,154,3,1
1446,1375,3,1
1447,97,3,1
1448,435,3,1
1449,7390,3,1
1450,753,3,1
1451,12,3,1
1452,1853,3,1
1453,1184,3,1
1454,1064,3,1
1455,1560,3,1
1456,988,3,1
1457,7341,3,1
1458,203,3,1
1459,976,3,1
1460,1063,3,1
1461,289,3,1
1462,454,3,1
1463,7394,3,1
1464,3203,3,1
1465,1844,3,1
1466,2053,3,1
1467,1363,3,1
1468,3181,3,1
1469,288,3,1
1470,2263,3,1
1471,111,3,1
1472,1843,3,1
1473,774,3,1
1474,3132,3,1
1475,1059,3,1
1476,2332,3,1
1477,691,3,1
1478,1550,3,1
1479,1060,3,1
1480,286,3,1
1481,205,3,1
1482,1359,3,1
1483,1459,3,1
1484,2315,3,1
1485,135,3,1
1486,1835,3,1
1487,10,3,1
1488,7432,3,1
1489,1815,3,1
1490,3127,3,1
1491,1836,3,1
1492,296,3,1
1493,266,3,1
1494,2311,3,1
1495,40,3,1
1496,1129,3,1
1497,1147,3,1
1498,2308,3,1
1499,331,3,1
1500,27,3,1
1501,755,3,1
1502,2306,3,1
1503,5679,3,1
1504,1790,3,1
1505,1523,3,1
1506,63,3,1
1507,937,3,1
1508,100,3,1
1509,53,3,1
1510,2298,3,1
1511,3087,3,1
1512,1274,3,1
1513,227,3,1
1514,1348,3,1
1515,75,3,1
1516,2295,3,1
1517,394,3,1
1518,3043,3,1
1519,2285,3,1
1520,1536,3,1
1521,883,3,1
1522,8,3,1
1523,199,3,1
1524,2290,3,1
1525,11,3,1
1526,1816,3,1
1527,62,3,1
1528,95,3,1
1529,701,3,1
1530,1524,3,1
1531,1169,3,1
1532,749,3,1
1533,876,3,1
1534,33,3,-2
1535,3,5,8
1536,3,92,8
1537,3,6,8
1538,3,207,6
1539,3,123,6
1540,3,287,6
1541,3,103,6
1542,3,34,5
1543,3,56,5
1544,3,142,5
1545,3,120,5
1546,3,351,5
1547,3,333,5
1548,3,43,5
1549,3,32,5
1550,3,1338,5
1551,3,170,5
1552,3,105,4
1553,3,818,4
1554,3,208,4
1555,3,974,4
1556,3,347,4
1557,3,93,4
1558,3,973,4
1559,3,1362,4
1560,3,1547,4
1561,3,509,4
1562,3,197,4
1563,3,1545,4
1564,3,1056,4
1565,3,492,4
1566,3,2280,4
1567,3,879,4
1568,3,36,4
1569,3,259,4
1570,3,19,3
1571,3,291,3
1572,3,891,3
1573,3,460,3
1574,3,30,3
1575,3,557,3
1576,3,1849,3
1577,3,136,3
1578,3,1558,3
1579,3,115,3
1580,3,31,3
1581,3,890,3
1582,3,262,3
1583,3,190,3
1584,3,1555,3
1585,3,7595,3
1586,3,1361,3
1587,3,971,3
1588,3,1359,3
1589,3,1061,3
1590,3,1356,3
1591,3,42,3
1592,3,493,3
1593,3,331,3
1594,3,124,3
1595,3,1824,3
1596,3,621,3
1597,3,1036,3
1598,3,754,3
1599,3,1054,3
1600,3,702,3
1601,3,1818,3
1602,3,90,3
1603,3,396,3
1604,3,24,3
1605,3,13,3
1606,3,88,2
1607,3,163,2
1608,3,158,2
1609,3,590,2
1610,3,247,2
1611,3,3254,2
1612,3,1576,2
1613,3,7380,2
1614,3,7525,2
1615,3,2353,2
1616,3,638,2
1617,3,1174,2
1618,3,525,2
1619,3,289,2
1620,3,1363,2
1621,3,2346,2
1622,3,7512,2
1623,3,81,2
1624,3,7509,2
1625,3,646,2
1626,3,162,2
1627,3,1839,2
1628,3,21,2
1629,3,244,2
1630,3,1360,2
1631,3,7377,2
1632,3,2321,2
1633,3,174,2
1634,3,1548,2
1635,3,1834,2
1636,3,107,2
1637,3,969,2
1638,3,886,2
1639,3,1832,2
1640,3,641,2
1641,3,2306,2
1642,3,1790,2
1643,3,1523,2
1644,3,63,2
1645,3,937,2
1646,3,632,2
1647,3,2300,2
1648,3,1175,2
1649,3,752,2
1650,3,2295,2
1651,3,394,2
1652,3,2291,2
1653,3,1536,2
1654,3,358,2
1655,3,1339,2
1656,3,748,2
1657,3,1816,2
1658,3,7,2
1659,3,29,2
1660,3,7336,2
1661,3,1347,2
1662,3,290,1
1663,3,87,1
1664,3,72,1
1665,3,3328,1
1666,3,720,1
1667,3,650,1
1668,3,1379,1
1669,3,309,1
1670,3,3275,1
1671,3,1336,1
1672,3,345,1
1673,3,295,1
1674,3,3260,1
1675,3,1375,1
1676,3,97,1
1677,3,2903,1
1678,3,7390,1
1679,3,12,1
1680,3,753,1
1681,3,1853,1
1682,3,1184,1
1683,3,3221,1
1684,3,1560,1
1685,3,1358,1
1686,3,7341,1
1687,3,203,1
1688,3,3198,1
1689,3,976,1
1690,3,1063,1
1691,3,454,1
1692,3,3203,1
1693,3,3200,1
1694,3,1367,1
1695,3,433,1
1696,3,2053,1
1697,3,3181,1
1698,3,288,1
1699,3,2263,1
1700,3,757,1
1701,3,49,1
1702,3,111,1
1703,3,1843,1
1704,3,2336,1
1705,3,774,1
1706,3,3132,1
1707,3,1059,1
1708,3,2332,1
1709,3,2334,1
1710,3,3154,1
1711,3,691,1
1712,3,2328,1
1713,3,1550,1
1714,3,1060,1
1715,3,286,1
1716,3,2331,1
1717,3,205,1
1718,3,7431,1
1719,3,1459,1
1720,3,2315,1
1721,3,27,1
1722,3,1837,1
1723,3,135,1
1724,3,1835,1
1725,3,173,1
1726,3,125,1
1727,3,815,1
1728,3,10,1
1729,3,7432,1
1730,3,1815,1
1731,3,3127,1
1732,3,1836,1
1733,3,296,1
1734,3,266,1
1735,3,703,1
1736,3,1456,1
1737,3,7406,1
1738,3,242,1
1739,3,3105,1
1740,3,2311,1
1741,3,320,1
1742,3,40,1
1743,3,1129,1
1744,3,1147,1
1745,3,2308,1
1746,3,955,1
1747,3,755,1
1748,3,5679,1
1749,3,885,1
1750,3,100,1
1751,3,53,1
1752,3,2298,1
1753,3,3087,1
1754,3,228,1
1755,3,1274,1
1756,3,227,1
1757,3,1348,1
1758,3,75,1
1759,3,2285,1
1760,3,883,1
1761,3,8,1
1762,3,199,1
1763,3,2290,1
1764,3,11,1
1765,3,656,1
1766,3,62,1
1767,3,877,1
1768,3,95,1
1769,3,701,1
1770,3,1524,1
1771,3,1043,1
1772,3,116,1
1773,3,749,1
1774,3,3049,1
1775,3,876,1
1776,3,172,-1
1777,3,7604,-10
1778,97,4,10
1779,215,4,10
1780,479,4,10
1781,302,4,10
1782,39,4,10
1783,381,4,10
1784,148,4,10
1785,7603,4,9
1786,40,4,9
1787,312,4,9
1788,31,4,8
1789,131,4,8
1790,859,4,7
1791,437,4,7
1792,23,4,7
1793,37,4,7
1794,136,4,6
1795,25,4,6
1796,9,4,6
1797,777,4,6
1798,1398,4,6
1799,17,4,5
1800,77,4,5
1801,1445,4,5
1802,1009,4,5
1803,423,4,5
1804,510,4,5
1805,65,4,5
1806,420,4,5
1807,63,4,5
1808,224,4,5
1809,7582,4,5
1810,16,4,5
1811,311,4,5
1812,562,4,5
1813,223,4,5
1814,1230,4,5
1815,74,4,5
1816,54,4,5
1817,113,4,5
1818,119,4,5
1819,683,4,4
1820,231,4,4
1821,1239,4,4
1822,72,4,4
1823,567,4,4
1824,508,4,4
1825,139,4,4
1826,466,4,4
1827,534,4,4
1828,1085,4,4
1829,236,4,4
1830,771,4,4
1831,150,4,4
1832,106,4,4
1833,561,4,4
1834,768,4,4
1835,121,4,4
1836,168,4,4
1837,1270,4,3
1838,159,4,3
1839,177,4,3
1840,1264,4,3
1841,578,4,3
1842,3774,4,3
1843,1003,4,3
1844,367,4,3
1845,1107,4,3
1846,661,4,3
1847,274,4,3
1848,654,4,3
1849,910,4,3
1850,1091,4,3
1851,1401,4,3
1852,84,4,3
1853,531,4,3
1854,237,4,3
1855,270,4,3
1856,45,4,3
1857,501,4,3
1858,710,4,3
1859,91,4,3
1860,583,4,2
1861,1702,4,2
1862,3356,4,2
1863,95,4,2
1864,22,4,2
1865,21,4,2
1866,11,4,2
1867,47,4,2
1868,156,4,2
1869,733,4,2
1870,356,4,2
1871,1678,4,2
1872,1010,4,2
1873,7596,4,2
1874,781,4,2
1875,2017,4,2
1876,2002,4,2
1877,572,4,2
1878,202,4,2
1879,664,4,2
1880,1636,4,2
1881,181,4,2
1882,326,4,2
1883,341,4,2
1884,538,4,2
1885,88,4,2
1886,1233,4,2
1887,111,4,2
1888,2492,4,2
1889,536,4,2
1890,1621,4,2
1891,1415,4,2
1892,323,4,2
1893,1611,4,2
1894,609,4,2
1895,353,4,2
1896,366,4,2
1897,848,4,2
1898,1602,4,2
1899,365,4,2
1900,249,4,2
1901,419,4,2
1902,841,4,2
1903,468,4,2
1904,193,4,2
1905,917,4,2
1906,250,4,2
1907,99,4,2
1908,1816,4,1
1909,2103,4,1
1910,2405,4,1
1911,394,4,1
1912,227,4,1
1913,396,4,1
1914,411,4,1
1915,1054,4,1
1916,807,4,1
1917,178,4,1
1918,67,4,1
1919,1038,4,1
1920,489,4,1
1921,347,4,1
1922,38,4,1
1923,265,4,1
1924,2201,4,1
1925,361,4,1
1926,1295,4,1
1927,1737,4,1
1928,1139,4,1
1929,386,4,1
1930,140,4,1
1931,117,4,1
1932,727,4,1
1933,2001,4,1
1934,449,4,1
1935,1108,4,1
1936,1642,4,1
1937,1109,4,1
1938,918,4,1
1939,2511,4,1
1940,570,4,1
1941,716,4,1
1942,313,4,1
1943,718,4,1
1944,1615,4,1
1945,1218,4,1
1946,1086,4,1
1947,2485,4,1
1948,109,4,1
1949,7569,4,1
1950,1088,4,1
1951,535,4,1
1952,2467,4,1
1953,2468,4,1
1954,2465,4,1
1955,401,4,1
1956,772,4,1
1957,2454,4,1
1958,773,4,1
1959,711,4,1
1960,7550,4,1
1961,842,4,1
1962,153,4,1
1963,2442,4,1
1964,840,4,1
1965,2439,4,1
1966,379,4,1
1967,1908,4,1
1968,512,4,1
1969,251,4,1
1970,1087,4,1
1971,1909,4,1
1972,446,4,1
1973,532,4,1
1974,1209,4,1
1975,439,4,1
1976,10,4,1
1977,4,302,6
1978,4,7552,6
1979,4,168,6
1980,4,77,5
1981,4,423,5
1982,4,381,5
1983,4,63,5
1984,4,150,5
1985,4,311,5
1986,4,23,5
1987,4,148,5
1988,4,562,5
1989,4,45,5
1990,4,131,5
1991,4,501,5
1992,4,40,5
1993,4,91,5
1994,4,54,5
1995,4,119,5
1996,4,312,5
1997,4,626,4
1998,4,136,4
1999,4,31,4
2000,4,17,4
2001,4,683,4
2002,4,74,4
2003,4,479,4
2004,4,39,4
2005,4,1239,4
2006,4,1109,4
2007,4,510,4
2008,4,777,4
2009,4,65,4
2010,4,508,4
2011,4,534,4
2012,4,420,4
2013,4,7401,4
2014,4,437,4
2015,4,16,4
2016,4,223,4
2017,4,106,4
2018,4,1230,4
2019,4,37,4
2020,4,1270,3
2021,4,159,3
2022,4,25,3
2023,4,177,3
2024,4,11,3
2025,4,21,3
2026,4,215,3
2027,4,1678,3
2028,4,1445,3
2029,4,578,3
2030,4,1009,3
2031,4,572,3
2032,4,202,3
2033,4,97,3
2034,4,1108,3
2035,4,1107,3
2036,4,1398,3
2037,4,567,3
2038,4,274,3
2039,4,654,3
2040,4,661,3
2041,4,466,3
2042,4,910,3
2043,4,1091,3
2044,4,1602,3
2045,4,365,3
2046,4,841,3
2047,4,84,3
2048,4,379,3
2049,4,251,3
2050,4,917,3
2051,4,270,3
2052,4,561,3
2053,4,710,3
2054,4,121,3
2055,4,113,3
2056,4,583,2
2057,4,1702,2
2058,4,95,2
2059,4,1691,2
2060,4,489,2
2061,4,2201,2
2062,4,361,2
2063,4,47,2
2064,4,9,2
2065,4,386,2
2066,4,140,2
2067,4,7327,2
2068,4,1264,2
2069,4,356,2
2070,4,2024,2
2071,4,727,2
2072,4,1010,2
2073,4,781,2
2074,4,2017,2
2075,4,2002,2
2076,4,3774,2
2077,4,664,2
2078,4,1003,2
2079,4,367,2
2080,4,181,2
2081,4,1634,2
2082,4,326,2
2083,4,538,2
2084,4,88,2
2085,4,1233,2
2086,4,72,2
2087,4,1615,2
2088,4,536,2
2089,4,1621,2
2090,4,1415,2
2091,4,323,2
2092,4,1611,2
2093,4,1088,2
2094,4,609,2
2095,4,1085,2
2096,4,236,2
2097,4,145,2
2098,4,366,2
2099,4,771,2
2100,4,711,2
2101,4,380,2
2102,4,153,2
2103,4,419,2
2104,4,468,2
2105,4,193,2
2106,4,237,2
2107,4,250,2
2108,4,768,2
2109,4,439,2
2110,4,99,2
2111,4,1816,1
2112,4,2103,1
2113,4,3356,1
2114,4,2405,1
2115,4,227,1
2116,4,396,1
2117,4,411,1
2118,4,1054,1
2119,4,807,1
2120,4,2997,1
2121,4,178,1
2122,4,67,1
2123,4,1038,1
2124,4,521,1
2125,4,347,1
2126,4,1322,1
2127,4,265,1
2128,4,2868,1
2129,4,1025,1
2130,4,1295,1
2131,4,1737,1
2132,4,1139,1
2133,4,156,1
2134,4,35,1
2135,4,2740,1
2136,4,733,1
2137,4,26,1
2138,4,2709,1
2139,4,117,1
2140,4,859,1
2141,4,2001,1
2142,4,1636,1
2143,4,1642,1
2144,4,918,1
2145,4,2511,1
2146,4,341,1
2147,4,570,1
2148,4,716,1
2149,4,313,1
2150,4,718,1
2151,4,111,1
2152,4,2492,1
2153,4,1218,1
2154,4,1086,1
2155,4,2485,1
2156,4,109,1
2157,4,139,1
2158,4,535,1
2159,4,2467,1
2160,4,2468,1
2161,4,2465,1
2162,4,401,1
2163,4,353,1
2164,4,224,1
2165,4,772,1
2166,4,2454,1
2167,4,848,1
2168,4,773,1
2169,4,842,1
2170,4,249,1
2171,4,2442,1
2172,4,7550,1
2173,4,840,1
2174,4,2439,1
2175,4,1908,1
2176,4,512,1
2177,4,531,1
2178,4,1087,1
2179,4,1909,1
2180,4,446,1
2181,4,532,1
2182,4,1209,1
2183,4,10,1
2184,4,231,-1
2185,4,7589,-1
2186,4,7569,-1
2187,4,7582,-1
2188,4,211,-5
2189,4,7596,-10
2190,603,5,10
2191,191,5,10
2192,11,5,10
2193,68,5,10
2194,67,5,10
2195,248,5,10
2196,372,5,10
2197,42,5,9
2198,13,5,8
2199,19,5,8
2200,53,5,8
2201,163,5,7
2202,433,5,7
2203,31,5,6
2204,43,5,6
2205,557,5,6
2206,49,5,6
2207,58,5,5
2208,435,5,5
2209,32,5,5
2210,6,5,5
2211,158,5,5
2212,982,5,5
2213,100,5,5
2214,97,5,5
2215,7380,5,4
2216,24,5,4
2217,291,5,4
2218,1372,5,4
2219,818,5,4
2220,103,5,4
2221,335,5,4
2222,1192,5,4
2223,174,5,4
2224,893,5,4
2225,59,5,4
2226,12,5,4
2227,81,5,4
2228,904,5,3
2229,349,5,3
2230,36,5,3
2231,29,5,3
2232,85,5,3
2233,33,5,3
2234,61,5,3
2235,826,5,3
2236,122,5,3
2237,242,5,3
2238,197,5,3
2239,1872,5,3
2240,391,5,3
2241,1068,5,3
2242,88,5,3
2243,115,5,3
2244,7591,5,2
2245,96,5,2
2246,125,5,2
2247,82,5,2
2248,92,5,2
2249,178,5,2
2250,250,5,2
2251,3307,5,2
2252,3206,5,2
2253,26,5,2
2254,434,5,2
2255,118,5,2
2256,597,5,2
2257,309,5,2
2258,135,5,2
2259,684,5,2
2260,288,5,2
2261,1375,5,2
2262,801,5,2
2263,1373,5,2
2264,110,5,2
2265,7126,5,1
2266,222,5,1
2267,1535,5,1
2268,528,5,1
2269,198,5,1
2270,460,5,1
2271,238,5,1
2272,3336,5,1
2273,602,5,1
2274,47,5,1
2275,154,5,1
2276,641,5,1
2277,2395,5,1
2278,22,5,1
2279,599,5,1
2280,30,5,1
2281,245,5,1
2282,120,5,1
2283,1819,5,1
2284,3309,5,1
2285,310,5,1
2286,8,5,1
2287,774,5,1
2288,695,5,1
2289,1156,5,1
2290,280,5,1
2291,27,5,1
2292,1909,5,1
2293,3009,5,1
2294,462,5,1
2295,146,5,1
2296,2386,5,1
2297,484,5,1
2298,2354,5,1
2299,1194,5,1
2300,2333,5,1
2301,825,5,1
2302,1065,5,1
2303,292,5,1
2304,1378,5,1
2305,136,5,1
2306,93,5,1
2307,1868,5,1
2308,336,5,1
2309,216,5,1
2310,3254,5,1
2311,1854,5,1
2312,1376,5,1
2313,172,5,1
2314,692,5,1
2315,7444,5,1
2316,1859,5,1
2317,1832,5,1
2318,890,5,1
2319,3236,5,1
2320,7341,5,1
2321,988,5,1
2322,156,5,1
2323,2363,5,1
2324,3231,5,1
2325,2320,5,1
2326,706,5,1
2327,1491,5,1
2328,2335,5,1
2329,141,5,1
2330,395,5,1
2331,203,5,1
2332,289,5,1
2333,7531,5,-10
2334,5,67,8
2335,5,19,8
2336,5,8,8
2337,5,46,7
2338,5,13,7
2339,5,248,7
2340,5,6,6
2341,5,31,6
2342,5,53,6
2343,5,32,5
2344,5,435,5
2345,5,191,5
2346,5,100,5
2347,5,242,5
2348,5,68,5
2349,5,163,5
2350,5,335,5
2351,5,174,5
2352,5,42,5
2353,5,433,5
2354,5,59,4
2355,5,36,4
2356,5,58,4
2357,5,982,4
2358,5,49,4
2359,5,43,4
2360,5,291,4
2361,5,818,4
2362,5,557,4
2363,5,81,4
2364,5,85,3
2365,5,24,3
2366,5,61,3
2367,5,158,3
2368,5,826,3
2369,5,122,3
2370,5,1872,3
2371,5,391,3
2372,5,1068,3
2373,5,88,3
2374,5,893,3
2375,5,115,3
2376,5,12,3
2377,5,47,2
2378,5,96,2
2379,5,250,2
2380,5,29,2
2381,5,641,2
2382,5,26,2
2383,5,434,2
2384,5,118,2
2385,5,309,2
2386,5,1372,2
2387,5,135,2
2388,5,288,2
2389,5,1375,2
2390,5,262,2
2391,5,1192,2
2392,5,1373,2
2393,5,1535,1
2394,5,198,1
2395,5,125,1
2396,5,82,1
2397,5,92,1
2398,5,460,1
2399,5,238,1
2400,5,178,1
2401,5,3336,1
2402,5,602,1
2403,5,3307,1
2404,5,154,1
2405,5,2395,1
2406,5,599,1
2407,5,3206,1
2408,5,245,1
2409,5,120,1
2410,5,1819,1
2411,5,3309,1
2412,5,310,1
2413,5,774,1
2414,5,695,1
2415,5,1156,1
2416,5,280,1
2417,5,27,1
2418,5,1909,1
2419,5,33,1
2420,5,3009,1
2421,5,462,1
2422,5,146,1
2423,5,2386,1
2424,5,597,1
2425,5,2360,1
2426,5,2354,1
2427,5,1194,1
2428,5,2333,1
2429,5,825,1
2430,5,1065,1
2431,5,1378,1
2432,5,136,1
2433,5,97,1
2434,5,93,1
2435,5,1868,1
2436,5,684,1
2437,5,336,1
2438,5,216,1
2439,5,1854,1
2440,5,1376,1
2441,5,801,1
2442,5,103,1
2443,5,692,1
2444,5,7444,1
2445,5,1859,1
2446,5,1832,1
2447,5,1359,1
2448,5,890,1
2449,5,3236,1
2450,5,7341,1
2451,5,988,1
2452,5,2363,1
2453,5,3231,1
2454,5,979,1
2455,5,706,1
2456,5,156,1
2457,5,1491,1
2458,5,2335,1
2459,5,395,1
2460,5,203,1
2461,5,289,1
2462,5,7568,-1
2463,5,1551,-1
2464,5,1176,-1
2465,5,2397,-1
2466,5,7559,-5
2467,5,2408,-8
2468,5,7578,-10
2469,5,7591,-10
2470,5,416,-10
2471,5,7503,-10
2472,5,7480,-10
2473,5,2336,-10
2474,5,7479,-10
2475,5,7510,-10
2476,5,7532,-10
2477,5,7522,-10
2478,5,7523,-10
2479,5,338,-10
2480,5,7544,-10
2481,5,11,-10
2482,5,7406,-10
2483,5,7447,-10
2484,5,7521,-10
2485,5,7477,-10
2486,5,384,-10
2487,5,7575,-10
2488,5,255,-10
2489,5,7550,-10
2490,5,3516,-10
2491,5,7423,-10
2492,5,7485,-10
2493,5,759,-10
2494,5,946,-10
2495,5,7585,-10
2496,5,7563,-10
2497,5,3133,-10
2498,5,7433,-10
2499,5,7516,-10
2500,5,7380,-10
2501,5,197,-10
2502,5,7457,-10
2503,5,3254,-10
2504,5,314,-10
2505,5,7514,-10
2506,3305,6,10
2507,524,6,10
2508,36,6,10
2509,112,6,9
2510,56,6,9
2511,31,6,8
2512,100,6,8
2513,227,6,8
2514,177,6,8
2515,809,6,7
2516,92,6,7
2517,32,6,7
2518,19,6,6
2519,1057,6,6
2520,1541,6,6
2521,394,6,6
2522,11,6,6
2523,207,6,5
2524,12,6,5
2525,49,6,5
2526,59,6,5
2527,1371,6,5
2528,1571,6,5
2529,1185,6,5
2530,208,6,5
2531,90,6,5
2532,25,6,5
2533,1566,6,4
2534,557,6,4
2535,810,6,4
2536,198,6,4
2537,75,6,4
2538,29,6,4
2539,287,6,4
2540,1350,6,4
2541,734,6,4
2542,15,6,3
2543,1380,6,3
2544,185,6,3
2545,549,6,3
2546,266,6,3
2547,214,6,3
2548,526,6,3
2549,1064,6,3
2550,8,6,3
2551,431,6,3
2552,701,6,3
2553,33,6,3
2554,1361,6,3
2555,305,6,3
2556,1546,6,3
2557,95,6,3
2558,27,6,3
2559,1461,6,2
2560,458,6,2
2561,826,6,2
2562,1374,6,2
2563,7420,6,2
2564,2376,6,2
2565,7444,6,2
2566,168,6,2
2567,3222,6,2
2568,190,6,2
2569,754,6,2
2570,3158,6,2
2571,2326,6,2
2572,728,6,2
2573,278,6,2
2574,1542,6,2
2575,1830,6,2
2576,7,6,2
2577,124,6,2
2578,24,6,2
2579,280,6,2
2580,20,6,2
2581,7415,6,1
2582,295,6,1
2583,104,6,1
2584,245,6,1
2585,1157,6,1
2586,47,6,1
2587,150,6,1
2588,123,6,1
2589,2352,6,1
2590,330,6,1
2591,163,6,1
2592,2384,6,1
2593,2371,6,1
2594,306,6,1
2595,706,6,1
2596,1578,6,1
2597,115,6,1
2598,3176,6,1
2599,632,6,1
2600,815,6,1
2601,7390,6,1
2602,3155,6,1
2603,818,6,1
2604,1254,6,1
2605,1555,6,1
2606,1179,6,1
2607,1055,6,1
2608,7554,6,1
2609,106,6,1
2610,116,6,1
2611,107,6,1
2612,522,6,1
2613,1152,6,1
2614,244,6,1
2615,3112,6,1
2616,492,6,1
2617,331,6,1
2618,85,6,1
2619,1056,6,1
2620,3096,6,1
2621,3066,6,1
2622,188,6,1
2623,53,6,1
2624,3092,6,1
2625,16,6,1
2626,750,6,1
2627,1346,6,1
2628,203,6,1
2629,545,6,1
2630,149,6,1
2631,2292,6,1
2632,113,6,1
2633,117,6,1
2634,44,6,1
2635,519,6,1
2636,1776,6,1
2637,40,6,1
2638,7528,6,1
2639,30,6,1
2640,133,6,1
2641,1450,6,1
2642,408,6,1
2643,6,138,10
2644,6,56,9
2645,6,31,8
2646,6,1069,7
2647,6,809,7
2648,6,112,7
2649,6,227,7
2650,6,19,6
2651,6,1057,6
2652,6,394,6
2653,6,36,6
2654,6,32,6
2655,6,1395,5
2656,6,1371,5
2657,6,41,5
2658,6,59,4
2659,6,1546,4
2660,6,198,4
2661,6,75,4
2662,6,524,4
2663,6,287,4
2664,6,1350,4
2665,6,734,4
2666,6,207,3
2667,6,1571,3
2668,6,1185,3
2669,6,1566,3
2670,6,208,3
2671,6,8,3
2672,6,95,3
2673,6,11,3
2674,6,25,3
2675,6,92,3
2676,6,27,3
2677,6,549,2
2678,6,49,2
2679,6,306,2
2680,6,7444,2
2681,6,168,2
2682,6,1064,2
2683,6,557,2
2684,6,431,2
2685,6,162,2
2686,6,2326,2
2687,6,100,2
2688,6,278,2
2689,6,1542,2
2690,6,728,2
2691,6,7,2
2692,6,1541,2
2693,6,24,2
2694,6,113,2
2695,6,280,2
2696,6,330,2
2697,6,20,2
2698,6,1461,1
2699,6,7415,1
2700,6,295,1
2701,6,458,1
2702,6,185,1
2703,6,47,1
2704,6,826,1
2705,6,3365,1
2706,6,1157,1
2707,6,1374,1
2708,6,150,1
2709,6,1865,1
2710,6,12,1
2711,6,123,1
2712,6,2352,1
2713,6,3305,1
2714,6,163,1
2715,6,266,1
2716,6,1380,1
2717,6,2384,1
2718,6,214,1
2719,6,7420,1
2720,6,2371,1
2721,6,638,1
2722,6,706,1
2723,6,526,1
2724,6,3229,1
2725,6,1560,1
2726,6,115,1
2727,6,3222,1
2728,6,3192,1
2729,6,3176,1
2730,6,190,1
2731,6,754,1
2732,6,815,1
2733,6,810,1
2734,6,3155,1
2735,6,818,1
2736,6,7390,1
2737,6,1254,1
2738,6,3158,1
2739,6,1555,1
2740,6,1179,1
2741,6,1178,1
2742,6,1361,1
2743,6,701,1
2744,6,1055,1
2745,6,305,1
2746,6,106,1
2747,6,116,1
2748,6,107,1
2749,6,522,1
2750,6,1152,1
2751,6,1830,1
2752,6,244,1
2753,6,3112,1
2754,6,492,1
2755,6,331,1
2756,6,85,1
2757,6,124,1
2758,6,1056,1
2759,6,43,1
2760,6,3096,1
2761,6,3066,1
2762,6,53,1
2763,6,3092,1
2764,6,7551,1
2765,6,16,1
2766,6,1346,1
2767,6,203,1
2768,6,545,1
2769,6,149,1
2770,6,2292,1
2771,6,117,1
2772,6,44,1
2773,6,519,1
2774,6,1776,1
2775,6,642,1
2776,6,40,1
2777,6,30,1
2778,6,7528,1
2779,6,133,1
2780,6,39,1
2781,6,1450,1
2782,6,408,1
2783,6,177,-2
2784,6,7552,-10
2785,6,7604,-10
2786,6,90,-10
2787,6,7554,-10
2788,6,7587,-10
2789,174,7,10
2790,30,7,10
2791,36,7,10
2792,7517,7,10
2793,7536,7,10
2794,142,7,10
2795,1151,7,10
2796,429,7,9
2797,95,7,8
2798,266,7,8
2799,956,7,7
2800,638,7,7
2801,31,7,6
2802,203,7,6
2803,757,7,5
2804,5342,7,5
2805,391,7,5
2806,1178,7,5
2807,492,7,5
2808,640,7,5
2809,75,7,5
2810,2211,7,5
2811,11,7,5
2812,370,7,5
2813,25,7,4
2814,111,7,4
2815,124,7,4
2816,809,7,4
2817,8,7,4
2818,484,7,4
2819,190,7,4
2820,98,7,4
2821,58,7,3
2822,96,7,3
2823,173,7,3
2824,26,7,3
2825,27,7,3
2826,1346,7,3
2827,172,7,3
2828,5679,7,3
2829,877,7,3
2830,696,7,3
2831,549,7,3
2832,113,7,3
2833,878,7,3
2834,100,7,3
2835,801,7,3
2836,1782,7,3
2837,47,7,3
2838,156,7,3
2839,1036,7,3
2840,51,7,3
2841,197,7,3
2842,1768,7,3
2843,1310,7,3
2844,191,7,2
2845,417,7,2
2846,1064,7,2
2847,2336,7,2
2848,666,7,2
2849,87,7,2
2850,980,7,2
2851,645,7,2
2852,371,7,2
2853,7562,7,2
2854,1171,7,2
2855,110,7,2
2856,752,7,2
2857,123,7,2
2858,1152,7,2
2859,684,7,2
2860,750,7,2
2861,879,7,2
2862,2981,7,2
2863,13,7,2
2864,161,7,2
2865,946,7,2
2866,356,7,2
2867,506,7,2
2868,318,7,2
2869,21,7,2
2870,1325,7,2
2871,216,7,2
2872,2922,7,2
2873,24,7,2
2874,1309,7,2
2875,686,7,2
2876,1287,7,2
2877,1495,7,2
2878,2192,7,2
2879,2866,7,2
2880,497,7,1
2881,1180,7,1
2882,2361,7,1
2883,3378,7,1
2884,345,7,1
2885,85,7,1
2886,1057,7,1
2887,2381,7,1
2888,7585,7,1
2889,1185,7,1
2890,19,7,1
2891,1574,7,1
2892,614,7,1
2893,289,7,1
2894,6369,7,1
2895,115,7,1
2896,253,7,1
2897,70,7,1
2898,1059,7,1
2899,6014,7,1
2900,3145,7,1
2901,1360,7,1
2902,296,7,1
2903,1649,7,1
2904,621,7,1
2905,3002,7,1
2906,2302,7,1
2907,2301,7,1
2908,179,7,1
2909,165,7,1
2910,1348,7,1
2911,150,7,1
2912,768,7,1
2913,748,7,1
2914,523,7,1
2915,40,7,1
2916,882,7,1
2917,221,7,1
2918,7595,7,1
2919,7590,7,1
2920,214,7,1
2921,699,7,1
2922,7528,7,1
2923,3019,7,1
2924,1046,7,1
2925,7501,7,1
2926,3011,7,1
2927,62,7,1
2928,1162,7,1
2929,154,7,1
2930,204,7,1
2931,42,7,1
2932,1516,7,1
2933,743,7,1
2934,2987,7,1
2935,1153,7,1
2936,1033,7,1
2937,7588,7,1
2938,306,7,1
2939,1784,7,1
2940,83,7,1
2941,362,7,1
2942,146,7,1
2943,1282,7,1
2944,1308,7,1
2945,7442,7,1
2946,43,7,1
2947,65,7,1
2948,319,7,1
2949,1757,7,1
2950,348,7,1
2951,117,7,1
2952,2210,7,1
2953,2923,7,1
2954,2209,7,1
2955,483,7,1
2956,7565,7,1
2957,7600,7,1
2958,272,7,1
2959,29,7,1
2960,52,7,1
2961,452,7,1
2962,1147,7,1
2963,1760,7,1
2964,637,7,1
2965,2869,7,1
2966,2889,7,1
2967,22,7,1
2968,687,7,1
2969,7566,7,1
2970,2142,7,1
2971,1731,7,1
2972,2358,7,-1
2973,321,7,-2
2974,2408,7,-10
2975,7602,7,-10
2976,7601,7,-10
2977,7599,7,-10
2978,7598,7,-10
2979,7604,7,-10
2980,7594,7,-10
2981,7,34,8
2982,7,36,8
2983,7,370,8
2984,7,30,7
2985,7,638,7
2986,7,429,6
2987,7,956,6
2988,7,1151,6
2989,7,640,5
2990,7,145,5
2991,7,266,5
2992,7,203,5
2993,7,85,5
2994,7,75,5
2995,7,1178,4
2996,7,25,4
2997,7,492,4
2998,7,111,4
2999,7,1153,4
3000,7,190,4
3001,7,1499,4
3002,7,95,3
3003,7,5342,3
3004,7,757,3
3005,7,174,3
3006,7,330,3
3007,7,26,3
3008,7,27,3
3009,7,1346,3
3010,7,31,3
3011,7,877,3
3012,7,124,3
3013,7,809,3
3014,7,878,3
3015,7,100,3
3016,7,801,3
3017,7,1782,3
3018,7,47,3
3019,7,1036,3
3020,7,51,3
3021,7,197,3
3022,7,7565,3
3023,7,98,3
3024,7,1768,3
3025,7,1310,3
3026,7,417,2
3027,7,1064,2
3028,7,96,2
3029,7,645,2
3030,7,70,2
3031,7,391,2
3032,7,371,2
3033,7,7562,2
3034,7,2307,2
3035,7,1171,2
3036,7,752,2
3037,7,5679,2
3038,7,1152,2
3039,7,882,2
3040,7,750,2
3041,7,696,2
3042,7,8,2
3043,7,879,2
3044,7,113,2
3045,7,161,2
3046,7,946,2
3047,7,506,2
3048,7,21,2
3049,7,1308,2
3050,7,156,2
3051,7,2211,2
3052,7,484,2
3053,7,24,2
3054,7,1309,2
3055,7,1287,2
3056,7,1495,2
3057,7,2192,2
3058,7,191,1
3059,7,497,1
3060,7,2361,1
3061,7,3378,1
3062,7,345,1
3063,7,3351,1
3064,7,650,1
3065,7,1057,1
3066,7,2381,1
3067,7,980,1
3068,7,1185,1
3069,7,19,1
3070,7,1574,1
3071,7,596,1
3072,7,289,1
3073,7,6369,1
3074,7,115,1
3075,7,253,1
3076,7,3177,1
3077,7,1059,1
3078,7,810,1
3079,7,3145,1
3080,7,1360,1
3081,7,296,1
3082,7,748,1
3083,7,1649,1
3084,7,621,1
3085,7,3002,1
3086,7,2302,1
3087,7,2301,1
3088,7,179,1
3089,7,110,1
3090,7,1348,1
3091,7,150,1
3092,7,768,1
3093,7,523,1
3094,7,40,1
3095,7,123,1
3096,7,3052,1
3097,7,684,1
3098,7,221,1
3099,7,214,1
3100,7,1522,1
3101,7,699,1
3102,7,3019,1
3103,7,549,1
3104,7,1046,1
3105,7,3011,1
3106,7,1162,1
3107,7,154,1
3108,7,204,1
3109,7,42,1
3110,7,1516,1
3111,7,743,1
3112,7,2987,1
3113,7,1033,1
3114,7,2981,1
3115,7,41,1
3116,7,13,1
3117,7,306,1
3118,7,1784,1
3119,7,356,1
3120,7,83,1
3121,7,362,1
3122,7,146,1
3123,7,1282,1
3124,7,318,1
3125,7,796,1
3126,7,407,1
3127,7,319,1
3128,7,1757,1
3129,7,1317,1
3130,7,1325,1
3131,7,348,1
3132,7,117,1
3133,7,2210,1
3134,7,2923,1
3135,7,2209,1
3136,7,483,1
3137,7,2922,1
3138,7,29,1
3139,7,52,1
3140,7,452,1
3141,7,1147,1
3142,7,637,1
3143,7,2869,1
3144,7,2889,1
3145,7,22,1
3146,7,687,1
3147,7,2142,1
3148,7,2866,1
3149,7,1731,1
3150,7,7540,-1
3151,7,2408,-2
3152,7,7425,-2
3153,7,7591,-3
3154,7,7501,-3
3155,7,536,-4
3156,7,43,-4
3157,7,7554,-5
3158,7,7528,-5
3159,7,7588,-5
3160,7,7442,-6
3161,7,7568,-8
3162,7,7516,-8
3163,7,11,-8
3164,7,7567,-9
3165,7,7585,-9
3166,7,7595,-9
3167,7,7504,-9
3168,7,7398,-10
3169,7,7507,-10
3170,7,7558,-10
3171,7,7604,-10
3172,7,177,-10
3173,7,7602,-10
3174,7,244,-10
3175,7,7574,-10
3176,7,7594,-10
3177,7,7586,-10
3178,7,7590,-10
3179,7,7484,-10
3180,7,7513,-10
3181,7,7506,-10
3182,7,7417,-10
3183,7,7505,-10
3184,7,7483,-10
3185,7,7535,-10
3186,7,142,-10
3187,7,7600,-10
3188,7,7566,-10
3189,7,1760,-10
3190,7604,8,10
3191,36,8,10
3192,265,8,10
3193,500,8,9
3194,7390,8,8
3195,177,8,8
3196,7595,8,7
3197,396,8,6
3198,1518,8,6
3199,7380,8,5
3200,30,8,5
3201,600,8,5
3202,1836,8,5
3203,227,8,5
3204,554,8,5
3205,1322,8,5
3206,1578,8,4
3207,5342,8,4
3208,2330,8,4
3209,1343,8,4
3210,701,8,4
3211,25,8,4
3212,521,8,4
3213,62,8,4
3214,26,8,4
3215,43,8,4
3216,100,8,3
3217,19,8,3
3218,892,8,3
3219,1566,8,3
3220,7578,8,3
3221,391,8,3
3222,2333,8,3
3223,1361,8,3
3224,174,8,3
3225,288,8,3
3226,333,8,3
3227,287,8,3
3228,13,8,3
3229,32,8,3
3230,3018,8,3
3231,133,8,3
3232,318,8,3
3233,487,8,3
3234,51,8,3
3235,522,8,3
3236,306,8,3
3237,2336,8,2
3238,645,8,2
3239,308,8,2
3240,7515,8,2
3241,3159,8,2
3242,3131,8,2
3243,362,8,2
3244,3116,8,2
3245,10,8,2
3246,1178,8,2
3247,237,8,2
3248,523,8,2
3249,95,8,2
3250,596,8,2
3251,937,8,2
3252,451,8,2
3253,962,8,2
3254,2253,8,2
3255,29,8,2
3256,2921,8,2
3257,1159,8,2
3258,136,8,2
3259,1033,8,2
3260,807,8,2
3261,205,8,2
3262,484,8,2
3263,52,8,2
3264,21,8,2
3265,201,8,2
3266,869,8,2
3267,157,8,2
3268,3028,8,2
3269,336,8,1
3270,981,8,1
3271,1571,8,1
3272,694,8,1
3273,877,8,1
3274,356,8,1
3275,1556,8,1
3276,754,8,1
3277,6014,8,1
3278,458,8,1
3279,1415,8,1
3280,123,8,1
3281,641,8,1
3282,1459,8,1
3283,885,8,1
3284,748,8,1
3285,154,8,1
3286,112,8,1
3287,846,8,1
3288,549,8,1
3289,696,8,1
3290,1788,8,1
3291,142,8,1
3292,1041,8,1
3293,106,8,1
3294,1038,8,1
3295,66,8,1
3296,1254,8,1
3297,1298,8,1
3298,209,8,1
3299,33,8,1
3300,295,8,1
3301,1162,8,1
3302,166,8,1
3303,266,8,1
3304,7588,8,1
3305,801,8,1
3306,961,8,1
3307,613,8,1
3308,85,8,1
3309,2955,8,1
3310,7565,8,1
3311,2172,8,1
3312,63,8,1
3313,11,8,1
3314,286,8,1
3315,110,8,1
3316,284,8,1
3317,75,8,1
3318,124,8,1
3319,8,521,5
3320,8,600,4
3321,8,396,4
3322,8,306,4
3323,8,25,4
3324,8,7380,3
3325,8,227,3
3326,8,500,3
3327,8,554,3
3328,8,1896,2
3329,8,105,2
3330,8,335,2
3331,8,19,2
3332,8,1578,2
3333,8,174,2
3334,8,1836,2
3335,8,288,2
3336,8,36,2
3337,8,13,2
3338,8,701,2
3339,8,95,2
3340,8,29,2
3341,8,318,2
3342,8,1518,2
3343,8,522,2
3344,8,11,2
3345,8,21,2
3346,8,869,2
3347,8,3400,1
3348,8,2344,1
3349,8,118,1
3350,8,120,1
3351,8,528,1
3352,8,2408,1
3353,8,24,1
3354,8,128,1
3355,8,1691,1
3356,8,1865,1
3357,8,2389,1
3358,8,32,1
3359,8,59,1
3360,8,983,1
3361,8,2384,1
3362,8,34,1
3363,8,645,1
3364,8,391,1
3365,8,336,1
3366,8,981,1
3367,8,1571,1
3368,8,7578,1
3369,8,694,1
3370,8,1566,1
3371,8,877,1
3372,8,2333,1
3373,8,356,1
3374,8,1556,1
3375,8,3159,1
3376,8,458,1
3377,8,7390,1
3378,8,1415,1
3379,8,1361,1
3380,8,2330,1
3381,8,123,1
3382,8,3131,1
3383,8,1459,1
3384,8,362,1
3385,8,287,1
3386,8,3116,1
3387,8,10,1
3388,8,333,1
3389,8,1178,1
3390,8,1343,1
3391,8,748,1
3392,8,154,1
3393,8,237,1
3394,8,523,1
3395,8,549,1
3396,8,3028,1
3397,8,596,1
3398,8,937,1
3399,8,846,1
3400,8,451,1
3401,8,3018,1
3402,8,962,1
3403,8,2253,1
3404,8,1788,1
3405,8,142,1
3406,8,2921,1
3407,8,133,1
3408,8,1041,1
3409,8,106,1
3410,8,1159,1
3411,8,136,1
3412,8,1038,1
3413,8,1254,1
3414,8,1298,1
3415,8,33,1
3416,8,1033,1
3417,8,295,1
3418,8,205,1
3419,8,166,1
3420,8,266,1
3421,8,487,1
3422,8,801,1
3423,8,961,1
3424,8,484,1
3425,8,51,1
3426,8,85,1
3427,8,2955,1
3428,8,2172,1
3429,8,63,1
3430,8,26,1
3431,8,286,1
3432,8,43,1
3433,8,201,1
3434,8,284,1
3435,8,75,1
3436,8,157,1
3437,8,650,-1
3438,8,395,-1
3439,8,401,-1
3440,8,372,-1
3441,8,7512,-1
3442,8,707,-1
3443,8,148,-1
3444,8,309,-1
3445,8,1068,-1
3446,8,602,-1
3447,8,225,-1
3448,8,3369,-1
3449,8,597,-1
3450,8,242,-1
3451,8,189,-1
3452,8,393,-1
3453,8,319,-1
3454,8,591,-1
3455,8,1043,-1
3456,8,599,-1
3457,8,547,-1
3458,8,739,-1
3459,8,752,-1
3460,8,883,-1
3461,8,592,-1
3462,8,457,-1
3463,8,1346,-1
3464,8,1794,-1
3465,8,879,-1
3466,8,812,-1
3467,8,317,-1
3468,8,147,-1
3469,8,347,-1
3470,8,519,-1
3471,8,268,-1
3472,8,2395,-1
3473,8,360,-1
3474,8,107,-1
3475,8,452,-1
3476,8,585,-1
3477,8,204,-1
3478,8,427,-1
3479,8,7352,-1
3480,8,7362,-1
3481,8,7361,-1
3482,8,1579,-1
3483,8,7359,-1
3484,8,7360,-1
3485,8,7358,-1
3486,8,7496,-1
3487,8,7382,-1
3488,8,7357,-1
3489,8,7354,-1
3490,8,7356,-1
3491,8,7355,-1
3492,8,7353,-1
3493,8,7489,-1
3494,8,7487,-1
3495,8,7495,-1
3496,8,7494,-1
3497,8,7493,-1
3498,8,7492,-1
3499,8,7491,-1
3500,8,7490,-1
3501,8,7486,-1
3502,8,7488,-1
3503,8,382,-1
3504,8,7351,-1
3505,8,7350,-1
3506,8,1883,-1
3507,8,2354,-1
3508,8,4721,-1
3509,8,1856,-1
3510,8,2821,-1
3511,8,3129,-1
3512,8,4017,-1
3513,8,209,-1
3514,8,593,-1
3515,8,617,-1
3516,8,130,-1
3517,8,78,-1
3518,8,214,-1
3519,8,3516,-1
3520,8,331,-1
3521,8,304,-1
3522,8,2031,-1
3523,8,969,-1
3524,8,1179,-1
3525,8,702,-1
3526,8,492,-1
3527,8,7328,-1
3528,8,1195,-1
3529,8,758,-1
3530,8,229,-1
3531,8,780,-1
3532,8,1104,-1
3533,8,5446,-1
3534,8,1502,-1
3535,8,4934,-1
3536,8,7485,-1
3537,8,665,-1
3538,8,7423,-1
3539,8,7345,-1
3540,8,1584,-1
3541,8,6792,-1
3542,8,527,-1
3543,8,7347,-1
3544,8,649,-1
3545,8,754,-1
3546,8,885,-1
3547,8,696,-1
3548,8,1162,-1
3549,8,1322,-1
3550,8,52,-1
3551,8,265,-1
3552,8,5679,-2
3553,8,7381,-2
3554,8,7575,-2
3555,8,613,-2
3556,8,7603,-5
3557,8,7507,-5
3558,8,7558,-5
3559,8,7408,-5
3560,8,7552,-8
3561,8,7475,-10
3562,8,7474,-10
3563,8,7543,-10
3564,8,7567,-10
3565,8,7542,-10
3566,8,7470,-10
3567,8,7459,-10
3568,8,7472,-10
3569,8,7471,-10
3570,8,7435,-10
3571,8,7412,-10
3572,8,7597,-10
3573,176,9,10
3574,107,9,10
3575,14,9,10
3576,11,9,10
3577,97,9,10
3578,159,9,9
3579,20,9,9
3580,7603,9,9
3581,40,9,8
3582,22,9,8
3583,145,9,7
3584,24,9,7
3585,67,9,7
3586,267,9,5
3587,589,9,5
3588,197,9,5
3589,193,9,5
3590,47,9,5
3591,1478,9,5
3592,211,9,5
3593,17,9,5
3594,152,9,4
3595,65,9,4
3596,122,9,4
3597,75,9,4
3598,491,9,3
3599,1163,9,3
3600,165,9,3
3601,304,9,3
3602,38,9,3
3603,348,9,3
3604,70,9,3
3605,66,9,3
3606,21,9,3
3607,133,9,3
3608,2819,9,3
3609,77,9,3
3610,156,9,3
3611,1023,9,3
3612,2777,9,3
3613,113,9,3
3614,219,9,3
3615,546,9,3
3616,135,9,3
3617,39,9,3
3618,42,9,3
3619,272,9,3
3620,33,9,3
3621,548,9,2
3622,452,9,2
3623,83,9,2
3624,1458,9,2
3625,45,9,2
3626,2727,9,2
3627,108,9,2
3628,1734,9,2
3629,1136,9,2
3630,51,9,2
3631,37,9,2
3632,256,9,2
3633,305,9,2
3634,346,9,2
3635,315,9,2
3636,943,9,2
3637,98,9,2
3638,683,9,2
3639,854,9,2
3640,2124,9,2
3641,1283,9,2
3642,513,9,2
3643,733,9,2
3644,202,9,2
3645,1714,9,2
3646,2122,9,2
3647,613,9,2
3648,15,9,1
3649,19,9,1
3650,123,9,1
3651,295,9,1
3652,1048,9,1
3653,329,9,1
3654,2992,9,1
3655,534,9,1
3656,545,9,1
3657,177,9,1
3658,31,9,1
3659,52,9,1
3660,638,9,1
3661,32,9,1
3662,1487,9,1
3663,146,9,1
3664,871,9,1
3665,316,9,1
3666,547,9,1
3667,1484,9,1
3668,142,9,1
3669,2479,9,1
3670,1709,9,1
3671,4934,9,1
3672,2145,9,1
3673,1139,9,1
3674,154,9,1
3675,409,9,1
3676,2781,9,1
3677,1287,9,1
3678,196,9,1
3679,2770,9,1
3680,284,9,1
3681,1476,9,1
3682,2128,9,1
3683,175,9,1
3684,467,9,1
3685,7387,9,1
3686,300,9,1
3687,203,9,1
3688,622,9,1
3689,274,9,1
3690,632,9,1
3691,1284,9,1
3692,79,9,1
3693,1721,9,1
3694,2760,9,1
3695,132,9,1
3696,824,9,-2
3697,7518,9,-2
3698,1743,9,-2
3699,185,9,-3
3700,26,9,-5
3701,681,9,-5
3702,7565,9,-10
3703,9,20,10
3704,9,159,9
3705,9,977,8
3706,9,145,8
3707,9,14,8
3708,9,176,8
3709,9,267,6
3710,9,22,6
3711,9,60,5
3712,9,518,5
3713,9,65,5
3714,9,113,5
3715,9,15,5
3716,9,40,5
3717,9,17,5
3718,9,122,4
3719,9,75,4
3720,9,211,4
3721,9,70,3
3722,9,66,3
3723,9,107,3
3724,9,77,3
3725,9,47,3
3726,9,234,3
3727,9,854,3
3728,9,1725,3
3729,9,546,3
3730,9,135,3
3731,9,272,3
3732,9,443,2
3733,9,31,2
3734,9,348,2
3735,9,452,2
3736,9,38,2
3737,9,197,2
3738,9,193,2
3739,9,51,2
3740,9,37,2
3741,9,256,2
3742,9,943,2
3743,9,35,2
3744,9,513,2
3745,9,219,2
3746,9,97,2
3747,9,1478,2
3748,9,733,2
3749,9,1470,2
3750,9,202,2
3751,9,42,2
3752,9,1721,2
3753,9,111,1
3754,9,30,1
3755,9,123,1
3756,9,295,1
3757,9,1048,1
3758,9,329,1
3759,9,2992,1
3760,9,549,1
3761,9,1163,1
3762,9,133,1
3763,9,687,1
3764,9,83,1
3765,9,165,1
3766,9,32,1
3767,9,24,1
3768,9,1458,1
3769,9,548,1
3770,9,589,1
3771,9,1487,1
3772,9,146,1
3773,9,316,1
3774,9,2139,1
3775,9,2819,1
3776,9,2141,1
3777,9,1484,1
3778,9,142,1
3779,9,2479,1
3780,9,7388,1
3781,9,2727,1
3782,9,1709,1
3783,9,4934,1
3784,9,156,1
3785,9,547,1
3786,9,108,1
3787,9,1734,1
3788,9,1286,1
3789,9,2145,1
3790,9,1136,1
3791,9,67,1
3792,9,1023,1
3793,9,1139,1
3794,9,154,1
3795,9,305,1
3796,9,346,1
3797,9,2781,1
3798,9,1287,1
3799,9,2777,1
3800,9,315,1
3801,9,196,1
3802,9,284,1
3803,9,98,1
3804,9,683,1
3805,9,2128,1
3806,9,2124,1
3807,9,632,1
3808,9,175,1
3809,9,1283,1
3810,9,2770,1
3811,9,467,1
3812,9,1726,1
3813,9,7550,1
3814,9,300,1
3815,9,203,1
3816,9,622,1
3817,9,274,1
3818,9,1714,1
3819,9,1284,1
3820,9,2760,1
3821,9,2122,1
3822,9,26,1
3823,9,33,1
3824,9,613,1
3825,9,545,1
3826,9,7568,-1
3827,9,287,-1
3828,9,7518,-1
3829,9,7600,-1
3830,9,1292,-1
3831,9,409,-1
3832,9,681,-1
3833,9,1472,-1
3834,9,7565,-5
3835,9,7387,-5
3836,9,7602,-10
3837,9,7601,-10
3838,9,7334,-10
3839,9,7537,-10
3840,9,798,-10
3841,9,7534,-10
3842,9,7564,-10
3843,37,10,8
3844,177,10,7
3845,623,10,6
3846,130,10,6
3847,334,10,5
3848,62,10,5
3849,161,10,5
3850,11,10,5
3851,67,10,5
3852,42,10,5
3853,58,10,4
3854,201,10,4
3855,26,10,4
3856,44,10,4
3857,185,10,3
3858,73,10,3
3859,179,10,3
3860,190,10,3
3861,562,10,3
3862,259,10,3
3863,7512,10,3
3864,277,10,3
3865,22,10,3
3866,319,10,3
3867,52,10,3
3868,25,10,3
3869,97,10,3
3870,142,10,3
3871,187,10,3
3872,2179,10,3
3873,17,10,3
3874,159,10,3
3875,102,10,3
3876,225,10,3
3877,918,10,3
3878,40,10,3
3879,1702,10,2
3880,118,10,2
3881,975,10,2
3882,1550,10,2
3883,935,10,2
3884,491,10,2
3885,1797,10,2
3886,1167,10,2
3887,2250,10,2
3888,487,10,2
3889,1040,10,2
3890,51,10,2
3891,265,10,2
3892,787,10,2
3893,454,10,2
3894,1424,10,2
3895,1772,10,2
3896,2204,10,2
3897,1150,10,2
3898,1762,10,2
3899,2190,10,2
3900,24,10,2
3901,33,10,2
3902,347,10,2
3903,175,10,2
3904,75,10,2
3905,99,10,2
3906,168,10,2
3907,1018,10,1
3908,482,10,1
3909,88,10,1
3910,222,10,1
3911,93,10,1
3912,492,10,1
3913,1573,10,1
3914,413,10,1
3915,49,10,1
3916,1673,10,1
3917,174,10,1
3918,1536,10,1
3919,1562,10,1
3920,156,10,1
3921,242,10,1
3922,56,10,1
3923,320,10,1
3924,3122,10,1
3925,296,10,1
3926,1111,10,1
3927,7334,10,1
3928,695,10,1
3929,1031,10,1
3930,3014,10,1
3931,89,10,1
3932,2986,10,1
3933,614,10,1
3934,456,10,1
3935,686,10,1
3936,29,10,1
3937,1137,10,1
3938,1327,10,1
3939,941,10,1
3940,103,10,1
3941,150,10,1
3942,166,10,1
3943,2957,10,1
3944,946,10,1
3945,741,10,1
3946,1288,10,1
3947,545,10,1
3948,315,10,1
3949,2215,10,1
3950,1324,10,1
3951,2908,10,1
3952,77,10,1
3953,318,10,1
3954,146,10,1
3955,92,10,1
3956,592,10,1
3957,639,10,1
3958,1146,10,1
3959,258,10,1
3960,2787,10,1
3961,2188,10,1
3962,69,10,1
3963,798,10,1
3964,1307,10,1
3965,66,10,1
3966,777,10,1
3967,2778,10,1
3968,2129,10,1
3969,914,10,1
3970,48,10,1
3971,39,10,1
3972,664,10,1
3973,1078,10,1
3974,840,10,1
3975,383,10,1
3976,710,10,1
3977,65,10,1
3978,2582,10,1
3979,1981,10,1
3980,7564,10,1
3981,57,10,1
3982,725,10,1
3983,140,10,1
3984,54,10,1
3985,2558,10,1
3986,226,10,1
3987,1992,10,1
3988,1430,10,1
3989,1988,10,1
3990,478,10,1
3991,510,10,1
3992,249,10,1
3993,1636,10,1
3994,1967,10,1
3995,2519,10,1
3996,139,10,1
3997,719,10,1
3998,7438,10,1
3999,569,10,1
4000,468,10,1
4001,15,10,-10
4002,10,7552,10
4003,10,970,8
4004,10,271,8
4005,10,37,8
4006,10,623,6
4007,10,145,5
4008,10,334,5
4009,10,1044,5
4010,10,41,5
4011,10,26,5
4012,10,161,5
4013,10,42,5
4014,10,58,4
4015,10,62,4
4016,10,52,4
4017,10,67,4
4018,10,40,4
4019,10,185,3
4020,10,242,3
4021,10,190,3
4022,10,7512,3
4023,10,277,3
4024,10,44,3
4025,10,22,3
4026,10,319,3
4027,10,592,3
4028,10,25,3
4029,10,97,3
4030,10,142,3
4031,10,11,3
4032,10,187,3
4033,10,17,3
4034,10,225,3
4035,10,222,2
4036,10,118,2
4037,10,1550,2
4038,10,935,2
4039,10,1797,2
4040,10,1167,2
4041,10,2250,2
4042,10,1040,2
4043,10,686,2
4044,10,201,2
4045,10,562,2
4046,10,259,2
4047,10,265,2
4048,10,487,2
4049,10,787,2
4050,10,454,2
4051,10,137,2
4052,10,1772,2
4053,10,77,2
4054,10,1150,2
4055,10,2190,2
4056,10,24,2
4057,10,33,2
4058,10,347,2
4059,10,175,2
4060,10,75,2
4061,10,159,2
4062,10,102,2
4063,10,54,2
4064,10,217,2
4065,10,510,2
4066,10,918,2
4067,10,1424,2
4068,10,99,2
4069,10,168,2
4070,10,1018,1
4071,10,1702,1
4072,10,482,1
4073,10,492,1
4074,10,1573,1
4075,10,413,1
4076,10,49,1
4077,10,1673,1
4078,10,174,1
4079,10,1536,1
4080,10,1562,1
4081,10,975,1
4082,10,156,1
4083,10,3135,1
4084,10,56,1
4085,10,320,1
4086,10,73,1
4087,10,3122,1
4088,10,296,1
4089,10,967,1
4090,10,1111,1
4091,10,7334,1
4092,10,695,1
4093,10,491,1
4094,10,1031,1
4095,10,3014,1
4096,10,89,1
4097,10,2986,1
4098,10,614,1
4099,10,456,1
4100,10,29,1
4101,10,258,1
4102,10,1137,1
4103,10,1327,1
4104,10,103,1
4105,10,150,1
4106,10,166,1
4107,10,2957,1
4108,10,946,1
4109,10,741,1
4110,10,51,1
4111,10,941,1
4112,10,1288,1
4113,10,545,1
4114,10,315,1
4115,10,2215,1
4116,10,1324,1
4117,10,2204,1
4118,10,318,1
4119,10,146,1
4120,10,92,1
4121,10,1762,1
4122,10,639,1
4123,10,1146,1
4124,10,2787,1
4125,10,2188,1
4126,10,69,1
4127,10,2179,1
4128,10,1307,1
4129,10,66,1
4130,10,777,1
4131,10,2778,1
4132,10,2129,1
4133,10,914,1
4134,10,48,1
4135,10,39,1
4136,10,664,1
4137,10,1078,1
4138,10,840,1
4139,10,383,1
4140,10,710,1
4141,10,65,1
4142,10,2582,1
4143,10,1981,1
4144,10,57,1
4145,10,725,1
4146,10,130,1
4147,10,140,1
4148,10,2558,1
4149,10,226,1
4150,10,1992,1
4151,10,1430,1
4152,10,478,1
4153,10,1988,1
4154,10,249,1
4155,10,1636,1
4156,10,1967,1
4157,10,2519,1
4158,10,139,1
4159,10,719,1
4160,10,7438,1
4161,10,569,1
4162,10,468,1
4163,10,113,-1
4164,10,7595,-1
4165,10,327,-1
4166,10,117,-1
4167,10,798,-1
4168,10,7399,-2
4169,10,613,-2
4170,10,177,-3
4171,10,7577,-5
4172,10,15,-10
4173,10,7564,-10
4174,34,11,10
4175,7536,11,10
4176,21,11,10
4177,7562,11,8
4178,122,11,8
4179,30,11,7
4180,318,11,6
4181,211,11,6
4182,262,11,5
4183,1883,11,5
4184,412,11,5
4185,304,11,5
4186,14,11,5
4187,17,11,5
4188,7603,11,5
4189,82,11,4
4190,348,11,4
4191,128,11,4
4192,292,11,4
4193,1513,11,4
4194,552,11,4
4195,133,11,4
4196,316,11,4
4197,193,11,4
4198,20,11,4
4199,22,11,4
4200,66,11,4
4201,90,11,4
4202,49,11,3
4203,105,11,3
4204,12,11,3
4205,309,11,3
4206,124,11,3
4207,267,11,3
4208,1159,11,3
4209,411,11,3
4210,190,11,3
4211,25,11,3
4212,264,11,3
4213,156,11,3
4214,272,11,3
4215,2179,11,3
4216,255,11,3
4217,482,11,3
4218,681,11,3
4219,1116,11,3
4220,408,11,3
4221,398,11,2
4222,6878,11,2
4223,36,11,2
4224,216,11,2
4225,123,11,2
4226,228,11,2
4227,42,11,2
4228,43,11,2
4229,78,11,2
4230,694,11,2
4231,13,11,2
4232,171,11,2
4233,103,11,2
4234,2217,11,2
4235,29,11,2
4236,360,11,2
4237,639,11,2
4238,687,11,2
4239,145,11,2
4240,1030,11,2
4241,799,11,2
4242,51,11,2
4243,65,11,2
4244,2802,11,2
4245,871,11,2
4246,942,11,2
4247,153,11,2
4248,77,11,2
4249,7328,11,2
4250,187,11,2
4251,154,11,2
4252,45,11,2
4253,245,11,1
4254,762,11,1
4255,207,11,1
4256,3345,11,1
4257,198,11,1
4258,1887,11,1
4259,173,11,1
4260,326,11,1
4261,1190,11,1
4262,310,11,1
4263,894,11,1
4264,185,11,1
4265,759,11,1
4266,155,11,1
4267,290,11,1
4268,494,11,1
4269,7597,11,1
4270,248,11,1
4271,1379,11,1
4272,3269,11,1
4273,1068,11,1
4274,280,11,1
4275,308,11,1
4276,1562,11,1
4277,491,11,1
4278,2356,11,1
4279,345,11,1
4280,966,11,1
4281,116,11,1
4282,7538,11,1
4283,95,11,1
4284,1342,11,1
4285,2257,11,1
4286,162,11,1
4287,150,11,1
4288,258,11,1
4289,320,11,1
4290,801,11,1
4291,487,11,1
4292,205,11,1
4293,295,11,1
4294,593,11,1
4295,488,11,1
4296,83,11,1
4297,7377,11,1
4298,166,11,1
4299,372,11,1
4300,260,11,1
4301,1156,11,1
4302,623,11,1
4303,1512,11,1
4304,1775,11,1
4305,1508,11,1
4306,88,11,1
4307,1767,11,1
4308,2908,11,1
4309,2915,11,1
4310,550,11,1
4311,1760,11,1
4312,2167,11,1
4313,197,11,1
4314,7593,11,1
4315,1034,11,1
4316,276,11,1
4317,347,11,1
4318,1493,11,1
4319,949,11,1
4320,1755,11,1
4321,1145,11,1
4322,1754,11,1
4323,39,11,1
4324,739,11,1
4325,1311,11,1
4326,2865,11,1
4327,798,11,1
4328,634,11,1
4329,69,11,1
4330,100,11,1
4331,1487,11,1
4332,2168,11,1
4333,409,11,1
4334,203,11,1
4335,7563,11,1
4336,135,11,1
4337,735,11,1
4338,72,11,1
4339,18,11,1
4340,870,11,1
4341,423,11,1
4342,1716,11,1
4343,544,11,1
4344,1697,11,1
4345,732,11,1
4346,253,11,1
4347,79,11,1
4348,777,11,1
4349,131,11,1
4350,327,11,1
4351,188,11,-1
4352,32,11,-1
4353,24,11,-1
4354,96,11,-1
4355,15,11,-1
4356,164,11,-2
4357,31,11,-2
4358,647,11,-3
4359,19,11,-5
4360,63,11,-5
4361,70,11,-5
4362,85,11,-7
4363,58,11,-8
4364,174,11,-10
4365,191,11,-10
4366,125,11,-10
4367,26,11,-10
4368,11,93,10
4369,11,34,10
4370,11,13,10
4371,11,31,10
4372,11,21,10
4373,11,47,10
4374,11,122,10
4375,11,24,6
4376,11,12,5
4377,11,26,5
4378,11,7562,5
4379,11,17,5
4380,11,20,4
4381,11,90,4
4382,11,29,3
4383,11,82,3
4384,11,1159,3
4385,11,133,3
4386,11,255,3
4387,11,14,3
4388,11,211,3
4389,11,15,3
4390,11,22,3
4391,11,734,3
4392,11,58,2
4393,11,105,2
4394,11,87,2
4395,11,128,2
4396,11,32,2
4397,11,19,2
4398,11,228,2
4399,11,42,2
4400,11,196,2
4401,11,41,2
4402,11,43,2
4403,11,411,2
4404,11,304,2
4405,11,171,2
4406,11,190,2
4407,11,103,2
4408,11,25,2
4409,11,482,2
4410,11,70,2
4411,11,318,2
4412,11,51,2
4413,11,156,2
4414,11,153,2
4415,11,77,2
4416,11,7328,2
4417,11,253,2
4418,11,45,2
4419,11,398,1
4420,11,207,1
4421,11,762,1
4422,11,3345,1
4423,11,198,1
4424,11,1887,1
4425,11,7446,1
4426,11,326,1
4427,11,125,1
4428,11,310,1
4429,11,1883,1
4430,11,647,1
4431,11,309,1
4432,11,155,1
4433,11,36,1
4434,11,290,1
4435,11,174,1
4436,11,1871,1
4437,11,248,1
4438,11,185,1
4439,11,1379,1
4440,11,3269,1
4441,11,1068,1
4442,11,242,1
4443,11,7514,1
4444,11,280,1
4445,11,216,1
4446,11,30,1
4447,11,123,1
4448,11,7434,1
4449,11,3224,1
4450,11,2356,1
4451,11,1562,1
4452,11,96,1
4453,11,966,1
4454,11,116,1
4455,11,124,1
4456,11,95,1
4457,11,1342,1
4458,11,74,1
4459,11,2257,1
4460,11,162,1
4461,11,320,1
4462,11,801,1
4463,11,205,1
4464,11,487,1
4465,11,295,1
4466,11,593,1
4467,11,488,1
4468,11,491,1
4469,11,78,1
4470,11,694,1
4471,11,83,1
4472,11,7377,1
4473,11,166,1
4474,11,372,1
4475,11,260,1
4476,11,1156,1
4477,11,623,1
4478,11,1512,1
4479,11,1775,1
4480,11,552,1
4481,11,1508,1
4482,11,2217,1
4483,11,88,1
4484,11,2918,1
4485,11,2915,1
4486,11,360,1
4487,11,550,1
4488,11,2167,1
4489,11,145,1
4490,11,639,1
4491,11,197,1
4492,11,1034,1
4493,11,276,1
4494,11,347,1
4495,11,188,1
4496,11,345,1
4497,11,272,1
4498,11,1493,1
4499,11,264,1
4500,11,949,1
4501,11,1755,1
4502,11,1145,1
4503,11,1754,1
4504,11,739,1
4505,11,1311,1
4506,11,277,1
4507,11,274,1
4508,11,2865,1
4509,11,2180,1
4510,11,1748,1
4511,11,1030,1
4512,11,799,1
4513,11,69,1
4514,11,100,1
4515,11,2168,1
4516,11,65,1
4517,11,316,1
4518,11,1292,1
4519,11,193,1
4520,11,2791,1
4521,11,7563,1
4522,11,942,1
4523,11,735,1
4524,11,135,1
4525,11,72,1
4526,11,39,1
4527,11,870,1
4528,11,1716,1
4529,11,7603,1
4530,11,66,1
4531,11,1697,1
4532,11,732,1
4533,11,1116,1
4534,11,408,1
4535,11,187,1
4536,11,79,1
4537,11,154,1
4538,11,777,1
4539,11,131,1
4540,11,327,1
4541,11,6878,-10
4542,11,7445,-10
4543,11,7597,-10
4544,11,7525,-10
4545,11,85,-10
4546,11,7595,-10
4547,11,7588,-10
4548,11,7538,-10
4549,11,680,-10
4550,11,183,-10
4551,11,7583,-10
4552,11,177,-10
4553,11,7593,-10
4554,11,7564,-10
4555,11,7499,-10
4556,11,7577,-10
4557,11,7573,-10
4558,11,798,-10
4559,11,7592,-10
4560,11,4910,-10
4561,651,12,10
4562,815,12,10
4563,976,12,9
4564,19,12,7
4565,292,12,6
4566,229,12,6
4567,291,12,5
4568,826,12,5
4569,288,12,5
4570,1031,12,5
4571,247,12,5
4572,44,12,4
4573,103,12,4
4574,125,12,4
4575,154,12,4
4576,73,12,4
4577,100,12,4
4578,93,12,4
4579,1586,12,3
4580,602,12,3
4581,280,12,3
4582,123,12,3
4583,751,12,3
4584,118,12,3
4585,59,12,3
4586,1516,12,3
4587,290,12,3
4588,97,12,3
4589,7444,12,3
4590,484,12,2
4591,1064,12,2
4592,157,12,2
4593,321,12,2
4594,757,12,2
4595,2401,12,2
4596,31,12,2
4597,81,12,2
4598,1331,12,2
4599,120,12,2
4600,614,12,2
4601,21,12,2
4602,305,12,2
4603,1374,12,2
4604,1043,12,2
4605,40,12,2
4606,49,12,2
4607,158,12,2
4608,128,12,2
4609,391,12,2
4610,32,12,2
4611,1577,12,2
4612,36,12,2
4613,627,12,2
4614,33,12,2
4615,458,12,1
4616,351,12,1
4617,904,12,1
4618,164,12,1
4619,375,12,1
4620,245,12,1
4621,1784,12,1
4622,898,12,1
4623,1127,12,1
4624,92,12,1
4625,163,12,1
4626,1072,12,1
4627,104,12,1
4628,1210,12,1
4629,983,12,1
4630,3354,12,1
4631,3366,12,1
4632,496,12,1
4633,216,12,1
4634,530,12,1
4635,105,12,1
4636,376,12,1
4637,47,12,1
4638,7575,12,1
4639,82,12,1
4640,649,12,1
4641,2396,12,1
4642,1535,12,1
4643,1873,12,1
4644,27,12,1
4645,7391,12,1
4646,34,12,1
4647,397,12,1
4648,241,12,1
4649,1360,12,1
4650,7585,12,1
4651,459,12,1
4652,3297,12,1
4653,1553,12,1
4654,3293,12,1
4655,1322,12,1
4656,287,12,1
4657,1184,12,1
4658,822,12,1
4659,3281,12,1
4660,315,12,1
4661,1162,12,1
4662,191,12,1
4663,886,12,1
4664,156,12,1
4665,1846,12,1
4666,1061,12,1
4667,174,12,1
4668,1376,12,1
4669,395,12,1
4670,1065,12,1
4671,1861,12,1
4672,825,12,1
4673,1834,12,1
4674,116,12,1
4675,1185,12,1
4676,289,12,1
4677,26,12,1
4678,975,12,1
4679,3234,12,1
4680,172,12,1
4681,1187,12,1
4682,893,12,1
4683,3232,12,1
4684,7525,12,1
4685,12,19,5
4686,12,73,4
4687,12,291,4
4688,12,1031,4
4689,12,651,3
4690,12,27,3
4691,12,154,3
4692,12,305,3
4693,12,59,3
4694,12,288,3
4695,12,976,3
4696,12,100,3
4697,12,36,3
4698,12,93,3
4699,12,229,3
4700,12,44,2
4701,12,484,2
4702,12,103,2
4703,12,292,2
4704,12,757,2
4705,12,31,2
4706,12,81,2
4707,12,602,2
4708,12,125,2
4709,12,123,2
4710,12,751,2
4711,12,120,2
4712,12,614,2
4713,12,21,2
4714,12,1374,2
4715,12,40,2
4716,12,158,2
4717,12,32,2
4718,12,1516,2
4719,12,1577,2
4720,12,391,2
4721,12,290,2
4722,12,627,2
4723,12,7444,2
4724,12,458,1
4725,12,904,1
4726,12,164,1
4727,12,375,1
4728,12,1586,1
4729,12,1784,1
4730,12,898,1
4731,12,1127,1
4732,12,92,1
4733,12,163,1
4734,12,245,1
4735,12,1072,1
4736,12,104,1
4737,12,1064,1
4738,12,1210,1
4739,12,157,1
4740,12,983,1
4741,12,3354,1
4742,12,321,1
4743,12,3366,1
4744,12,216,1
4745,12,530,1
4746,12,882,1
4747,12,105,1
4748,12,376,1
4749,12,47,1
4750,12,2401,1
4751,12,7575,1
4752,12,82,1
4753,12,649,1
4754,12,2396,1
4755,12,1535,1
4756,12,1873,1
4757,12,280,1
4758,12,1331,1
4759,12,34,1
4760,12,397,1
4761,12,241,1
4762,12,1360,1
4763,12,7585,1
4764,12,118,1
4765,12,1043,1
4766,12,459,1
4767,12,49,1
4768,12,3297,1
4769,12,1553,1
4770,12,3293,1
4771,12,1322,1
4772,12,128,1
4773,12,287,1
4774,12,335,1
4775,12,1184,1
4776,12,822,1
4777,12,3281,1
4778,12,315,1
4779,12,1162,1
4780,12,191,1
4781,12,886,1
4782,12,156,1
4783,12,1846,1
4784,12,1061,1
4785,12,174,1
4786,12,1376,1
4787,12,395,1
4788,12,1065,1
4789,12,35,1
4790,12,1861,1
4791,12,825,1
4792,12,116,1
4793,12,1834,1
4794,12,1185,1
4795,12,1350,1
4796,12,289,1
4797,12,26,1
4798,12,97,1
4799,12,975,1
4800,12,3234,1
4801,12,172,1
4802,12,1187,1
4803,12,893,1
4804,12,3232,1
4805,12,7525,1
4806,12,33,1
4807,12,247,1
4808,12,826,-1
4809,1368,13,10
4810,68,13,10
4811,3060,13,10
4812,7337,13,10
4813,651,13,9
4814,1050,13,8
4815,21,13,8
4816,1052,13,7
4817,2386,13,5
4818,7514,13,5
4819,3119,13,5
4820,24,13,5
4821,5389,13,5
4822,1535,13,5
4823,701,13,5
4824,2275,13,5
4825,1168,13,5
4826,46,13,5
4827,177,13,5
4828,1767,13,5
4829,1534,13,4
4830,1529,13,4
4831,43,13,4
4832,133,13,4
4833,650,13,3
4834,435,13,3
4835,85,13,3
4836,965,13,3
4837,1817,13,3
4838,3075,13,3
4839,812,13,3
4840,2277,13,3
4841,2284,13,3
4842,1172,13,3
4843,1528,13,3
4844,320,13,3
4845,7397,13,3
4846,204,13,3
4847,599,13,2
4848,2320,13,2
4849,1819,13,2
4850,1813,13,2
4851,178,13,2
4852,2283,13,2
4853,2270,13,2
4854,1533,13,2
4855,697,13,2
4856,258,13,2
4857,279,13,2
4858,1531,13,2
4859,487,13,2
4860,58,13,1
4861,206,13,1
4862,1523,13,1
4863,3241,13,1
4864,1210,13,1
4865,1332,13,1
4866,3180,13,1
4867,1182,13,1
4868,1831,13,1
4869,3144,13,1
4870,1828,13,1
4871,71,13,1
4872,597,13,1
4873,1808,13,1
4874,884,13,1
4875,22,13,1
4876,1351,13,1
4877,3089,13,1
4878,1537,13,1
4879,3045,13,1
4880,1807,13,1
4881,2278,13,1
4882,3076,13,1
4883,3073,13,1
4884,952,13,1
4885,3072,13,1
4886,1812,13,1
4887,1810,13,1
4888,3061,13,1
4889,112,13,1
4890,3047,13,1
4891,3056,13,1
4892,2243,13,1
4893,3054,13,1
4894,5342,13,1
4895,1532,13,1
4896,33,13,1
4897,3051,13,1
4898,3050,13,1
4899,1335,13,1
4900,3046,13,1
4901,2268,13,1
4902,456,13,1
4903,881,13,1
4904,2267,13,1
4905,2266,13,1
4906,3041,13,1
4907,3039,13,1
4908,3037,13,1
4909,3036,13,1
4910,3038,13,1
4911,15,13,1
4912,166,13,1
4913,70,13,1
4914,75,13,1
4915,190,13,1
4916,25,13,1
4917,7403,13,1
4918,430,13,-10
4919,7517,13,-10
4920,5533,13,-10
4921,7565,13,-10
4922,13,127,8
4923,13,46,8
4924,13,21,8
4925,13,659,7
4926,13,1394,5
4927,13,651,5
4928,13,435,5
4929,13,884,5
4930,13,1052,5
4931,13,1050,5
4932,13,1168,5
4933,13,965,4
4934,13,1534,4
4935,13,1529,4
4936,13,133,4
4937,13,1817,3
4938,13,812,3
4939,13,70,3
4940,13,1533,3
4941,13,1810,3
4942,13,1532,3
4943,13,697,3
4944,13,1172,3
4945,13,320,3
4946,13,20,3
4947,13,599,2
4948,13,1819,2
4949,13,2288,2
4950,13,2277,2
4951,13,178,2
4952,13,2283,2
4953,13,2284,2
4954,13,701,2
4955,13,1049,2
4956,13,2275,2
4957,13,2243,2
4958,13,428,2
4959,13,881,2
4960,13,7580,2
4961,13,1759,2
4962,13,204,2
4963,13,417,1
4964,13,3370,1
4965,13,650,1
4966,13,2355,1
4967,13,2386,1
4968,13,1523,1
4969,13,3241,1
4970,13,3180,1
4971,13,1332,1
4972,13,1182,1
4973,13,1831,1
4974,13,3144,1
4975,13,2320,1
4976,13,2290,1
4977,13,1828,1
4978,13,71,1
4979,13,3119,1
4980,13,597,1
4981,13,1808,1
4982,13,1351,1
4983,13,3089,1
4984,13,1537,1
4985,13,5389,1
4986,13,3075,1
4987,13,1813,1
4988,13,3045,1
4989,13,1807,1
4990,13,2278,1
4991,13,3076,1
4992,13,95,1
4993,13,3073,1
4994,13,2270,1
4995,13,952,1
4996,13,3072,1
4997,13,1535,1
4998,13,2279,1
4999,13,5446,1
5000,13,1210,1
5001,13,1812,1
5002,13,3060,1
5003,13,3061,1
5004,13,112,1
5005,13,3047,1
5006,13,3056,1
5007,13,3054,1
5008,13,33,1
5009,13,3051,1
5010,13,3050,1
5011,13,1335,1
5012,13,3046,1
5013,13,258,1
5014,13,2268,1
5015,13,1531,1
5016,13,456,1
5017,13,2267,1
5018,13,2266,1
5019,13,3041,1
5020,13,3039,1
5021,13,1528,1
5022,13,3037,1
5023,13,3036,1
5024,13,3038,1
5025,13,75,1
5026,13,25,1
5027,13,1767,1
5028,13,7403,1
5029,13,1497,1
5030,13,7397,1
5031,13,430,-1
5032,13,517,-1
5033,13,7549,-1
5034,13,7478,-10
5035,13,7550,-10
5036,13,7514,-10
5037,13,7429,-10
5038,13,68,-10
5039,13,7603,-10
5040,13,7565,-10
5041,13,487,-10
5042,796,14,10
5043,1024,14,10
5044,7603,14,10
5045,63,14,8
5046,159,14,8
5047,20,14,8
5048,22,14,8
5049,24,14,6
5050,392,14,5
5051,16,14,5
5052,176,14,5
5053,1027,14,5
5054,361,14,5
5055,38,14,5
5056,47,14,5
5057,1128,14,5
5058,197,14,5
5059,1289,14,5
5060,97,14,4
5061,77,14,4
5062,1481,14,4
5063,42,14,4
5064,588,14,4
5065,27,14,3
5066,693,14,3
5067,689,14,3
5068,304,14,3
5069,402,14,3
5070,17,14,3
5071,211,14,3
5072,548,14,3
5073,31,14,3
5074,484,14,3
5075,107,14,3
5076,277,14,3
5077,67,14,3
5078,40,14,3
5079,51,14,3
5080,944,14,3
5081,518,14,2
5082,443,14,2
5083,871,14,2
5084,100,14,2
5085,146,14,2
5086,1730,14,2
5087,1290,14,2
5088,1288,14,2
5089,33,14,2
5090,316,14,2
5091,482,14,2
5092,7565,14,2
5093,1333,14,1
5094,1158,14,1
5095,545,14,1
5096,177,14,1
5097,2825,14,1
5098,50,14,1
5099,60,14,1
5100,2818,14,1
5101,142,14,1
5102,2157,14,1
5103,2148,14,1
5104,542,14,1
5105,1293,14,1
5106,1737,14,1
5107,1025,14,1
5108,1482,14,1
5109,113,14,1
5110,1483,14,1
5111,1137,14,1
5112,1734,14,1
5113,1724,14,1
5114,1256,14,1
5115,586,14,1
5116,664,14,1
5117,65,14,1
5118,75,14,1
5119,2146,14,1
5120,2144,14,1
5121,37,14,1
5122,2124,14,1
5123,2142,14,1
5124,2804,14,1
5125,945,14,1
5126,2138,14,1
5127,2136,14,1
5128,1139,14,1
5129,939,14,1
5130,2796,14,1
5131,2135,14,1
5132,1731,14,1
5133,122,14,1
5134,35,14,-1
5135,15,14,-10
5136,14,63,9
5137,14,20,8
5138,14,518,8
5139,14,796,6
5140,14,392,5
5141,14,267,5
5142,14,16,5
5143,14,361,5
5144,14,47,5
5145,14,24,5
5146,14,97,4
5147,14,27,3
5148,14,548,3
5149,14,31,3
5150,14,443,3
5151,14,60,3
5152,14,107,3
5153,14,77,3
5154,14,65,3
5155,14,22,3
5156,14,40,3
5157,14,51,3
5158,14,944,3
5159,14,484,2
5160,14,50,2
5161,14,100,2
5162,14,146,2
5163,14,1128,2
5164,14,1730,2
5165,14,197,2
5166,14,1481,2
5167,14,1290,2
5168,14,33,2
5169,14,1289,2
5170,14,316,2
5171,14,482,2
5172,14,588,2
5173,14,1333,1
5174,14,1158,1
5175,14,268,1
5176,14,177,1
5177,14,1027,1
5178,14,2825,1
5179,14,2818,1
5180,14,142,1
5181,14,871,1
5182,14,277,1
5183,14,2157,1
5184,14,38,1
5185,14,2148,1
5186,14,542,1
5187,14,1293,1
5188,14,1737,1
5189,14,1025,1
5190,14,4057,1
5191,14,2813,1
5192,14,1482,1
5193,14,113,1
5194,14,1483,1
5195,14,545,1
5196,14,67,1
5197,14,1024,1
5198,14,1137,1
5199,14,1734,1
5200,14,2812,1
5201,14,1724,1
5202,14,1256,1
5203,14,586,1
5204,14,664,1
5205,14,75,1
5206,14,2146,1
5207,14,2144,1
5208,14,407,1
5209,14,2124,1
5210,14,37,1
5211,14,2142,1
5212,14,2804,1
5213,14,945,1
5214,14,42,1
5215,14,1288,1
5216,14,2138,1
5217,14,2136,1
5218,14,1139,1
5219,14,939,1
5220,14,2796,1
5221,14,2134,1
5222,14,2135,1
5223,14,1731,1
5224,14,7565,1
5225,14,122,1
5226,14,15,-10
5227,104,15,10
5228,427,15,10
5229,2336,15,8
5230,7335,15,7
5231,352,15,7
5232,98,15,6
5233,64,15,6
5234,20,15,6
5235,246,15,5
5236,86,15,5
5237,233,15,5
5238,1873,15,5
5239,953,15,5
5240,196,15,5
5241,24,15,5
5242,35,15,5
5243,17,15,5
5244,681,15,5
5245,605,15,4
5246,114,15,4
5247,281,15,4
5248,192,15,4
5249,126,15,4
5250,279,15,4
5251,3447,15,3
5252,766,15,3
5253,1074,15,3
5254,558,15,3
5255,1596,15,3
5256,1894,15,3
5257,376,15,3
5258,498,15,3
5259,269,15,3
5260,698,15,3
5261,3096,15,3
5262,159,15,3
5263,190,15,3
5264,949,15,3
5265,37,15,3
5266,70,15,3
5267,67,15,3
5268,155,15,3
5269,2436,15,2
5270,1396,15,2
5271,3410,15,2
5272,1590,15,2
5273,7161,15,2
5274,378,15,2
5275,984,15,2
5276,180,15,2
5277,186,15,2
5278,499,15,2
5279,832,15,2
5280,2293,15,2
5281,1386,15,2
5282,900,15,2
5283,375,15,2
5284,164,15,2
5285,966,15,2
5286,2289,15,2
5287,530,15,2
5288,958,15,2
5289,1351,15,2
5290,22,15,2
5291,1134,15,2
5292,272,15,2
5293,91,15,2
5294,133,15,2
5295,304,15,2
5296,264,15,2
5297,48,15,2
5298,2434,15,1
5299,906,15,1
5300,1906,15,1
5301,905,15,1
5302,2426,15,1
5303,1895,15,1
5304,491,15,1
5305,651,15,1
5306,58,15,1
5307,19,15,1
5308,374,15,1
5309,2417,15,1
5310,96,15,1
5311,7087,15,1
5312,3372,15,1
5313,7063,15,1
5314,94,15,1
5315,88,15,1
5316,87,15,1
5317,2090,15,1
5318,824,15,1
5319,165,15,1
5320,1162,15,1
5321,3120,15,1
5322,967,15,1
5323,122,15,1
5324,438,15,1
5325,51,15,1
5326,29,15,1
5327,75,15,1
5328,274,15,1
5329,211,15,1
5330,40,15,1
5331,137,15,1
5332,1471,15,1
5333,853,15,1
5334,33,15,1
5335,682,15,1
5336,7386,15,-1
5337,85,15,-1
5338,1921,15,-1
5339,188,15,-1
5340,5342,15,-2
5341,145,15,-2
5342,47,15,-10
5343,7518,15,-10
5344,15,352,10
5345,15,94,10
5346,15,233,5
5347,15,86,5
5348,15,64,5
5349,15,98,5
5350,15,35,5
5351,15,953,4
5352,15,114,4
5353,15,126,4
5354,15,192,4
5355,15,104,4
5356,15,605,3
5357,15,337,3
5358,15,2336,3
5359,15,498,3
5360,15,1894,3
5361,15,1386,2
5362,15,2436,2
5363,15,897,2
5364,15,1202,2
5365,15,766,2
5366,15,1074,2
5367,15,1590,2
5368,15,1596,2
5369,15,281,2
5370,15,558,2
5371,15,230,2
5372,15,96,2
5373,15,376,2
5374,15,87,2
5375,15,164,2
5376,15,958,2
5377,15,272,2
5378,15,91,2
5379,15,48,2
5380,15,137,2
5381,15,3451,1
5382,15,2437,1
5383,15,3443,1
5384,15,3448,1
5385,15,1396,1
5386,15,3447,1
5387,15,2287,1
5388,15,7325,1
5389,15,2434,1
5390,15,2433,1
5391,15,3442,1
5392,15,3382,1
5393,15,3439,1
5394,15,2432,1
5395,15,1075,1
5396,15,1390,1
5397,15,1599,1
5398,15,1906,1
5399,15,3438,1
5400,15,2422,1
5401,15,604,1
5402,15,906,1
5403,15,2431,1
5404,15,902,1
5405,15,1905,1
5406,15,3437,1
5407,15,653,1
5408,15,179,1
5409,15,3434,1
5410,15,7310,1
5411,15,3433,1
5412,15,269,1
5413,15,2289,1
5414,15,530,1
5415,15,1134,1
5416,15,88,1
5417,15,234,1
5418,15,95,1
5419,15,698,1
5420,15,159,1
5421,15,438,1
5422,15,20,1
5423,15,37,1
5424,15,70,1
5425,15,67,1
5426,15,681,1
5427,15,40,1
5428,15,155,1
5429,15,3410,1
5430,15,3430,1
5431,15,3431,1
5432,15,1208,1
5433,15,1904,1
5434,15,3427,1
5435,15,2428,1
5436,15,1903,1
5437,15,6921,1
5438,15,3091,1
5439,15,3286,1
5440,15,7369,1
5441,15,764,1
5442,15,905,1
5443,15,2312,1
5444,15,1393,1
5445,15,2426,1
5446,15,3407,1
5447,15,2293,1
5448,15,1205,1
5449,15,651,1
5450,15,358,1
5451,15,7161,1
5452,15,984,1
5453,15,186,1
5454,15,832,1
5455,15,2417,1
5456,15,2633,1
5457,15,1895,1
5458,15,900,1
5459,15,1070,1
5460,15,1387,1
5461,15,375,1
5462,15,1385,1
5463,15,2828,1
5464,15,427,1
5465,15,279,1
5466,15,824,1
5467,15,1891,1
5468,15,1873,1
5469,15,165,1
5470,15,1162,1
5471,15,3120,1
5472,15,1351,1
5473,15,967,1
5474,15,518,1
5475,15,767,1
5476,15,122,1
5477,15,24,1
5478,15,190,1
5479,15,354,1
5480,15,17,1
5481,15,196,1
5482,15,51,1
5483,15,29,1
5484,15,75,1
5485,15,274,1
5486,15,211,1
5487,15,1471,1
5488,15,853,1
5489,15,33,1
5490,15,682,1
5491,15,7335,-1
5492,15,7330,-1
5493,15,7321,-1
5494,15,3372,-1
5495,15,7312,-1
5496,15,3428,-1
5497,15,400,-1
5498,15,19,-1
5499,15,47,-1
5500,15,85,-1
5501,15,7368,-1
5502,15,801,-1
5503,15,7366,-1
5504,15,7560,-1
5505,15,7393,-1
5506,15,55,-1
5507,15,185,-1
5508,15,3369,-1
5509,15,80,-1
5510,15,7552,-1
5511,15,1249,-1
5512,15,374,-1
5513,15,7415,-1
5514,15,491,-1
5515,15,7400,-1
5516,15,7580,-1
5517,15,7603,-1
5518,15,369,-3
5519,15,7379,-3
5520,15,7577,-3
5521,15,200,-10
5522,15,31,-10
5523,15,469,-10
5524,15,7562,-10
5525,15,113,-10
5526,15,267,-10
5527,15,7518,-10
5528,15,5342,-10
5529,15,1921,-10
5530,15,176,-10
5531,15,188,-10
5532,15,145,-10
5533,2445,16,10
5534,109,16,8
5535,37,16,8
5536,1174,16,7
5537,7596,16,6
5538,75,16,6
5539,149,16,6
5540,63,16,6
5541,567,16,5
5542,503,16,5
5543,199,16,4
5544,107,16,4
5545,779,16,4
5546,442,16,4
5547,100,16,4
5548,993,16,4
5549,655,16,4
5550,1664,16,3
5551,449,16,3
5552,121,16,3
5553,353,16,3
5554,1091,16,3
5555,42,16,3
5556,565,16,3
5557,470,16,3
5558,44,16,3
5559,23,16,3
5560,419,16,3
5561,981,16,2
5562,509,16,2
5563,2257,16,2
5564,265,16,2
5565,392,16,2
5566,177,16,2
5567,54,16,2
5568,7587,16,2
5569,101,16,2
5570,2003,16,2
5571,781,16,2
5572,1983,16,2
5573,367,16,2
5574,1640,16,2
5575,341,16,2
5576,40,16,2
5577,148,16,2
5578,7552,16,2
5579,7550,16,2
5580,1925,16,2
5581,72,16,2
5582,138,16,2
5583,771,16,2
5584,145,16,2
5585,164,16,1
5586,34,16,1
5587,3194,16,1
5588,2340,16,1
5589,1459,16,1
5590,70,16,1
5591,25,16,1
5592,30,16,1
5593,1322,16,1
5594,2954,16,1
5595,2206,16,1
5596,2950,16,1
5597,2944,16,1
5598,2930,16,1
5599,1326,16,1
5600,60,16,1
5601,219,16,1
5602,21,16,1
5603,926,16,1
5604,1010,16,1
5605,2001,16,1
5606,2565,16,1
5607,2556,16,1
5608,88,16,1
5609,45,16,1
5610,226,16,1
5611,187,16,1
5612,223,16,1
5613,65,16,1
5614,850,16,1
5615,154,16,1
5616,537,16,1
5617,7582,16,1
5618,3516,16,1
5619,250,16,1
5620,1093,16,1
5621,1409,16,1
5622,1222,16,1
5623,1090,16,1
5624,298,16,1
5625,534,16,1
5626,1922,16,1
5627,1610,16,1
5628,270,16,1
5629,1083,16,1
5630,1917,16,1
5631,237,16,1
5632,710,16,1
5633,1914,16,1
5634,1212,16,1
5635,842,16,1
5636,711,16,1
5637,1910,16,1
5638,768,16,1
5639,16,109,8
5640,16,37,7
5641,16,199,6
5642,16,311,6
5643,16,149,6
5644,16,63,6
5645,16,567,5
5646,16,23,5
5647,16,134,4
5648,16,1174,4
5649,16,107,4
5650,16,101,4
5651,16,54,4
5652,16,779,4
5653,16,75,4
5654,16,442,4
5655,16,7552,4
5656,16,993,4
5657,16,655,4
5658,16,711,4
5659,16,164,3
5660,16,1407,3
5661,16,21,3
5662,16,1286,3
5663,16,1664,3
5664,16,121,3
5665,16,65,3
5666,16,353,3
5667,16,40,3
5668,16,100,3
5669,16,1091,3
5670,16,42,3
5671,16,565,3
5672,16,470,3
5673,16,44,3
5674,16,419,3
5675,16,981,2
5676,16,171,2
5677,16,509,2
5678,16,2257,2
5679,16,60,2
5680,16,392,2
5681,16,177,2
5682,16,7596,2
5683,16,2003,2
5684,16,781,2
5685,16,1983,2
5686,16,367,2
5687,16,1640,2
5688,16,148,2
5689,16,3516,2
5690,16,7550,2
5691,16,270,2
5692,16,1925,2
5693,16,72,2
5694,16,771,2
5695,16,503,2
5696,16,145,2
5697,16,34,1
5698,16,3194,1
5699,16,2340,1
5700,16,1459,1
5701,16,70,1
5702,16,25,1
5703,16,30,1
5704,16,1322,1
5705,16,2954,1
5706,16,2206,1
5707,16,2950,1
5708,16,2944,1
5709,16,2077,1
5710,16,265,1
5711,16,2930,1
5712,16,1427,1
5713,16,1326,1
5714,16,219,1
5715,16,926,1
5716,16,1010,1
5717,16,406,1
5718,16,449,1
5719,16,2001,1
5720,16,2565,1
5721,16,2556,1
5722,16,88,1
5723,16,45,1
5724,16,226,1
5725,16,187,1
5726,16,223,1
5727,16,341,1
5728,16,850,1
5729,16,154,1
5730,16,537,1
5731,16,7582,1
5732,16,250,1
5733,16,1093,1
5734,16,1409,1
5735,16,1222,1
5736,16,1090,1
5737,16,298,1
5738,16,534,1
5739,16,1922,1
5740,16,1610,1
5741,16,1083,1
5742,16,1917,1
5743,16,138,1
5744,16,237,1
5745,16,710,1
5746,16,607,1
5747,16,2445,1
5748,16,1914,1
5749,16,1212,1
5750,16,842,1
5751,16,1910,1
5752,16,768,1
5753,16,7438,-1
5754,16,80,-2
5755,16,7587,-10
5756,159,17,9
5757,7603,17,7
5758,26,17,6
5759,60,17,5
5760,197,17,5
5761,47,17,5
5762,728,17,5
5763,22,17,5
5764,20,17,4
5765,1300,17,4
5766,451,17,3
5767,807,17,3
5768,1746,17,3
5769,1735,17,3
5770,98,17,3
5771,21,17,3
5772,2125,17,3
5773,97,17,3
5774,75,17,3
5775,212,17,3
5776,544,17,3
5777,42,17,3
5778,287,17,2
5779,639,17,2
5780,350,17,2
5781,176,17,2
5782,63,17,2
5783,7410,17,2
5784,306,17,2
5785,156,17,2
5786,549,17,2
5787,798,17,2
5788,1304,17,2
5789,203,17,2
5790,40,17,2
5791,193,17,2
5792,113,17,2
5793,51,17,2
5794,107,17,2
5795,135,17,2
5796,942,17,2
5797,55,17,2
5798,344,17,2
5799,48,17,2
5800,660,17,2
5801,79,17,2
5802,934,17,2
5803,1785,17,1
5804,166,17,1
5805,411,17,1
5806,88,17,1
5807,265,17,1
5808,284,17,1
5809,38,17,1
5810,2206,17,1
5811,7403,17,1
5812,31,17,1
5813,5140,17,1
5814,67,17,1
5815,946,17,1
5816,255,17,1
5817,1282,17,1
5818,39,17,1
5819,1305,17,1
5820,1490,17,1
5821,362,17,1
5822,1489,17,1
5823,686,17,1
5824,799,17,1
5825,70,17,1
5826,2821,17,1
5827,277,17,1
5828,142,17,1
5829,65,17,1
5830,2143,17,1
5831,1732,17,1
5832,78,17,1
5833,360,17,1
5834,871,17,1
5835,315,17,1
5836,122,17,1
5837,188,17,1
5838,211,17,1
5839,219,17,1
5840,681,17,1
5841,1471,17,1
5842,2738,17,1
5843,66,17,1
5844,137,17,1
5845,145,17,1
5846,622,17,1
5847,542,17,1
5848,140,17,1
5849,355,17,1
5850,2105,17,1
5851,77,17,1
5852,1989,17,1
5853,580,17,1
5854,680,17,1
5855,1691,17,1
5856,516,17,1
5857,1497,17,-1
5858,17,159,6
5859,17,20,6
5860,17,176,5
5861,17,113,5
5862,17,26,5
5863,17,47,5
5864,17,145,5
5865,17,39,4
5866,17,272,4
5867,17,101,4
5868,17,1300,4
5869,17,60,4
5870,17,55,4
5871,17,451,3
5872,17,284,3
5873,17,521,3
5874,17,549,3
5875,17,38,3
5876,17,483,3
5877,17,40,3
5878,17,1735,3
5879,17,65,3
5880,17,21,3
5881,17,66,3
5882,17,544,3
5883,17,75,3
5884,17,287,2
5885,17,639,2
5886,17,350,2
5887,17,807,2
5888,17,63,2
5889,17,1497,2
5890,17,31,2
5891,17,156,2
5892,17,1305,2
5893,17,1746,2
5894,17,1304,2
5895,17,203,2
5896,17,197,2
5897,17,193,2
5898,17,98,2
5899,17,51,2
5900,17,107,2
5901,17,135,2
5902,17,942,2
5903,17,211,2
5904,17,728,2
5905,17,2125,2
5906,17,22,2
5907,17,344,2
5908,17,48,2
5909,17,79,2
5910,17,140,2
5911,17,42,2
5912,17,97,2
5913,17,680,2
5914,17,934,2
5915,17,748,1
5916,17,1785,1
5917,17,166,1
5918,17,411,1
5919,17,265,1
5920,17,306,1
5921,17,2206,1
5922,17,5140,1
5923,17,67,1
5924,17,946,1
5925,17,255,1
5926,17,1282,1
5927,17,362,1
5928,17,1490,1
5929,17,1489,1
5930,17,686,1
5931,17,799,1
5932,17,133,1
5933,17,70,1
5934,17,2821,1
5935,17,277,1
5936,17,142,1
5937,17,2143,1
5938,17,1732,1
5939,17,2797,1
5940,17,78,1
5941,17,360,1
5942,17,871,1
5943,17,315,1
5944,17,122,1
5945,17,188,1
5946,17,219,1
5947,17,681,1
5948,17,1471,1
5949,17,212,1
5950,17,2738,1
5951,17,137,1
5952,17,622,1
5953,17,542,1
5954,17,660,1
5955,17,355,1
5956,17,77,1
5957,17,580,1
5958,17,1691,1
5959,17,516,1
5960,17,7410,-10
5961,243,18,10
5962,57,18,9
5963,872,18,9
5964,1170,18,8
5965,594,18,8
5966,860,18,8
5967,74,18,7
5968,1306,18,7
5969,7603,18,7
5970,7565,18,6
5971,1525,18,5
5972,220,18,5
5973,455,18,5
5974,690,18,5
5975,868,18,5
5976,1130,18,5
5977,91,18,4
5978,2199,18,4
5979,346,18,4
5980,72,18,4
5981,194,18,3
5982,1800,18,3
5983,2228,18,3
5984,256,18,3
5985,1442,18,3
5986,866,18,2
5987,1703,18,2
5988,1564,18,2
5989,1526,18,2
5990,945,18,2
5991,1164,18,2
5992,260,18,2
5993,2200,18,2
5994,2139,18,2
5995,38,18,2
5996,2803,18,2
5997,543,18,2
5998,736,18,2
5999,384,18,2
6000,7372,18,2
6001,630,18,2
6002,733,18,2
6003,386,18,2
6004,437,18,2
6005,2091,18,1
6006,1271,18,1
6007,2693,18,1
6008,729,18,1
6009,2086,18,1
6010,79,18,1
6011,151,18,1
6012,454,18,1
6013,3053,18,1
6014,954,18,1
6015,2961,18,1
6016,874,18,1
6017,1305,18,1
6018,160,18,1
6019,117,18,1
6020,2690,18,1
6021,121,18,1
6022,2118,18,1
6023,40,18,1
6024,50,18,1
6025,1284,18,1
6026,613,18,1
6027,2758,18,1
6028,542,18,1
6029,2097,18,1
6030,1477,18,1
6031,26,18,1
6032,154,18,1
6033,274,18,1
6034,33,18,1
6035,2106,18,1
6036,2710,18,1
6037,18,243,10
6038,18,74,10
6039,18,294,10
6040,18,57,9
6041,18,160,9
6042,18,91,8
6043,18,860,8
6044,18,1170,5
6045,18,594,5
6046,18,220,5
6047,18,1306,5
6048,18,455,5
6049,18,690,5
6050,18,872,5
6051,18,7565,5
6052,18,868,5
6053,18,346,4
6054,18,194,3
6055,18,1564,3
6056,18,1800,3
6057,18,72,3
6058,18,1130,3
6059,18,729,2
6060,18,1703,2
6061,18,945,2
6062,18,1164,2
6063,18,2228,2
6064,18,260,2
6065,18,2200,2
6066,18,117,2
6067,18,256,2
6068,18,7603,2
6069,18,543,2
6070,18,736,2
6071,18,384,2
6072,18,7372,2
6073,18,1442,2
6074,18,733,2
6075,18,386,2
6076,18,2091,1
6077,18,1271,1
6078,18,2693,1
6079,18,2086,1
6080,18,866,1
6081,18,79,1
6082,18,151,1
6083,18,454,1
6084,18,1526,1
6085,18,1525,1
6086,18,3053,1
6087,18,2247,1
6088,18,954,1
6089,18,2961,1
6090,18,2199,1
6091,18,1305,1
6092,18,38,1
6093,18,2803,1
6094,18,121,1
6095,18,2690,1
6096,18,2118,1
6097,18,40,1
6098,18,50,1
6099,18,1284,1
6100,18,613,1
6101,18,2758,1
6102,18,542,1
6103,18,2097,1
6104,18,630,1
6105,18,1477,1
6106,18,26,1
6107,18,154,1
6108,18,274,1
6109,18,33,1
6110,18,2106,1
6111,18,2710,1
6112,18,437,1
6113,34,19,10
6114,292,19,8
6115,49,19,8
6116,207,19,7
6117,30,19,6
6118,93,19,6
6119,321,19,5
6120,29,19,5
6121,24,19,5
6122,335,19,5
6123,708,19,4
6124,85,19,4
6125,33,19,4
6126,31,19,4
6127,288,19,4
6128,36,19,4
6129,73,19,3
6130,88,19,3
6131,22,19,3
6132,110,19,3
6133,1374,19,3
6134,757,19,3
6135,32,19,3
6136,118,19,3
6137,116,19,3
6138,95,19,3
6139,82,19,2
6140,53,19,2
6141,1368,19,2
6142,43,19,2
6143,3364,19,2
6144,164,19,2
6145,650,19,2
6146,241,19,2
6147,125,19,2
6148,191,19,2
6149,1578,19,2
6150,3254,19,2
6151,59,19,2
6152,262,19,2
6153,1590,19,1
6154,1392,19,1
6155,163,19,1
6156,145,19,1
6157,141,19,1
6158,245,19,1
6159,97,19,1
6160,58,19,1
6161,250,19,1
6162,1370,19,1
6163,96,19,1
6164,402,19,1
6165,7568,19,1
6166,1199,19,1
6167,647,19,1
6168,398,19,1
6169,1192,19,1
6170,1882,19,1
6171,72,19,1
6172,173,19,1
6173,7585,19,1
6174,259,19,1
6175,980,19,1
6176,551,19,1
6177,87,19,1
6178,154,19,1
6179,7391,19,1
6180,707,19,1
6181,291,19,1
6182,894,19,1
6183,158,19,1
6184,1581,19,1
6185,783,19,1
6186,666,19,1
6187,26,19,1
6188,1322,19,1
6189,128,19,1
6190,2388,19,1
6191,818,19,1
6192,197,19,1
6193,7406,19,1
6194,1031,19,1
6195,1184,19,1
6196,3185,19,1
6197,1574,19,1
6198,92,19,1
6199,86,19,-1
6200,2336,19,-5
6201,19,34,10
6202,19,49,8
6203,19,335,7
6204,19,207,6
6205,19,30,6
6206,19,93,6
6207,19,36,6
6208,19,708,5
6209,19,164,5
6210,19,321,5
6211,19,292,5
6212,19,29,5
6213,19,85,4
6214,19,32,4
6215,19,31,4
6216,19,288,4
6217,19,118,3
6218,19,302,3
6219,19,73,3
6220,19,22,3
6221,19,43,3
6222,19,24,3
6223,19,82,2
6224,19,110,2
6225,19,1368,2
6226,19,580,2
6227,19,33,2
6228,19,191,2
6229,19,116,2
6230,19,95,2
6231,19,1578,2
6232,19,59,2
6233,19,262,2
6234,19,1392,1
6235,19,27,1
6236,19,145,1
6237,19,497,1
6238,19,141,1
6239,19,53,1
6240,19,245,1
6241,19,97,1
6242,19,250,1
6243,19,1370,1
6244,19,96,1
6245,19,3373,1
6246,19,88,1
6247,19,402,1
6248,19,7568,1
6249,19,1199,1
6250,19,3364,1
6251,19,647,1
6252,19,398,1
6253,19,1192,1
6254,19,1882,1
6255,19,1374,1
6256,19,72,1
6257,19,650,1
6258,19,295,1
6259,19,757,1
6260,19,241,1
6261,19,259,1
6262,19,125,1
6263,19,87,1
6264,19,154,1
6265,19,7391,1
6266,19,707,1
6267,19,291,1
6268,19,894,1
6269,19,158,1
6270,19,1581,1
6271,19,783,1
6272,19,26,1
6273,19,42,1
6274,19,666,1
6275,19,332,1
6276,19,1322,1
6277,19,551,1
6278,19,128,1
6279,19,2388,1
6280,19,818,1
6281,19,197,1
6282,19,3254,1
6283,19,7406,1
6284,19,1031,1
6285,19,3185,1
6286,19,1184,1
6287,19,1574,1
6288,19,92,1
6289,19,86,-1
6290,19,2336,-3
6291,19,7446,-10
6292,19,7585,-10
6293,19,7563,-10
6294,7517,20,10
6295,159,20,10
6296,870,20,10
6297,7603,20,9
6298,22,20,9
6299,37,20,8
6300,47,20,8
6301,1042,20,7
6302,892,20,5
6303,807,20,5
6304,176,20,5
6305,372,20,5
6306,31,20,4
6307,122,20,4
6308,489,20,4
6309,52,20,4
6310,152,20,4
6311,211,20,4
6312,38,20,4
6313,212,20,4
6314,491,20,3
6315,133,20,3
6316,66,20,3
6317,272,20,3
6318,586,20,3
6319,730,20,2
6320,88,20,2
6321,267,20,2
6322,1771,20,2
6323,65,20,2
6324,108,20,2
6325,26,20,2
6326,7547,20,2
6327,131,20,2
6328,155,20,2
6329,231,20,2
6330,1269,20,1
6331,30,20,1
6332,70,20,1
6333,198,20,1
6334,304,20,1
6335,1145,20,1
6336,1127,20,1
6337,729,20,1
6338,20,22,9
6339,20,31,8
6340,20,37,8
6341,20,47,8
6342,20,188,8
6343,20,65,8
6344,20,1042,7
6345,20,159,7
6346,20,231,6
6347,20,730,5
6348,20,489,5
6349,20,372,5
6350,20,66,5
6351,20,366,5
6352,20,52,4
6353,20,152,4
6354,20,176,4
6355,20,145,4
6356,20,1301,4
6357,20,211,4
6358,20,38,4
6359,20,892,3
6360,20,491,3
6361,20,122,3
6362,20,90,3
6363,20,241,3
6364,20,212,3
6365,20,586,3
6366,20,272,3
6367,20,729,3
6368,20,41,2
6369,20,83,2
6370,20,807,2
6371,20,1771,2
6372,20,45,2
6373,20,108,2
6374,20,26,2
6375,20,131,2
6376,20,155,2
6377,20,870,2
6378,20,1269,1
6379,20,198,1
6380,20,1145,1
6381,20,60,1
6382,20,1127,1
6383,20,177,-1
6384,20,7565,-2
6385,20,7577,-5
6386,20,7547,-10
6387,25,21,10
6388,181,21,10
6389,205,21,6
6390,266,21,6
6391,85,21,6
6392,329,21,5
6393,110,21,5
6394,157,21,5
6395,37,21,5
6396,30,21,4
6397,137,21,4
6398,348,21,4
6399,62,21,4
6400,201,21,4
6401,52,21,3
6402,277,21,3
6403,738,21,3
6404,100,21,3
6405,51,21,3
6406,33,21,2
6407,319,21,2
6408,185,21,2
6409,77,21,2
6410,295,21,2
6411,5342,21,2
6412,22,21,2
6413,1152,21,2
6414,90,21,2
6415,83,21,2
6416,798,21,2
6417,946,21,2
6418,211,21,2
6419,45,21,2
6420,173,21,1
6421,47,21,1
6422,1159,21,1
6423,700,21,1
6424,748,21,1
6425,71,21,1
6426,878,21,1
6427,807,21,1
6428,350,21,1
6429,197,21,1
6430,530,21,1
6431,225,21,1
6432,509,21,1
6433,621,21,1
6434,360,21,1
6435,362,21,1
6436,7588,21,1
6437,961,21,1
6438,1298,21,1
6439,956,21,1
6440,78,21,1
6441,2759,21,1
6442,264,21,1
6443,1254,21,1
6444,70,21,1
6445,393,21,1
6446,361,21,1
6447,484,21,1
6448,145,21,1
6449,347,21,1
6450,585,21,1
6451,40,21,1
6452,7603,21,1
6453,48,21,1
6454,39,21,1
6455,580,21,1
6456,254,21,1
6457,579,21,1
6458,130,21,1
6459,1004,21,1
6460,669,21,1
6461,2520,21,1
6462,2486,21,1
6463,534,21,1
6464,42,21,1
6465,7552,21,1
6466,235,21,1
6467,99,21,1
6468,21,25,10
6469,21,41,10
6470,21,85,6
6471,21,205,5
6472,21,266,5
6473,21,329,5
6474,21,277,4
6475,21,157,4
6476,21,110,4
6477,21,274,4
6478,21,51,4
6479,21,45,4
6480,21,916,4
6481,21,30,3
6482,21,295,3
6483,21,362,3
6484,21,52,3
6485,21,62,3
6486,21,738,3
6487,21,1297,3
6488,21,201,3
6489,21,37,3
6490,21,77,2
6491,21,137,2
6492,21,5342,2
6493,21,1152,2
6494,21,90,2
6495,21,83,2
6496,21,100,2
6497,21,798,2
6498,21,1307,2
6499,21,181,2
6500,21,47,1
6501,21,700,1
6502,21,748,1
6503,21,89,1
6504,21,563,1
6505,21,878,1
6506,21,33,1
6507,21,319,1
6508,21,71,1
6509,21,197,1
6510,21,530,1
6511,21,225,1
6512,21,509,1
6513,21,621,1
6514,21,185,1
6515,21,360,1
6516,21,961,1
6517,21,1298,1
6518,21,78,1
6519,21,2759,1
6520,21,348,1
6521,21,264,1
6522,21,956,1
6523,21,552,1
6524,21,22,1
6525,21,522,1
6526,21,70,1
6527,21,393,1
6528,21,1986,1
6529,21,361,1
6530,21,145,1
6531,21,347,1
6532,21,585,1
6533,21,946,1
6534,21,7603,1
6535,21,48,1
6536,21,580,1
6537,21,28,1
6538,21,579,1
6539,21,1004,1
6540,21,669,1
6541,21,2520,1
6542,21,2486,1
6543,21,534,1
6544,21,42,1
6545,21,7552,1
6546,21,235,1
6547,21,99,1
6548,47,22,8
6549,159,22,7
6550,24,22,6
6551,31,22,5
6552,44,22,5
6553,7603,22,5
6554,203,22,4
6555,26,22,4
6556,210,22,4
6557,165,22,3
6558,641,22,3
6559,196,22,3
6560,124,22,3
6561,306,22,3
6562,135,22,3
6563,108,22,3
6564,1023,22,3
6565,7565,22,3
6566,1638,22,3
6567,90,22,3
6568,131,22,2
6569,369,22,2
6570,2317,22,2
6571,61,22,2
6572,73,22,2
6573,7518,22,2
6574,2239,22,2
6575,106,22,2
6576,123,22,2
6577,589,22,2
6578,40,22,2
6579,681,22,2
6580,683,22,2
6581,735,22,2
6582,42,22,2
6583,39,22,2
6584,851,22,2
6585,152,22,2
6586,1132,22,2
6587,140,22,2
6588,295,22,1
6589,191,22,1
6590,2336,22,1
6591,253,22,1
6592,3134,22,1
6593,703,22,1
6594,491,22,1
6595,2310,22,1
6596,179,22,1
6597,145,22,1
6598,7555,22,1
6599,396,22,1
6600,205,22,1
6601,122,22,1
6602,103,22,1
6603,487,22,1
6604,347,22,1
6605,150,22,1
6606,38,22,1
6607,259,22,1
6608,1285,22,1
6609,2171,22,1
6610,70,22,1
6611,1301,22,1
6612,117,22,1
6613,257,22,1
6614,255,22,1
6615,1258,22,1
6616,1295,22,1
6617,685,22,1
6618,51,22,1
6619,2159,22,1
6620,156,22,1
6621,1736,22,1
6622,2817,22,1
6623,67,22,1
6624,346,22,1
6625,933,22,1
6626,7563,22,1
6627,2773,22,1
6628,284,22,1
6629,869,22,1
6630,1278,22,1
6631,2638,22,1
6632,2079,22,1
6633,452,22,1
6634,75,22,1
6635,539,22,1
6636,2119,22,1
6637,613,22,1
6638,7579,22,-1
6639,170,22,-2
6640,22,47,8
6641,22,23,8
6642,22,159,7
6643,22,302,6
6644,22,99,6
6645,22,70,6
6646,22,24,6
6647,22,39,6
6648,22,37,5
6649,22,1113,5
6650,22,203,5
6651,22,342,4
6652,22,196,4
6653,22,165,4
6654,22,145,4
6655,22,38,4
6656,22,306,4
6657,22,123,4
6658,22,272,4
6659,22,35,4
6660,22,135,4
6661,22,108,4
6662,22,90,4
6663,22,44,4
6664,22,210,4
6665,22,641,3
6666,22,188,3
6667,22,185,3
6668,22,66,3
6669,22,1023,3
6670,22,681,3
6671,22,284,3
6672,22,626,3
6673,22,26,3
6674,22,561,2
6675,22,369,2
6676,22,2317,2
6677,22,61,2
6678,22,179,2
6679,22,31,2
6680,22,73,2
6681,22,64,2
6682,22,7518,2
6683,22,122,2
6684,22,2239,2
6685,22,103,2
6686,22,150,2
6687,22,106,2
6688,22,189,2
6689,22,802,2
6690,22,133,2
6691,22,117,2
6692,22,589,2
6693,22,685,2
6694,22,51,2
6695,22,683,2
6696,22,101,2
6697,22,40,2
6698,22,42,2
6699,22,851,2
6700,22,1132,2
6701,22,152,2
6702,22,140,2
6703,22,295,1
6704,22,2336,1
6705,22,191,1
6706,22,2651,1
6707,22,253,1
6708,22,3134,1
6709,22,703,1
6710,22,29,1
6711,22,2310,1
6712,22,358,1
6713,22,424,1
6714,22,396,1
6715,22,2255,1
6716,22,593,1
6717,22,33,1
6718,22,43,1
6719,22,205,1
6720,22,41,1
6721,22,487,1
6722,22,166,1
6723,22,347,1
6724,22,330,1
6725,22,80,1
6726,22,110,1
6727,22,259,1
6728,22,1285,1
6729,22,940,1
6730,22,638,1
6731,22,1744,1
6732,22,2171,1
6733,22,1301,1
6734,22,949,1
6735,22,255,1
6736,22,2745,1
6737,22,1258,1
6738,22,1295,1
6739,22,2159,1
6740,22,156,1
6741,22,1736,1
6742,22,2817,1
6743,22,67,1
6744,22,346,1
6745,22,1138,1
6746,22,1638,1
6747,22,933,1
6748,22,2773,1
6749,22,384,1
6750,22,869,1
6751,22,735,1
6752,22,1278,1
6753,22,2638,1
6754,22,1218,1
6755,22,2079,1
6756,22,452,1
6757,22,75,1
6758,22,539,1
6759,22,2119,1
6760,22,613,1
6761,22,7513,-1
6762,22,170,-2
6763,22,7600,-3
6764,22,7583,-3
6765,22,7579,-3
6766,22,7565,-4
6767,22,7483,-4
6768,22,7580,-5
6769,22,7535,-5
6770,22,7603,-5
6771,22,7593,-5
6772,22,7555,-10
6773,1082,23,8
6774,440,23,6
6775,437,23,6
6776,656,23,6
6777,1456,23,5
6778,1416,23,5
6779,119,23,5
6780,129,23,5
6781,236,23,5
6782,503,23,5
6783,54,23,5
6784,500,23,5
6785,844,23,5
6786,389,23,4
6787,932,23,4
6788,470,23,4
6789,1422,23,4
6790,293,23,4
6791,770,23,4
6792,501,23,4
6793,842,23,4
6794,443,23,3
6795,1220,23,3
6796,1613,23,3
6797,713,23,3
6798,167,23,3
6799,772,23,3
6800,847,23,3
6801,298,23,3
6802,1400,23,3
6803,1401,23,3
6804,44,23,3
6805,564,23,2
6806,84,23,2
6807,504,23,2
6808,607,23,2
6809,845,23,2
6810,401,23,2
6811,908,23,2
6812,1911,23,2
6813,710,23,2
6814,99,23,2
6815,1226,23,2
6816,139,23,2
6817,768,23,2
6818,537,23,1
6819,848,23,1
6820,658,23,1
6821,2443,23,1
6822,2447,23,1
6823,1402,23,1
6824,1080,23,1
6825,466,23,1
6826,1078,23,1
6827,1601,23,1
6828,1398,23,1
6829,2438,23,1
6830,935,23,1
6831,1087,23,1
6832,512,23,1
6833,40,23,1
6834,23,129,10
6835,23,469,7
6836,23,656,6
6837,23,437,5
6838,23,844,5
6839,23,1131,4
6840,23,389,4
6841,23,564,4
6842,23,293,4
6843,23,770,4
6844,23,843,4
6845,23,607,4
6846,23,500,4
6847,23,842,4
6848,23,713,3
6849,23,772,3
6850,23,847,3
6851,23,153,3
6852,23,1400,3
6853,23,1401,3
6854,23,1613,2
6855,23,1082,2
6856,23,167,2
6857,23,504,2
6858,23,501,2
6859,23,298,2
6860,23,845,2
6861,23,908,2
6862,23,1911,2
6863,23,99,2
6864,23,108,2
6865,23,1226,2
6866,23,139,2
6867,23,710,2
6868,23,44,2
6869,23,768,2
6870,23,848,1
6871,23,119,1
6872,23,440,1
6873,23,773,1
6874,23,2443,1
6875,23,2447,1
6876,23,503,1
6877,23,1402,1
6878,23,138,1
6879,23,401,1
6880,23,1080,1
6881,23,466,1
6882,23,2441,1
6883,23,1078,1
6884,23,84,1
6885,23,1601,1
6886,23,1398,1
6887,23,2438,1
6888,23,935,1
6889,23,1919,1
6890,23,1087,1
6891,23,512,1
6892,23,40,1
6893,34,24,6
6894,26,24,6
6895,205,24,5
6896,63,24,5
6897,88,24,5
6898,47,24,5
6899,7603,24,5
6900,173,24,4
6901,107,24,4
6902,124,24,4
6903,85,24,4
6904,32,24,4
6905,185,24,4
6906,798,24,4
6907,308,24,3
6908,49,24,3
6909,562,24,3
6910,190,24,3
6911,67,24,3
6912,70,24,3
6913,117,24,3
6914,33,24,3
6915,51,24,2
6916,36,24,2
6917,145,24,2
6918,494,24,2
6919,621,24,2
6920,703,24,2
6921,632,24,2
6922,125,24,2
6923,73,24,2
6924,95,24,2
6925,1029,24,2
6926,159,24,2
6927,177,24,2
6928,25,24,2
6929,201,24,2
6930,31,24,2
6931,44,24,2
6932,42,24,2
6933,485,24,2
6934,371,24,1
6935,72,24,1
6936,154,24,1
6937,241,24,1
6938,191,24,1
6939,3253,24,1
6940,83,24,1
6941,1856,24,1
6942,818,24,1
6943,6014,24,1
6944,3147,24,1
6945,7512,24,1
6946,345,24,1
6947,374,24,1
6948,110,24,1
6949,143,24,1
6950,643,24,1
6951,941,24,1
6952,885,24,1
6953,1351,24,1
6954,166,24,1
6955,90,24,1
6956,62,24,1
6957,7377,24,1
6958,411,24,1
6959,50,24,1
6960,949,24,1
6961,211,24,1
6962,316,24,1
6963,588,24,1
6964,2147,24,1
6965,77,24,1
6966,1731,24,1
6967,24,1691,10
6968,24,63,6
6969,24,32,6
6970,24,308,5
6971,24,34,5
6972,24,145,5
6973,24,88,5
6974,24,124,5
6975,24,70,5
6976,24,47,5
6977,24,185,5
6978,24,85,4
6979,24,31,4
6980,24,484,3
6981,24,269,3
6982,24,49,3
6983,24,173,3
6984,24,125,3
6985,24,107,3
6986,24,51,3
6987,24,67,3
6988,24,25,3
6989,24,33,3
6990,24,949,3
6991,24,122,2
6992,24,412,2
6993,24,36,2
6994,24,494,2
6995,24,621,2
6996,24,5342,2
6997,24,1029,2
6998,24,95,2
6999,24,159,2
7000,24,29,2
7001,24,201,2
7002,24,50,2
7003,24,42,2
7004,24,98,1
7005,24,288,1
7006,24,371,1
7007,24,708,1
7008,24,94,1
7009,24,72,1
7010,24,241,1
7011,24,250,1
7012,24,93,1
7013,24,191,1
7014,24,249,1
7015,24,229,1
7016,24,126,1
7017,24,7562,1
7018,24,83,1
7019,24,1856,1
7020,24,168,1
7021,24,134,1
7022,24,3147,1
7023,24,703,1
7024,24,632,1
7025,24,7512,1
7026,24,345,1
7027,24,374,1
7028,24,110,1
7029,24,143,1
7030,24,643,1
7031,24,941,1
7032,24,73,1
7033,24,885,1
7034,24,1351,1
7035,24,166,1
7036,24,549,1
7037,24,443,1
7038,24,62,1
7039,24,562,1
7040,24,411,1
7041,24,133,1
7042,24,117,1
7043,24,44,1
7044,24,211,1
7045,24,485,1
7046,24,316,1
7047,24,588,1
7048,24,2147,1
7049,24,77,1
7050,24,1731,1
7051,24,7565,-1
7052,24,7600,-1
7053,24,798,-1
7054,24,7377,-5
7055,24,190,-5
7056,24,7548,-10
7057,24,90,-10
7058,265,25,10
7059,284,25,8
7060,177,25,7
7061,876,25,5
7062,1326,25,5
7063,52,25,5
7064,95,25,3
7065,31,25,3
7066,696,25,3
7067,249,25,3
7068,1136,25,3
7069,29,25,3
7070,686,25,3
7071,592,25,3
7072,115,25,2
7073,523,25,2
7074,329,25,2
7075,36,25,2
7076,2280,25,2
7077,53,25,2
7078,33,25,2
7079,62,25,2
7080,124,25,2
7081,332,25,2
7082,228,25,2
7083,1165,25,2
7084,318,25,2
7085,656,25,2
7086,1787,25,2
7087,60,25,2
7088,32,25,2
7089,133,25,2
7090,799,25,2
7091,145,25,2
7092,90,25,2
7093,663,25,1
7094,7509,25,1
7095,641,25,1
7096,1830,25,1
7097,1342,25,1
7098,1336,25,1
7099,1792,25,1
7100,47,25,1
7101,2308,25,1
7102,7551,25,1
7103,492,25,1
7104,97,25,1
7105,3082,25,1
7106,396,25,1
7107,395,25,1
7108,140,25,1
7109,7540,25,1
7110,813,25,1
7111,143,25,1
7112,287,25,1
7113,78,25,1
7114,3043,25,1
7115,370,25,1
7116,7548,25,1
7117,1340,25,1
7118,1788,25,1
7119,7553,25,1
7120,2135,25,1
7121,693,25,1
7122,2980,25,1
7123,172,25,1
7124,122,25,1
7125,166,25,1
7126,7588,25,1
7127,295,25,1
7128,1776,25,1
7129,266,25,1
7130,43,25,1
7131,37,25,1
7132,190,25,1
7133,801,25,1
7134,187,25,1
7135,804,25,1
7136,7565,25,1
7137,487,25,1
7138,1764,25,1
7139,2196,25,1
7140,1031,25,1
7141,1034,25,1
7142,258,25,1
7143,479,25,1
7144,142,25,1
7145,7593,25,1
7146,949,25,1
7147,1032,25,1
7148,739,25,1
7149,1492,25,1
7150,25,265,8
7151,25,284,8
7152,25,52,5
7153,25,31,3
7154,25,696,3
7155,25,249,3
7156,25,29,3
7157,25,801,3
7158,25,686,3
7159,25,592,3
7160,25,145,3
7161,25,95,2
7162,25,329,2
7163,25,2280,2
7164,25,55,2
7165,25,62,2
7166,25,124,2
7167,25,332,2
7168,25,228,2
7169,25,1165,2
7170,25,523,2
7171,25,318,2
7172,25,876,2
7173,25,1787,2
7174,25,41,2
7175,25,32,2
7176,25,60,2
7177,25,1326,2
7178,25,133,2
7179,25,115,1
7180,25,663,1
7181,25,701,1
7182,25,7509,1
7183,25,641,1
7184,25,244,1
7185,25,1830,1
7186,25,1342,1
7187,25,1336,1
7188,25,1792,1
7189,25,47,1
7190,25,2308,1
7191,25,7551,1
7192,25,492,1
7193,25,97,1
7194,25,36,1
7195,25,3082,1
7196,25,396,1
7197,25,395,1
7198,25,3071,1
7199,25,140,1
7200,25,7540,1
7201,25,813,1
7202,25,143,1
7203,25,33,1
7204,25,287,1
7205,25,78,1
7206,25,3043,1
7207,25,26,1
7208,25,370,1
7209,25,656,1
7210,25,1340,1
7211,25,1788,1
7212,25,7553,1
7213,25,1155,1
7214,25,2135,1
7215,25,693,1
7216,25,2980,1
7217,25,172,1
7218,25,1136,1
7219,25,122,1
7220,25,166,1
7221,25,7588,1
7222,25,295,1
7223,25,1776,1
7224,25,266,1
7225,25,43,1
7226,25,37,1
7227,25,593,1
7228,25,187,1
7229,25,804,1
7230,25,7565,1
7231,25,487,1
7232,25,1764,1
7233,25,2196,1
7234,25,1031,1
7235,25,799,1
7236,25,1034,1
7237,25,258,1
7238,25,479,1
7239,25,142,1
7240,25,90,1
7241,25,949,1
7242,25,1032,1
7243,25,739,1
7244,25,1492,1
7245,25,7548,-1
7246,25,177,-1
7247,25,7593,-10
7248,177,26,9
7249,32,26,8
7250,93,26,6
7251,47,26,6
7252,85,26,5
7253,6257,26,4
7254,67,26,4
7255,111,26,3
7256,7595,26,3
7257,348,26,3
7258,318,26,3
7259,7603,26,3
7260,613,26,3
7261,212,26,3
7262,34,26,2
7263,191,26,2
7264,51,26,2
7265,112,26,2
7266,27,26,2
7267,190,26,2
7268,7565,26,2
7269,52,26,2
7270,133,26,2
7271,277,26,2
7272,589,26,2
7273,100,26,2
7274,1294,26,2
7275,1128,26,2
7276,683,26,2
7277,315,26,2
7278,132,26,2
7279,155,26,2
7280,125,26,1
7281,58,26,1
7282,95,26,1
7283,105,26,1
7284,207,26,1
7285,3304,26,1
7286,245,26,1
7287,173,26,1
7288,266,26,1
7289,73,26,1
7290,1378,26,1
7291,128,26,1
7292,1876,26,1
7293,2372,26,1
7294,116,26,1
7295,242,26,1
7296,165,26,1
7297,247,26,1
7298,308,26,1
7299,2650,26,1
7300,248,26,1
7301,391,26,1
7302,172,26,1
7303,229,26,1
7304,494,26,1
7305,6369,26,1
7306,1568,26,1
7307,1175,26,1
7308,693,26,1
7309,286,26,1
7310,1059,26,1
7311,333,26,1
7312,295,26,1
7313,244,26,1
7314,199,26,1
7315,748,26,1
7316,88,26,1
7317,373,26,1
7318,331,26,1
7319,330,26,1
7320,187,26,1
7321,2250,26,1
7322,7443,26,1
7323,62,26,1
7324,170,26,1
7325,83,26,1
7326,684,26,1
7327,1946,26,1
7328,804,26,1
7329,219,26,1
7330,166,26,1
7331,38,26,1
7332,211,26,1
7333,411,26,1
7334,66,26,1
7335,941,26,1
7336,350,26,1
7337,69,26,1
7338,55,26,1
7339,1309,26,1
7340,798,26,1
7341,157,26,1
7342,386,26,1
7343,70,26,1
7344,1458,26,1
7345,145,26,1
7346,75,26,1
7347,7457,26,1
7348,632,26,1
7349,485,26,1
7350,777,26,1
7351,39,26,1
7352,142,26,1
7353,409,26,1
7354,33,26,1
7355,1427,26,1
7356,45,26,1
7357,505,26,1
7358,193,26,1
7359,305,26,1
7360,942,26,1
7361,943,26,1
7362,1137,26,1
7363,1711,26,1
7364,284,26,1
7365,1021,26,1
7366,231,26,1
7367,2336,26,-1
7368,59,26,-1
7369,2358,26,-3
7370,7598,26,-10
7371,7602,26,-10
7372,26,279,10
7373,26,88,10
7374,26,29,9
7375,26,93,8
7376,26,47,6
7377,26,242,5
7378,26,112,5
7379,26,308,4
7380,26,2280,4
7381,26,32,4
7382,26,67,4
7383,26,245,3
7384,26,111,3
7385,26,7514,3
7386,26,27,3
7387,26,166,3
7388,26,33,3
7389,26,190,3
7390,26,348,3
7391,26,52,3
7392,26,485,3
7393,26,211,3
7394,26,49,2
7395,26,116,2
7396,26,191,2
7397,26,262,2
7398,26,7595,2
7399,26,268,2
7400,26,51,2
7401,26,70,2
7402,26,373,2
7403,26,83,2
7404,26,100,2
7405,26,1138,2
7406,26,318,2
7407,26,933,2
7408,26,1030,2
7409,26,386,2
7410,26,133,2
7411,26,277,2
7412,26,145,2
7413,26,75,2
7414,26,589,2
7415,26,142,2
7416,26,1294,2
7417,26,1128,2
7418,26,683,2
7419,26,125,1
7420,26,7516,1
7421,26,207,1
7422,26,3304,1
7423,26,173,1
7424,26,73,1
7425,26,266,1
7426,26,2389,1
7427,26,128,1
7428,26,1876,1
7429,26,666,1
7430,26,2372,1
7431,26,247,1
7432,26,2650,1
7433,26,248,1
7434,26,391,1
7435,26,172,1
7436,26,229,1
7437,26,760,1
7438,26,494,1
7439,26,975,1
7440,26,6369,1
7441,26,1568,1
7442,26,1175,1
7443,26,286,1
7444,26,1059,1
7445,26,1035,1
7446,26,333,1
7447,26,295,1
7448,26,244,1
7449,26,199,1
7450,26,330,1
7451,26,62,1
7452,26,5342,1
7453,26,216,1
7454,26,804,1
7455,26,219,1
7456,26,272,1
7457,26,38,1
7458,26,85,1
7459,26,66,1
7460,26,941,1
7461,26,350,1
7462,26,1501,1
7463,26,69,1
7464,26,55,1
7465,26,1309,1
7466,26,798,1
7467,26,632,1
7468,26,777,1
7469,26,547,1
7470,26,45,1
7471,26,505,1
7472,26,193,1
7473,26,305,1
7474,26,943,1
7475,26,35,1
7476,26,1137,1
7477,26,1711,1
7478,26,613,1
7479,26,284,1
7480,26,132,1
7481,26,1021,1
7482,26,231,1
7483,26,155,1
7484,26,7579,-2
7485,26,7578,-10
7486,26,177,-10
7487,26,7604,-10
7488,26,7602,-10
7489,26,816,-10
7490,26,7603,-10
7491,56,27,10
7492,754,27,10
7493,7595,27,6
7494,267,27,6
7495,125,27,5
7496,2328,27,5
7497,333,27,5
7498,517,27,5
7499,36,27,4
7500,199,27,4
7501,973,27,4
7502,123,27,4
7503,222,27,3
7504,34,27,3
7505,58,27,3
7506,6736,27,3
7507,103,27,3
7508,29,27,3
7509,591,27,3
7510,645,27,3
7511,1362,27,3
7512,1179,27,3
7513,105,27,2
7514,81,27,2
7515,2387,27,2
7516,290,27,2
7517,877,27,2
7518,557,27,2
7519,371,27,2
7520,47,27,2
7521,2336,27,2
7522,88,27,2
7523,2330,27,2
7524,7431,27,2
7525,519,27,2
7526,937,27,2
7527,321,27,1
7528,1127,27,1
7529,280,27,1
7530,7591,27,1
7531,2418,27,1
7532,118,27,1
7533,104,27,1
7534,706,27,1
7535,82,27,1
7536,825,27,1
7537,617,27,1
7538,87,27,1
7539,702,27,1
7540,1772,27,1
7541,7585,27,1
7542,336,27,1
7543,1130,27,1
7544,6667,27,1
7545,1566,27,1
7546,110,27,1
7547,6317,27,1
7548,172,27,1
7549,3074,27,1
7550,6290,27,1
7551,585,27,1
7552,253,27,1
7553,1187,27,1
7554,886,27,1
7555,96,27,1
7556,6131,27,1
7557,92,27,1
7558,67,27,1
7559,3166,27,1
7560,1055,27,1
7561,3156,27,1
7562,142,27,1
7563,177,27,1
7564,3145,27,1
7565,7554,27,1
7566,3134,27,1
7567,641,27,1
7568,1346,27,1
7569,492,27,1
7570,30,27,1
7571,27,56,10
7572,27,754,8
7573,27,267,6
7574,27,333,5
7575,27,36,4
7576,27,199,4
7577,27,123,4
7578,27,222,3
7579,27,103,3
7580,27,591,3
7581,27,645,3
7582,27,973,3
7583,27,125,3
7584,27,34,2
7585,27,58,2
7586,27,105,2
7587,27,81,2
7588,27,290,2
7589,27,877,2
7590,27,110,2
7591,27,29,2
7592,27,371,2
7593,27,47,2
7594,27,88,2
7595,27,519,2
7596,27,1179,2
7597,27,321,1
7598,27,1127,1
7599,27,280,1
7600,27,2418,1
7601,27,118,1
7602,27,104,1
7603,27,706,1
7604,27,82,1
7605,27,825,1
7606,27,617,1
7607,27,87,1
7608,27,702,1
7609,27,336,1
7610,27,172,1
7611,27,585,1
7612,27,557,1
7613,27,253,1
7614,27,1187,1
7615,27,886,1
7616,27,96,1
7617,27,92,1
7618,27,67,1
7619,27,2336,1
7620,27,1055,1
7621,27,1362,1
7622,27,142,1
7623,27,177,1
7624,27,641,1
7625,27,492,1
7626,27,30,1
7627,314,28,10
7628,1458,28,10
7629,254,28,10
7630,327,28,10
7631,89,28,10
7632,1249,28,10
7633,195,28,10
7634,726,28,10
7635,130,28,10
7636,37,28,5
7637,1455,28,5
7638,2602,28,5
7639,76,28,5
7640,1674,28,5
7641,7564,28,4
7642,275,28,3
7643,406,28,3
7644,2028,28,3
7645,2022,28,3
7646,489,28,2
7647,7561,28,2
7648,1450,28,2
7649,2031,28,2
7650,7394,28,2
7651,1255,28,2
7652,102,28,2
7653,955,28,1
7654,485,28,1
7655,7328,28,1
7656,132,28,1
7657,671,28,1
7658,1267,28,1
7659,2064,28,1
7660,677,28,1
7661,322,28,1
7662,1120,28,1
7663,2620,28,1
7664,401,28,1
7665,931,28,1
7666,857,28,1
7667,670,28,1
7668,1237,28,1
7669,1117,28,1
7670,2604,28,1
7671,408,28,1
7672,1449,28,1
7673,2029,28,1
7674,675,28,1
7675,580,28,1
7676,2585,28,1
7677,50,28,1
7678,514,28,1
7679,1007,28,1
7680,28,314,10
7681,28,195,10
7682,28,37,5
7683,28,130,5
7684,28,1455,3
7685,28,406,3
7686,28,7564,3
7687,28,1674,3
7688,28,1255,3
7689,28,102,3
7690,28,7328,2
7691,28,327,2
7692,28,670,2
7693,28,1117,2
7694,28,1450,2
7695,28,275,2
7696,28,2028,2
7697,28,2031,2
7698,28,2022,2
7699,28,489,1
7700,28,80,1
7701,28,955,1
7702,28,485,1
7703,28,132,1
7704,28,2064,1
7705,28,931,1
7706,28,857,1
7707,28,89,1
7708,28,1249,1
7709,28,2602,1
7710,28,2604,1
7711,28,76,1
7712,28,408,1
7713,28,1449,1
7714,28,2029,1
7715,28,675,1
7716,28,580,1
7717,28,2585,1
7718,28,50,1
7719,28,514,1
7720,28,7394,1
7721,28,726,1
7722,28,1007,1
7723,28,7561,-10
7724,208,29,5
7725,178,29,5
7726,125,29,4
7727,207,29,4
7728,34,29,4
7729,242,29,4
7730,123,29,4
7731,124,29,4
7732,43,29,4
7733,177,29,4
7734,2385,29,3
7735,83,29,3
7736,32,29,3
7737,85,29,3
7738,106,29,3
7739,249,29,2
7740,280,29,2
7741,222,29,2
7742,155,29,2
7743,158,29,2
7744,491,29,2
7745,201,29,2
7746,102,29,2
7747,1188,29,2
7748,111,29,2
7749,95,29,2
7750,684,29,2
7751,228,29,2
7752,747,29,2
7753,116,29,2
7754,1046,29,2
7755,122,29,2
7756,319,29,2
7757,411,29,2
7758,110,29,2
7759,360,29,2
7760,58,29,1
7761,88,29,1
7762,526,29,1
7763,173,29,1
7764,496,29,1
7765,983,29,1
7766,981,29,1
7767,3264,29,1
7768,174,29,1
7769,509,29,1
7770,7595,29,1
7771,63,29,1
7772,1797,29,1
7773,1159,29,1
7774,373,29,1
7775,33,29,1
7776,278,29,1
7777,1056,29,1
7778,885,29,1
7779,53,29,1
7780,113,29,1
7781,287,29,1
7782,5342,29,1
7783,89,29,1
7784,154,29,1
7785,1794,29,1
7786,7512,29,1
7787,787,29,1
7788,136,29,1
7789,7426,29,1
7790,960,29,1
7791,614,29,1
7792,205,29,1
7793,142,29,1
7794,1149,29,1
7795,135,29,1
7796,29,242,5
7797,29,208,5
7798,29,83,4
7799,29,43,4
7800,29,123,3
7801,29,124,3
7802,29,222,2
7803,29,32,2
7804,29,155,2
7805,29,2385,2
7806,29,1188,2
7807,29,278,2
7808,29,684,2
7809,29,228,2
7810,29,747,2
7811,29,178,2
7812,29,116,2
7813,29,122,2
7814,29,411,2
7815,29,496,1
7816,29,207,1
7817,29,158,1
7818,29,983,1
7819,29,981,1
7820,29,3264,1
7821,29,174,1
7822,29,509,1
7823,29,201,1
7824,29,102,1
7825,29,7595,1
7826,29,373,1
7827,29,111,1
7828,29,33,1
7829,29,1056,1
7830,29,885,1
7831,29,95,1
7832,29,113,1
7833,29,287,1
7834,29,89,1
7835,29,1794,1
7836,29,7512,1
7837,29,787,1
7838,29,136,1
7839,29,7426,1
7840,29,1046,1
7841,29,960,1
7842,29,614,1
7843,29,319,1
7844,29,205,1
7845,29,85,1
7846,29,142,1
7847,29,110,1
7848,29,360,1
7849,29,1149,1
7850,29,177,-4
7851,244,30,10
7852,124,30,6
7853,308,30,5
7854,572,30,5
7855,320,30,5
7856,172,30,5
7857,319,30,5
7858,1195,30,4
7859,1517,30,4
7860,7380,30,3
7861,111,30,3
7862,7595,30,3
7863,116,30,3
7864,5342,30,3
7865,114,30,2
7866,1589,30,2
7867,1197,30,2
7868,1043,30,2
7869,882,30,2
7870,1063,30,2
7871,56,30,2
7872,112,30,2
7873,2256,30,2
7874,197,30,2
7875,266,30,2
7876,487,30,2
7877,689,30,2
7878,412,30,2
7879,42,30,2
7880,58,30,1
7881,179,30,1
7882,173,30,1
7883,96,30,1
7884,7516,30,1
7885,1421,30,1
7886,123,30,1
7887,1691,30,1
7888,345,30,1
7889,757,30,1
7890,3191,30,1
7891,3164,30,1
7892,207,30,1
7893,1840,30,1
7894,1184,30,1
7895,1552,30,1
7896,431,30,1
7897,1059,30,1
7898,1732,30,1
7899,296,30,1
7900,227,30,1
7901,103,30,1
7902,1540,30,1
7903,703,30,1
7904,3100,30,1
7905,748,30,1
7906,3080,30,1
7907,1346,30,1
7908,1796,30,1
7909,36,30,1
7910,1342,30,1
7911,750,30,1
7912,627,30,1
7913,136,30,1
7914,162,30,1
7915,964,30,1
7916,198,30,1
7917,523,30,1
7918,177,30,1
7919,1513,30,1
7920,370,30,1
7921,876,30,1
7922,278,30,1
7923,43,30,1
7924,2970,30,1
7925,1336,30,1
7926,686,30,1
7927,456,30,1
7928,2972,30,1
7929,33,30,1
7930,90,30,1
7931,145,30,1
7932,30,188,10
7933,30,95,10
7934,30,345,10
7935,30,308,8
7936,30,320,5
7937,30,172,5
7938,30,319,5
7939,30,572,4
7940,30,318,3
7941,30,1197,3
7942,30,124,3
7943,30,116,3
7944,30,197,3
7945,30,245,2
7946,30,1195,2
7947,30,597,2
7948,30,56,2
7949,30,750,2
7950,30,112,2
7951,30,2256,2
7952,30,145,2
7953,30,278,2
7954,30,266,2
7955,30,5342,2
7956,30,487,2
7957,30,689,2
7958,30,42,2
7959,30,47,1
7960,30,173,1
7961,30,1589,1
7962,30,1043,1
7963,30,7516,1
7964,30,1421,1
7965,30,123,1
7966,30,31,1
7967,30,111,1
7968,30,82,1
7969,30,1691,1
7970,30,757,1
7971,30,1063,1
7972,30,3191,1
7973,30,114,1
7974,30,244,1
7975,30,3164,1
7976,30,207,1
7977,30,1840,1
7978,30,1184,1
7979,30,1552,1
7980,30,431,1
7981,30,1059,1
7982,30,1732,1
7983,30,643,1
7984,30,103,1
7985,30,1540,1
7986,30,703,1
7987,30,5679,1
7988,30,3100,1
7989,30,32,1
7990,30,748,1
7991,30,3080,1
7992,30,53,1
7993,30,1346,1
7994,30,1796,1
7995,30,36,1
7996,30,1342,1
7997,30,882,1
7998,30,228,1
7999,30,627,1
8000,30,136,1
8001,30,162,1
8002,30,964,1
8003,30,198,1
8004,30,523,1
8005,30,1513,1
8006,30,370,1
8007,30,876,1
8008,30,43,1
8009,30,41,1
8010,30,2970,1
8011,30,1336,1
8012,30,159,1
8013,30,456,1
8014,30,2972,1
8015,30,412,1
8016,30,33,1
8017,30,90,1
8018,30,7558,-1
8019,30,686,-1
8020,30,1517,-1
8021,30,7391,-5
8022,30,7380,-5
8023,30,177,-5
8024,30,7595,-6
8025,30,7565,-10
8026,30,7341,-10
8027,30,7421,-10
8028,30,623,-10
8029,30,7579,-10
8030,30,314,-10
8031,30,7432,-10
8032,30,1103,-10
8033,30,256,-10
8034,30,142,-10
8035,30,285,-10
8036,30,119,-10
8037,30,7600,-10
8038,30,7604,-10
8039,30,296,-10
8040,30,7603,-10
8041,30,5533,-10
8042,30,7517,-10
8043,30,7536,-10
8044,92,31,10
8045,429,31,9
8046,401,31,6
8047,105,31,5
8048,642,31,5
8049,37,31,5
8050,174,31,4
8051,185,31,3
8052,36,31,3
8053,1134,31,3
8054,47,31,3
8055,45,31,3
8056,87,31,2
8057,85,31,2
8058,412,31,2
8059,59,31,2
8060,154,31,2
8061,95,31,2
8062,7590,31,2
8063,962,31,2
8064,1040,31,2
8065,146,31,2
8066,42,31,2
8067,131,31,2
8068,58,31,1
8069,96,31,1
8070,286,31,1
8071,49,31,1
8072,136,31,1
8073,1569,31,1
8074,250,31,1
8075,345,31,1
8076,700,31,1
8077,166,31,1
8078,2977,31,1
8079,278,31,1
8080,97,31,1
8081,137,31,1
8082,306,31,1
8083,319,31,1
8084,177,31,1
8085,219,31,1
8086,1146,31,1
8087,161,31,1
8088,1736,31,1
8089,779,31,1
8090,140,31,1
8091,108,31,1
8092,109,31,1
8093,566,31,1
8094,379,31,1
8095,2336,31,-1
8096,82,31,-1
8097,222,31,-1
8098,31,188,7
8099,31,105,5
8100,31,429,5
8101,31,45,5
8102,31,59,3
8103,31,92,3
8104,31,47,3
8105,31,401,3
8106,31,36,2
8107,31,136,2
8108,31,174,2
8109,31,154,2
8110,31,642,2
8111,31,42,2
8112,31,779,2
8113,31,65,2
8114,31,37,2
8115,31,96,1
8116,31,286,1
8117,31,1569,1
8118,31,95,1
8119,31,250,1
8120,31,345,1
8121,31,700,1
8122,31,7590,1
8123,31,962,1
8124,31,2977,1
8125,31,1040,1
8126,31,219,1
8127,31,1134,1
8128,31,1146,1
8129,31,146,1
8130,31,161,1
8131,31,140,1
8132,31,109,1
8133,31,566,1
8134,31,379,1
8135,31,177,-10
8136,43,32,10
8137,124,32,9
8138,177,32,7
8139,105,32,5
8140,2389,32,5
8141,36,32,5
8142,90,32,4
8143,201,32,4
8144,58,32,3
8145,88,32,3
8146,34,32,3
8147,166,32,3
8148,214,32,3
8149,1506,32,3
8150,52,32,3
8151,67,32,3
8152,796,32,3
8153,173,32,2
8154,219,32,2
8155,49,32,2
8156,107,32,2
8157,696,32,2
8158,203,32,2
8159,185,32,2
8160,102,32,2
8161,521,32,2
8162,798,32,2
8163,118,32,1
8164,191,32,1
8165,245,32,1
8166,163,32,1
8167,2365,32,1
8168,73,32,1
8169,40,32,1
8170,154,32,1
8171,3312,32,1
8172,237,32,1
8173,287,32,1
8174,1064,32,1
8175,307,32,1
8176,95,32,1
8177,1536,32,1
8178,190,32,1
8179,142,32,1
8180,2244,32,1
8181,178,32,1
8182,66,32,1
8183,136,32,1
8184,103,32,1
8185,371,32,1
8186,265,32,1
8187,393,32,1
8188,70,32,1
8189,7442,32,1
8190,1774,32,1
8191,7411,32,1
8192,257,32,1
8193,485,32,1
8194,32,43,10
8195,32,173,5
8196,32,105,5
8197,32,124,5
8198,32,36,4
8199,32,214,4
8200,32,90,4
8201,32,201,4
8202,32,58,3
8203,32,88,3
8204,32,166,3
8205,32,1506,3
8206,32,52,3
8207,32,67,3
8208,32,2365,2
8209,32,34,2
8210,32,49,2
8211,32,107,2
8212,32,142,2
8213,32,203,2
8214,32,521,2
8215,32,118,1
8216,32,191,1
8217,32,163,1
8218,32,245,1
8219,32,40,1
8220,32,59,1
8221,32,154,1
8222,32,3312,1
8223,32,366,1
8224,32,237,1
8225,32,219,1
8226,32,73,1
8227,32,287,1
8228,32,1064,1
8229,32,307,1
8230,32,941,1
8231,32,190,1
8232,32,672,1
8233,32,2244,1
8234,32,178,1
8235,32,696,1
8236,32,66,1
8237,32,136,1
8238,32,185,1
8239,32,103,1
8240,32,371,1
8241,32,102,1
8242,32,265,1
8243,32,393,1
8244,32,70,1
8245,32,7442,1
8246,32,1774,1
8247,32,7411,1
8248,32,2134,1
8249,32,257,1
8250,32,2132,1
8251,32,485,1
8252,32,177,-1
8253,32,7583,-1
8254,32,798,-1
8255,32,796,-1
8256,253,33,10
8257,1283,33,5
8258,177,33,4
8259,431,33,3
8260,95,33,3
8261,1513,33,3
8262,487,33,3
8263,7499,33,3
8264,105,33,2
8265,649,33,2
8266,115,33,2
8267,7398,33,2
8268,199,33,2
8269,43,33,2
8270,136,33,2
8271,1796,33,2
8272,350,33,2
8273,204,33,2
8274,2878,33,2
8275,1144,33,2
8276,629,33,2
8277,2122,33,2
8278,1280,33,2
8279,183,33,2
8280,111,33,1
8281,824,33,1
8282,58,33,1
8283,2968,33,1
8284,974,33,1
8285,81,33,1
8286,326,33,1
8287,290,33,1
8288,1882,33,1
8289,1191,33,1
8290,87,33,1
8291,376,33,1
8292,34,33,1
8293,7341,33,1
8294,459,33,1
8295,208,33,1
8296,88,33,1
8297,641,33,1
8298,244,33,1
8299,971,33,1
8300,71,33,1
8301,703,33,1
8302,1833,33,1
8303,7428,33,1
8304,112,33,1
8305,228,33,1
8306,7513,33,1
8307,2252,33,1
8308,1788,33,1
8309,1166,33,1
8310,960,33,1
8311,320,33,1
8312,137,33,1
8313,295,33,1
8314,587,33,1
8315,154,33,1
8316,553,33,1
8317,623,33,1
8318,1038,33,1
8319,503,33,1
8320,2932,33,1
8321,550,33,1
8322,1762,33,1
8323,1502,33,1
8324,1760,33,1
8325,370,33,1
8326,739,33,1
8327,1314,33,1
8328,1137,33,1
8329,635,33,1
8330,255,33,1
8331,482,33,1
8332,69,33,1
8333,65,33,1
8334,70,33,1
8335,2150,33,1
8336,2809,33,1
8337,146,33,1
8338,1139,33,1
8339,305,33,1
8340,1136,33,1
8341,735,33,1
8342,42,33,1
8343,7372,33,1
8344,1476,33,1
8345,544,33,1
8346,841,33,1
8347,77,33,1
8348,1130,33,1
8349,48,33,1
8350,408,33,1
8351,312,33,1
8352,2007,33,1
8353,167,33,1
8354,2596,33,1
8355,540,33,1
8356,404,33,1
8357,33,34,3
8358,33,177,3
8359,33,487,3
8360,33,629,3
8361,33,1280,3
8362,33,111,2
8363,33,105,2
8364,33,649,2
8365,33,115,2
8366,33,88,2
8367,33,431,2
8368,33,971,2
8369,33,199,2
8370,33,112,2
8371,33,43,2
8372,33,95,2
8373,33,136,2
8374,33,41,2
8375,33,1513,2
8376,33,350,2
8377,33,7565,2
8378,33,305,2
8379,33,42,2
8380,33,1283,2
8381,33,77,2
8382,33,253,2
8383,33,408,2
8384,33,312,2
8385,33,540,2
8386,33,183,2
8387,33,58,1
8388,33,362,1
8389,33,2968,1
8390,33,974,1
8391,33,125,1
8392,33,81,1
8393,33,3322,1
8394,33,326,1
8395,33,290,1
8396,33,1882,1
8397,33,1191,1
8398,33,87,1
8399,33,376,1
8400,33,7398,1
8401,33,7341,1
8402,33,459,1
8403,33,208,1
8404,33,641,1
8405,33,244,1
8406,33,71,1
8407,33,703,1
8408,33,1833,1
8409,33,1349,1
8410,33,7428,1
8411,33,228,1
8412,33,964,1
8413,33,7513,1
8414,33,2252,1
8415,33,1796,1
8416,33,1788,1
8417,33,1166,1
8418,33,960,1
8419,33,320,1
8420,33,137,1
8421,33,1327,1
8422,33,295,1
8423,33,587,1
8424,33,154,1
8425,33,553,1
8426,33,623,1
8427,33,1038,1
8428,33,503,1
8429,33,2932,1
8430,33,550,1
8431,33,1762,1
8432,33,1760,1
8433,33,1502,1
8434,33,1766,1
8435,33,370,1
8436,33,1034,1
8437,33,204,1
8438,33,2878,1
8439,33,739,1
8440,33,50,1
8441,33,1314,1
8442,33,1754,1
8443,33,1137,1
8444,33,255,1
8445,33,635,1
8446,33,1144,1
8447,33,482,1
8448,33,7387,1
8449,33,69,1
8450,33,65,1
8451,33,70,1
8452,33,2150,1
8453,33,2809,1
8454,33,146,1
8455,33,1139,1
8456,33,1136,1
8457,33,735,1
8458,33,2122,1
8459,33,7372,1
8460,33,586,1
8461,33,870,1
8462,33,1476,1
8463,33,544,1
8464,33,841,1
8465,33,2105,1
8466,33,1130,1
8467,33,48,1
8468,33,2007,1
8469,33,167,1
8470,33,2596,1
8471,33,45,1
8472,33,798,-3
8473,33,7499,-5
8474,33,7604,-9
8475,2414,34,10
8476,59,34,10
8477,120,34,5
8478,429,34,5
8479,291,34,5
8480,158,34,4
8481,205,34,3
8482,894,34,3
8483,2369,34,3
8484,197,34,3
8485,36,34,2
8486,141,34,2
8487,43,34,2
8488,92,34,2
8489,58,34,2
8490,288,34,2
8491,1863,34,2
8492,980,34,2
8493,1352,34,2
8494,351,34,2
8495,983,34,2
8496,128,34,2
8497,248,34,2
8498,249,34,1
8499,136,34,1
8500,123,34,1
8501,85,34,1
8502,207,34,1
8503,708,34,1
8504,88,34,1
8505,398,34,1
8506,3362,34,1
8507,416,34,1
8508,154,34,1
8509,1198,34,1
8510,308,34,1
8511,649,34,1
8512,490,34,1
8513,81,34,1
8514,131,34,1
8515,280,34,1
8516,397,34,1
8517,1381,34,1
8518,292,34,1
8519,585,34,1
8520,2378,34,1
8521,67,34,1
8522,125,34,1
8523,118,34,1
8524,7597,34,1
8525,290,34,1
8526,1378,34,1
8527,7525,34,1
8528,116,34,1
8529,320,34,1
8530,247,34,1
8531,208,34,1
8532,1861,34,1
8533,2350,34,1
8534,34,59,7
8535,34,120,5
8536,34,291,4
8537,34,158,4
8538,34,398,3
8539,34,429,3
8540,34,128,3
8541,34,2369,3
8542,34,2414,2
8543,34,43,2
8544,34,92,2
8545,34,58,2
8546,34,288,2
8547,34,1863,2
8548,34,205,2
8549,34,36,2
8550,34,67,2
8551,34,894,2
8552,34,351,2
8553,34,983,2
8554,34,248,2
8555,34,1861,2
8556,34,249,1
8557,34,141,1
8558,34,136,1
8559,34,123,1
8560,34,207,1
8561,34,88,1
8562,34,3362,1
8563,34,416,1
8564,34,154,1
8565,34,1198,1
8566,34,308,1
8567,34,649,1
8568,34,490,1
8569,34,81,1
8570,34,131,1
8571,34,280,1
8572,34,980,1
8573,34,397,1
8574,34,1381,1
8575,34,292,1
8576,34,585,1
8577,34,219,1
8578,34,1352,1
8579,34,2378,1
8580,34,125,1
8581,34,118,1
8582,34,335,1
8583,34,290,1
8584,34,1378,1
8585,34,7525,1
8586,34,116,1
8587,34,320,1
8588,34,247,1
8589,34,208,1
8590,34,197,1
8591,34,2350,1
8592,34,7597,-10
8593,104,35,10
8594,2807,35,10
8595,114,35,4
8596,64,35,4
8597,86,35,4
8598,192,35,4
8599,800,35,4
8600,232,35,4
8601,2436,35,3
8602,2293,35,3
8603,269,35,3
8604,126,35,3
8605,281,35,3
8606,2336,35,3
8607,2289,35,3
8608,1233,35,3
8609,491,35,3
8610,1894,35,2
8611,7335,35,2
8612,98,35,2
8613,832,35,2
8614,375,35,2
8615,598,35,2
8616,530,35,2
8617,2152,35,2
8618,117,35,2
8619,954,35,2
8620,60,35,2
8621,427,35,2
8622,1134,35,2
8623,190,35,2
8624,2208,35,2
8625,57,35,2
8626,284,35,2
8627,255,35,2
8628,994,35,2
8629,7369,35,1
8630,1590,35,1
8631,1597,35,1
8632,1386,35,1
8633,1147,35,1
8634,7087,35,1
8635,233,35,1
8636,900,35,1
8637,94,35,1
8638,824,35,1
8639,1873,35,1
8640,279,35,1
8641,459,35,1
8642,6434,35,1
8643,2853,35,1
8644,70,35,1
8645,260,35,1
8646,2223,35,1
8647,360,35,1
8648,486,35,1
8649,258,35,1
8650,548,35,1
8651,2149,35,1
8652,1689,35,1
8653,346,35,1
8654,51,35,1
8655,4888,35,1
8656,212,35,1
8657,437,35,1
8658,2479,35,1
8659,48,35,1
8660,2727,35,1
8661,3999,35,1
8662,2561,35,1
8663,578,35,1
8664,1658,35,1
8665,50,35,1
8666,85,35,-5
8667,35,86,4
8668,35,64,4
8669,35,233,3
8670,35,1385,3
8671,35,126,3
8672,35,192,3
8673,35,104,2
8674,35,114,2
8675,35,3441,1
8676,35,558,1
8677,35,375,1
8678,35,491,1
8679,35,94,1
8680,35,2289,1
8681,35,7384,-1
8682,35,7562,-1
8683,35,279,-1
8684,35,70,-1
8685,35,7415,-5
8686,35,80,-5
8687,35,801,-5
8688,35,7580,-5
8689,35,85,-5
8690,118,36,10
8691,2379,36,8
8692,82,36,5
8693,49,36,4
8694,177,36,4
8695,116,36,4
8696,1381,36,3
8697,7597,36,3
8698,822,36,3
8699,1067,36,3
8700,227,36,3
8701,56,36,3
8702,85,36,2
8703,3368,36,2
8704,58,36,2
8705,222,36,2
8706,291,36,2
8707,1580,36,2
8708,1579,36,2
8709,1184,36,2
8710,122,36,2
8711,2374,36,2
8712,120,36,2
8713,3254,36,2
8714,42,36,2
8715,207,36,1
8716,249,36,1
8717,375,36,1
8718,102,36,1
8719,983,36,1
8720,310,36,1
8721,424,36,1
8722,47,36,1
8723,155,36,1
8724,585,36,1
8725,7585,36,1
8726,197,36,1
8727,172,36,1
8728,351,36,1
8729,3187,36,1
8730,292,36,1
8731,702,36,1
8732,2377,36,1
8733,759,36,1
8734,801,36,1
8735,1378,36,1
8736,247,36,1
8737,103,36,1
8738,136,36,1
8739,572,36,1
8740,7341,36,1
8741,815,36,1
8742,336,36,1
8743,557,36,1
8744,372,36,1
8745,81,36,1
8746,290,36,1
8747,1191,36,1
8748,83,36,1
8749,1173,36,1
8750,95,36,-10
8751,36,118,10
8752,36,227,4
8753,36,177,4
8754,36,1381,3
8755,36,209,3
8756,36,1579,3
8757,36,122,3
8758,36,49,3
8759,36,56,3
8760,36,116,3
8761,36,424,2
8762,36,155,2
8763,36,82,2
8764,36,291,2
8765,36,197,2
8766,36,2379,2
8767,36,822,2
8768,36,1184,2
8769,36,207,1
8770,36,3368,1
8771,36,249,1
8772,36,375,1
8773,36,58,1
8774,36,222,1
8775,36,102,1
8776,36,983,1
8777,36,47,1
8778,36,1562,1
8779,36,585,1
8780,36,7585,1
8781,36,7563,1
8782,36,1580,1
8783,36,172,1
8784,36,351,1
8785,36,292,1
8786,36,702,1
8787,36,2377,1
8788,36,759,1
8789,36,801,1
8790,36,1378,1
8791,36,3187,1
8792,36,2374,1
8793,36,247,1
8794,36,103,1
8795,36,136,1
8796,36,120,1
8797,36,3254,1
8798,36,572,1
8799,36,7341,1
8800,36,815,1
8801,36,336,1
8802,36,557,1
8803,36,1067,1
8804,36,372,1
8805,36,42,1
8806,36,81,1
8807,36,290,1
8808,36,1191,1
8809,36,124,1
8810,36,83,1
8811,36,1173,1
8812,36,840,-1
8813,36,95,-10
8814,36,7597,-10
8815,314,37,9
8816,152,37,7
8817,1351,37,5
8818,89,37,5
8819,7403,37,5
8820,159,37,5
8821,657,37,5
8822,297,37,5
8823,54,37,5
8824,380,37,4
8825,185,37,3
8826,312,37,3
8827,7400,37,3
8828,594,37,2
8829,166,37,2
8830,610,37,2
8831,561,37,2
8832,990,37,2
8833,1632,37,2
8834,113,37,2
8835,1076,37,1
8836,1764,37,1
8837,168,37,1
8838,38,37,1
8839,1025,37,1
8840,75,37,1
8841,140,37,1
8842,7371,37,1
8843,1399,37,1
8844,1926,37,1
8845,91,37,1
8846,40,37,1
8847,474,37,1
8848,37,1019,7
8849,37,7552,7
8850,37,312,6
8851,37,297,6
8852,37,54,6
8853,37,159,5
8854,37,314,5
8855,37,657,5
8856,37,113,5
8857,37,89,4
8858,37,479,4
8859,37,380,4
8860,37,601,3
8861,37,41,3
8862,37,168,3
8863,37,7403,3
8864,37,185,3
8865,37,594,2
8866,37,166,2
8867,37,66,2
8868,37,570,2
8869,37,610,2
8870,37,561,2
8871,37,1926,2
8872,37,990,2
8873,37,7400,2
8874,37,1076,1
8875,37,1764,1
8876,37,75,1
8877,37,1025,1
8878,37,65,1
8879,37,140,1
8880,37,97,1
8881,37,1399,1
8882,37,91,1
8883,37,40,1
8884,37,1632,1
8885,37,474,1
8886,37,7371,-8
8887,37,7564,-10
8888,37,7448,-10
8889,80,38,10
8890,285,38,10
8891,152,38,5
8892,1047,38,5
8893,71,38,5
8894,346,38,5
8895,361,38,5
8896,947,38,5
8897,451,38,4
8898,411,38,4
8899,301,38,4
8900,742,38,4
8901,954,38,3
8902,47,38,3
8903,159,38,3
8904,256,38,3
8905,151,38,2
8906,700,38,2
8907,165,38,2
8908,2914,38,2
8909,2906,38,2
8910,1289,38,2
8911,2139,38,2
8912,1482,38,2
8913,117,38,2
8914,95,38,1
8915,2399,38,1
8916,3108,38,1
8917,530,38,1
8918,960,38,1
8919,1520,38,1
8920,2967,38,1
8921,260,38,1
8922,2577,38,1
8923,744,38,1
8924,65,38,1
8925,874,38,1
8926,1502,38,1
8927,1305,38,1
8928,1489,38,1
8929,2853,38,1
8930,1141,38,1
8931,793,38,1
8932,2841,38,1
8933,121,38,1
8934,2840,38,1
8935,2162,38,1
8936,57,38,1
8937,1483,38,1
8938,7456,38,1
8939,38,285,10
8940,38,80,8
8941,38,55,5
8942,38,152,5
8943,38,71,5
8944,38,361,5
8945,38,947,5
8946,38,451,4
8947,38,301,4
8948,38,742,4
8949,38,618,3
8950,38,455,3
8951,38,260,3
8952,38,159,3
8953,38,47,3
8954,38,346,3
8955,38,256,3
8956,38,7392,2
8957,38,411,2
8958,38,2313,2
8959,38,1047,2
8960,38,954,2
8961,38,241,2
8962,38,2232,2
8963,38,744,2
8964,38,272,2
8965,38,1305,2
8966,38,2162,2
8967,38,117,2
8968,38,2399,1
8969,38,3310,1
8970,38,151,1
8971,38,3108,1
8972,38,530,1
8973,38,3044,1
8974,38,95,1
8975,38,700,1
8976,38,1148,1
8977,38,960,1
8978,38,1728,1
8979,38,2967,1
8980,38,2577,1
8981,38,211,1
8982,38,65,1
8983,38,165,1
8984,38,66,1
8985,38,277,1
8986,38,2914,1
8987,38,874,1
8988,38,2906,1
8989,38,1502,1
8990,38,1493,1
8991,38,1489,1
8992,38,2853,1
8993,38,1141,1
8994,38,793,1
8995,38,2841,1
8996,38,121,1
8997,38,2840,1
8998,38,64,1
8999,38,1289,1
9000,38,2807,1
9001,38,2139,1
9002,38,57,1
9003,38,1482,1
9004,38,1483,1
9005,38,7579,-1
9006,38,7454,-10
9007,38,7456,-10
9008,680,39,10
9009,2111,39,10
9010,2070,39,10
9011,274,39,8
9012,326,39,6
9013,137,39,5
9014,48,39,5
9015,7580,39,4
9016,729,39,4
9017,201,39,4
9018,7603,39,3
9019,77,39,3
9020,90,39,3
9021,7533,39,3
9022,784,39,3
9023,130,39,2
9024,1145,39,2
9025,51,39,2
9026,272,39,2
9027,44,39,2
9028,1280,39,2
9029,1470,39,2
9030,79,39,2
9031,785,39,2
9032,515,39,2
9033,76,39,2
9034,2016,39,2
9035,163,39,1
9036,484,39,1
9037,70,39,1
9038,52,39,1
9039,614,39,1
9040,255,39,1
9041,132,39,1
9042,7550,39,1
9043,75,39,1
9044,2105,39,1
9045,217,39,1
9046,240,39,1
9047,1276,39,1
9048,408,39,1
9049,1125,39,1
9050,2630,39,1
9051,1001,39,1
9052,1957,39,1
9053,45,39,1
9054,39,108,10
9055,39,680,10
9056,39,326,6
9057,39,48,5
9058,39,7603,4
9059,39,785,4
9060,39,201,4
9061,39,77,3
9062,39,90,3
9063,39,274,3
9064,39,784,3
9065,39,76,3
9066,39,130,2
9067,39,1145,2
9068,39,51,2
9069,39,1470,2
9070,39,79,2
9071,39,217,2
9072,39,240,2
9073,39,7580,2
9074,39,515,2
9075,39,2070,2
9076,39,924,2
9077,39,2016,2
9078,39,163,1
9079,39,70,1
9080,39,2873,1
9081,39,52,1
9082,39,255,1
9083,39,1280,1
9084,39,7550,1
9085,39,2111,1
9086,39,75,1
9087,39,2105,1
9088,39,231,1
9089,39,1276,1
9090,39,408,1
9091,39,1125,1
9092,39,314,1
9093,39,137,1
9094,39,2630,1
9095,39,1001,1
9096,39,7604,-10
9097,39,7533,-10
9098,271,40,8
9099,632,40,5
9100,177,40,4
9101,47,40,4
9102,129,40,4
9103,256,40,3
9104,77,40,3
9105,54,40,2
9106,1179,40,2
9107,123,40,2
9108,92,40,2
9109,198,40,2
9110,1243,40,2
9111,98,40,2
9112,792,40,2
9113,1401,40,2
9114,121,40,2
9115,2103,40,1
9116,744,40,1
9117,2891,40,1
9118,128,40,1
9119,1794,40,1
9120,3033,40,1
9121,95,40,1
9122,2305,40,1
9123,1029,40,1
9124,103,40,1
9125,7410,40,1
9126,97,40,1
9127,65,40,1
9128,316,40,1
9129,2140,40,1
9130,255,40,1
9131,51,40,1
9132,1478,40,1
9133,2126,40,1
9134,735,40,1
9135,7603,40,1
9136,870,40,1
9137,90,40,1
9138,1132,40,1
9139,1279,40,1
9140,452,40,1
9141,1718,40,1
9142,1717,40,1
9143,1628,40,1
9144,2531,40,1
9145,384,40,1
9146,770,40,1
9147,717,40,1
9148,237,40,1
9149,1077,40,1
9150,234,40,1
9151,851,40,1
9152,148,40,1
9153,1600,40,1
9154,1919,40,1
9155,1226,40,1
9156,379,40,1
9157,45,40,1
9158,989,40,1
9159,917,40,1
9160,44,40,1
9161,40,77,5
9162,40,271,4
9163,40,384,3
9164,40,92,2
9165,40,47,2
9166,40,198,2
9167,40,256,2
9168,40,98,2
9169,40,632,2
9170,40,792,2
9171,40,129,2
9172,40,1224,2
9173,40,1214,2
9174,40,121,2
9175,40,2103,1
9176,40,744,1
9177,40,2891,1
9178,40,128,1
9179,40,1794,1
9180,40,1179,1
9181,40,2314,1
9182,40,3033,1
9183,40,123,1
9184,40,95,1
9185,40,177,1
9186,40,2305,1
9187,40,1029,1
9188,40,103,1
9189,40,268,1
9190,40,7410,1
9191,40,97,1
9192,40,2919,1
9193,40,65,1
9194,40,316,1
9195,40,2140,1
9196,40,255,1
9197,40,51,1
9198,40,1243,1
9199,40,1478,1
9200,40,2126,1
9201,40,735,1
9202,40,870,1
9203,40,90,1
9204,40,1132,1
9205,40,1279,1
9206,40,452,1
9207,40,1718,1
9208,40,1717,1
9209,40,2531,1
9210,40,606,1
9211,40,770,1
9212,40,717,1
9213,40,237,1
9214,40,1077,1
9215,40,234,1
9216,40,851,1
9217,40,148,1
9218,40,1600,1
9219,40,1919,1
9220,40,1226,1
9221,40,45,1
9222,40,917,1
9223,40,379,1
9224,40,989,1
9225,40,44,1
9226,40,1401,1
9227,7562,41,10
9228,266,41,7
9229,394,41,7
9230,177,41,5
9231,319,41,4
9232,142,41,3
9233,693,41,3
9234,187,41,2
9235,95,41,2
9236,66,41,2
9237,395,41,2
9238,491,41,2
9239,278,41,2
9240,876,41,2
9241,203,41,2
9242,686,41,2
9243,5342,41,2
9244,5415,41,2
9245,7553,41,2
9246,509,41,2
9247,51,41,2
9248,106,41,2
9249,306,41,2
9250,2972,41,2
9251,5389,41,2
9252,205,41,2
9253,452,41,2
9254,190,41,2
9255,411,41,2
9256,90,41,2
9257,1298,41,2
9258,126,41,1
9259,941,41,1
9260,2257,41,1
9261,75,41,1
9262,356,41,1
9263,2244,41,1
9264,350,41,1
9265,137,41,1
9266,355,41,1
9267,89,41,1
9268,360,41,1
9269,136,41,1
9270,67,41,1
9271,1041,41,1
9272,154,41,1
9273,2979,41,1
9274,490,41,1
9275,371,41,1
9276,97,41,1
9277,42,41,1
9278,161,41,1
9279,122,41,1
9280,946,41,1
9281,391,41,1
9282,593,41,1
9283,1162,41,1
9284,47,41,1
9285,550,41,1
9286,7565,41,-10
9287,601,42,7
9288,932,42,5
9289,693,42,3
9290,7526,42,3
9291,66,42,3
9292,7603,42,3
9293,87,42,2
9294,412,42,2
9295,1359,42,2
9296,78,42,2
9297,48,42,2
9298,863,42,2
9299,777,42,2
9300,992,42,2
9301,63,42,2
9302,175,42,2
9303,1269,42,1
9304,58,42,1
9305,173,42,1
9306,95,42,1
9307,2155,42,1
9308,822,42,1
9309,309,42,1
9310,81,42,1
9311,174,42,1
9312,1065,42,1
9313,203,42,1
9314,177,42,1
9315,85,42,1
9316,640,42,1
9317,1337,42,1
9318,153,42,1
9319,136,42,1
9320,62,42,1
9321,2241,42,1
9322,43,42,1
9323,1149,42,1
9324,83,42,1
9325,51,42,1
9326,315,42,1
9327,256,42,1
9328,1290,42,1
9329,90,42,1
9330,145,42,1
9331,181,42,1
9332,155,42,1
9333,187,42,1
9334,79,42,1
9335,101,42,1
9336,2579,42,1
9337,76,42,1
9338,508,42,1
9339,159,42,1
9340,912,42,1
9341,84,42,1
9342,715,42,1
9343,1618,42,1
9344,840,42,1
9345,609,42,1
9346,45,42,1
9347,109,42,1
9348,42,270,10
9349,42,932,8
9350,42,601,7
9351,42,66,7
9352,42,924,5
9353,42,7603,4
9354,42,87,2
9355,42,412,2
9356,42,153,2
9357,42,78,2
9358,42,145,2
9359,42,79,2
9360,42,101,2
9361,42,63,2
9362,42,777,2
9363,42,175,2
9364,42,1269,1
9365,42,58,1
9366,42,173,1
9367,42,2155,1
9368,42,822,1
9369,42,309,1
9370,42,81,1
9371,42,174,1
9372,42,1065,1
9373,42,203,1
9374,42,1359,1
9375,42,7403,1
9376,42,177,1
9377,42,85,1
9378,42,640,1
9379,42,1337,1
9380,42,136,1
9381,42,62,1
9382,42,2241,1
9383,42,43,1
9384,42,1149,1
9385,42,693,1
9386,42,83,1
9387,42,51,1
9388,42,315,1
9389,42,256,1
9390,42,7526,1
9391,42,1290,1
9392,42,48,1
9393,42,90,1
9394,42,181,1
9395,42,155,1
9396,42,187,1
9397,42,863,1
9398,42,76,1
9399,42,508,1
9400,42,84,1
9401,42,715,1
9402,42,992,1
9403,42,1618,1
9404,42,840,1
9405,42,609,1
9406,42,109,1
9407,42,7438,-10
9408,42,7582,-10
9409,177,43,7
9410,142,43,6
9411,487,43,5
9412,330,43,4
9413,135,43,3
9414,189,43,3
9415,454,43,3
9416,319,43,3
9417,173,43,2
9418,154,43,2
9419,95,43,2
9420,49,43,2
9421,491,43,2
9422,751,43,2
9423,172,43,2
9424,161,43,2
9425,694,43,2
9426,122,43,2
9427,743,43,2
9428,246,43,1
9429,82,43,1
9430,375,43,1
9431,58,43,1
9432,125,43,1
9433,174,43,1
9434,118,43,1
9435,1568,43,1
9436,88,43,1
9437,244,43,1
9438,165,43,1
9439,748,43,1
9440,7513,43,1
9441,1795,43,1
9442,960,43,1
9443,1331,43,1
9444,1791,43,1
9445,67,43,1
9446,85,43,1
9447,1337,43,1
9448,1517,43,1
9449,190,43,1
9450,203,43,1
9451,1779,43,1
9452,1783,43,1
9453,106,43,1
9454,156,43,1
9455,587,43,1
9456,1734,43,1
9457,90,43,1
9458,63,43,1
9459,306,43,1
9460,2443,43,1
9461,1778,43,1
9462,503,43,1
9463,392,43,1
9464,393,43,1
9465,623,43,1
9466,2936,43,1
9467,1328,43,1
9468,592,43,1
9469,137,43,1
9470,370,43,-10
9471,43,142,6
9472,43,1899,3
9473,43,95,3
9474,43,49,3
9475,43,246,3
9476,43,330,3
9477,43,487,3
9478,43,189,3
9479,43,454,3
9480,43,319,3
9481,43,145,2
9482,43,118,2
9483,43,491,2
9484,43,751,2
9485,43,172,2
9486,43,161,2
9487,43,694,2
9488,43,122,2
9489,43,63,2
9490,43,135,2
9491,43,190,2
9492,43,743,2
9493,43,171,1
9494,43,82,1
9495,43,375,1
9496,43,134,1
9497,43,125,1
9498,43,154,1
9499,43,174,1
9500,43,1568,1
9501,43,2078,1
9502,43,88,1
9503,43,138,1
9504,43,1310,1
9505,43,960,1
9506,43,1795,1
9507,43,1331,1
9508,43,67,1
9509,43,85,1
9510,43,1337,1
9511,43,117,1
9512,43,1517,1
9513,43,203,1
9514,43,1162,1
9515,43,1779,1
9516,43,1783,1
9517,43,106,1
9518,43,156,1
9519,43,587,1
9520,43,1734,1
9521,43,1778,1
9522,43,503,1
9523,43,392,1
9524,43,393,1
9525,43,2936,1
9526,43,1328,1
9527,43,592,1
9528,43,137,1
9529,43,113,-1
9530,43,5392,-1
9531,43,177,-1
9532,43,7588,-2
9533,43,7378,-3
9534,43,370,-3
9535,43,7555,-5
9536,43,173,-10
9537,43,7602,-10
9538,43,7601,-10
9539,43,7598,-10
9540,43,7599,-10
9541,43,7604,-10
9542,43,7600,-10
9543,43,7584,-10
9544,43,7583,-10
9545,43,7501,-10
9546,43,7426,-10
9547,43,7484,-10
9548,43,7506,-10
9549,43,7417,-10
9550,43,7505,-10
9551,43,7513,-10
9552,43,7483,-10
9553,43,7535,-10
9554,608,44,10
9555,45,44,10
9556,613,44,7
9557,101,44,5
9558,715,44,5
9559,129,44,5
9560,446,44,4
9561,445,44,4
9562,593,44,3
9563,1729,44,3
9564,77,44,3
9565,100,44,3
9566,501,44,3
9567,249,44,2
9568,49,44,2
9569,803,44,2
9570,476,44,2
9571,1429,44,2
9572,1090,44,2
9573,323,44,2
9574,1076,44,2
9575,711,44,2
9576,1131,44,1
9577,163,44,1
9578,58,44,1
9579,1009,44,1
9580,82,44,1
9581,156,44,1
9582,632,44,1
9583,1921,44,1
9584,662,44,1
9585,442,44,1
9586,1078,44,1
9587,152,44,1
9588,106,44,1
9589,131,44,1
9590,379,44,1
9591,148,44,1
9592,1087,44,1
9593,44,74,10
9594,44,101,5
9595,44,546,5
9596,44,420,5
9597,44,45,5
9598,44,77,4
9599,44,613,4
9600,44,1429,4
9601,44,446,4
9602,44,445,4
9603,44,49,3
9604,44,593,3
9605,44,156,3
9606,44,1729,3
9607,44,632,3
9608,44,100,3
9609,44,442,3
9610,44,1090,3
9611,44,501,3
9612,44,803,2
9613,44,476,2
9614,44,1921,2
9615,44,340,2
9616,44,323,2
9617,44,379,2
9618,44,1076,2
9619,44,711,2
9620,44,1131,1
9621,44,249,1
9622,44,163,1
9623,44,58,1
9624,44,1009,1
9625,44,82,1
9626,44,514,1
9627,44,152,1
9628,44,106,1
9629,44,131,1
9630,44,148,1
9631,44,1087,1
9632,132,45,10
9633,183,45,10
9634,2541,45,10
9635,353,45,5
9636,51,45,3
9637,272,45,3
9638,312,45,3
9639,1107,45,3
9640,404,45,3
9641,389,45,2
9642,431,45,2
9643,326,45,2
9644,175,45,2
9645,716,45,2
9646,225,45,2
9647,152,45,2
9648,1175,45,1
9649,288,45,1
9650,199,45,1
9651,284,45,1
9652,865,45,1
9653,167,45,1
9654,988,45,1
9655,920,45,1
9656,382,45,1
9657,226,45,1
9658,1106,45,1
9659,366,45,1
9660,719,45,1
9661,1424,45,1
9662,234,45,1
9663,850,45,1
9664,2502,45,1
9665,570,45,1
9666,569,45,1
9667,537,45,1
9668,1947,45,1
9669,1083,45,1
9670,149,45,1
9671,563,45,1
9672,533,45,1
9673,1404,45,1
9674,564,45,1
9675,1928,45,1
9676,993,45,1
9677,224,45,1
9678,655,45,1
9679,251,45,1
9680,438,45,1
9681,466,45,1
9682,531,45,1
9683,768,45,1
9684,917,45,1
9685,7564,45,-10
9686,45,132,10
9687,45,183,10
9688,45,1076,3
9689,45,272,3
9690,45,389,2
9691,45,570,2
9692,45,404,2
9693,45,225,2
9694,45,1175,1
9695,45,288,1
9696,45,431,1
9697,45,199,1
9698,45,51,1
9699,45,284,1
9700,45,865,1
9701,45,988,1
9702,45,1673,1
9703,45,920,1
9704,45,326,1
9705,45,382,1
9706,45,202,1
9707,45,2541,1
9708,45,1106,1
9709,45,1107,1
9710,45,366,1
9711,45,719,1
9712,45,1424,1
9713,45,234,1
9714,45,850,1
9715,45,1634,1
9716,45,175,1
9717,45,2502,1
9718,45,716,1
9719,45,1623,1
9720,45,1943,1
9721,45,569,1
9722,45,537,1
9723,45,1947,1
9724,45,1083,1
9725,45,89,1
9726,45,149,1
9727,45,563,1
9728,45,533,1
9729,45,1933,1
9730,45,1404,1
9731,45,564,1
9732,45,1928,1
9733,45,993,1
9734,45,224,1
9735,45,353,1
9736,45,466,1
9737,45,531,1
9738,45,768,1
9739,45,251,1
9740,45,917,1
9741,45,681,-1
9742,45,7395,-10
9743,45,7520,-10
9744,45,7571,-10
9745,45,7576,-10
9746,45,7564,-10
9747,45,7589,-10
9748,435,46,10
9749,61,46,10
9750,68,46,10
9751,3015,46,9
9752,3035,46,8
9753,178,46,5
9754,457,46,5
9755,1801,46,5
9756,1531,46,4
9757,881,46,3
9758,1172,46,3
9759,206,46,2
9760,1827,46,2
9761,258,46,2
9762,2258,46,2
9763,2278,46,2
9764,1530,46,2
9765,1805,46,2
9766,656,46,2
9767,120,46,1
9768,373,46,1
9769,332,46,1
9770,3133,46,1
9771,3178,46,1
9772,2718,46,1
9773,2284,46,1
9774,3102,46,1
9775,2303,46,1
9776,1812,46,1
9777,1274,46,1
9778,2279,46,1
9779,3063,46,1
9780,697,46,1
9781,1532,46,1
9782,2267,46,1
9783,2272,46,1
9784,1808,46,1
9785,1807,46,1
9786,2270,46,1
9787,456,46,1
9788,1528,46,1
9789,3032,46,1
9790,813,46,1
9791,1803,46,1
9792,2261,46,1
9793,964,46,1
9794,1513,46,1
9795,7586,46,-10
9796,46,127,10
9797,46,68,10
9798,46,206,4
9799,46,1827,3
9800,46,457,3
9801,46,1049,3
9802,46,881,3
9803,46,1801,3
9804,46,1172,3
9805,46,178,2
9806,46,2303,2
9807,46,1531,2
9808,46,456,2
9809,46,1805,2
9810,46,1313,1
9811,46,3308,1
9812,46,3303,1
9813,46,979,1
9814,46,3174,1
9815,46,3178,1
9816,46,3133,1
9817,46,2718,1
9818,46,3102,1
9819,46,1274,1
9820,46,1812,1
9821,46,2258,1
9822,46,2279,1
9823,46,2278,1
9824,46,3065,1
9825,46,1530,1
9826,46,61,1
9827,46,697,1
9828,46,3063,1
9829,46,1532,1
9830,46,2267,1
9831,46,2272,1
9832,46,1808,1
9833,46,1807,1
9834,46,1335,1
9835,46,2270,1
9836,46,1528,1
9837,46,3032,1
9838,46,1803,1
9839,46,2261,1
9840,46,964,1
9841,46,656,1
9842,46,1513,1
9843,46,177,1
9844,46,810,1
9845,46,3015,1
9846,46,7550,-3
9847,46,7586,-10
9848,7603,47,9
9849,159,47,8
9850,66,47,3
9851,211,47,3
9852,185,47,2
9853,460,47,2
9854,272,47,2
9855,95,47,1
9856,58,47,1
9857,163,47,1
9858,280,47,1
9859,371,47,1
9860,78,47,1
9861,487,47,1
9862,77,47,1
9863,197,47,1
9864,1034,47,1
9865,255,47,1
9866,51,47,1
9867,140,47,1
9868,150,47,1
9869,47,66,8
9870,47,159,8
9871,47,211,3
9872,47,460,2
9873,47,83,2
9874,47,272,2
9875,47,163,1
9876,47,280,1
9877,47,371,1
9878,47,185,1
9879,47,78,1
9880,47,487,1
9881,47,77,1
9882,47,197,1
9883,47,1034,1
9884,47,255,1
9885,47,51,1
9886,47,140,1
9887,47,150,1
9888,47,7602,-10
9889,47,7599,-10
9890,47,7598,-10
9891,47,7604,-10
9892,131,48,7
9893,231,48,7
9894,90,48,5
9895,66,48,5
9896,386,48,4
9897,408,48,4
9898,210,48,3
9899,2116,48,3
9900,152,48,3
9901,482,48,3
9902,629,48,3
9903,77,48,3
9904,102,48,3
9905,169,48,3
9906,7603,48,2
9907,1279,48,2
9908,613,48,2
9909,2114,48,2
9910,1717,48,2
9911,140,48,2
9912,75,48,2
9913,7372,48,2
9914,299,48,2
9915,1235,48,2
9916,104,48,1
9917,72,48,1
9918,416,48,1
9919,137,48,1
9920,2741,48,1
9921,914,48,1
9922,1920,48,1
9923,680,48,1
9924,2734,48,1
9925,1473,48,1
9926,1716,48,1
9927,202,48,1
9928,2677,48,1
9929,732,48,1
9930,542,48,1
9931,516,48,1
9932,89,48,1
9933,1239,48,1
9934,475,48,1
9935,568,48,1
9936,109,48,1
9937,313,48,1
9938,850,48,1
9939,609,48,1
9940,7371,48,1
9941,7402,48,1
9942,270,48,1
9943,7511,48,1
9944,48,7372,10
9945,48,131,7
9946,48,231,7
9947,48,90,5
9948,48,152,5
9949,48,66,5
9950,48,386,4
9951,48,210,3
9952,48,914,3
9953,48,140,3
9954,48,482,3
9955,48,629,3
9956,48,77,3
9957,48,89,3
9958,48,408,3
9959,48,72,2
9960,48,7603,2
9961,48,1279,2
9962,48,2116,2
9963,48,613,2
9964,48,680,2
9965,48,2114,2
9966,48,1717,2
9967,48,1094,2
9968,48,75,2
9969,48,102,2
9970,48,299,2
9971,48,1235,2
9972,48,416,1
9973,48,137,1
9974,48,2741,1
9975,48,1920,1
9976,48,2734,1
9977,48,1473,1
9978,48,1716,1
9979,48,202,1
9980,48,2677,1
9981,48,732,1
9982,48,542,1
9983,48,516,1
9984,48,1239,1
9985,48,475,1
9986,48,568,1
9987,48,109,1
9988,48,169,1
9989,48,1420,1
9990,48,313,1
9991,48,850,1
9992,48,609,1
9993,48,7371,1
9994,48,7402,1
9995,48,270,1
9996,48,7511,-3
9997,48,7604,-10
9998,120,49,10
9999,93,49,7
10000,250,49,6
10001,82,49,4
10002,88,49,3
10003,310,49,3
10004,81,49,3
10005,177,49,3
10006,1064,49,2
10007,280,49,2
10008,290,49,2
10009,336,49,2
10010,289,49,2
10011,73,49,2
10012,526,49,1
10013,141,49,1
10014,125,49,1
10015,111,49,1
10016,104,49,1
10017,398,49,1
10018,1198,49,1
10019,1195,49,1
10020,158,49,1
10021,830,49,1
10022,650,49,1
10023,123,49,1
10024,105,49,1
10025,332,49,1
10026,7585,49,1
10027,1558,49,1
10028,545,49,1
10029,1378,49,1
10030,666,49,1
10031,3289,49,1
10032,7525,49,1
10033,759,49,1
10034,2372,49,1
10035,115,49,1
10036,519,49,1
10037,156,49,1
10038,596,49,1
10039,1560,49,1
10040,483,49,1
10041,190,49,1
10042,757,49,1
10043,7341,49,1
10044,2338,49,1
10045,49,120,8
10046,49,93,6
10047,49,310,5
10048,49,250,5
10049,49,596,5
10050,49,82,4
10051,49,88,3
10052,49,81,3
10053,49,483,3
10054,49,289,3
10055,49,123,2
10056,49,290,2
10057,49,1378,2
10058,49,145,2
10059,49,1874,2
10060,49,526,1
10061,49,141,1
10062,49,125,1
10063,49,111,1
10064,49,104,1
10065,49,398,1
10066,49,1198,1
10067,49,1195,1
10068,49,280,1
10069,49,158,1
10070,49,7436,1
10071,49,830,1
10072,49,650,1
10073,49,105,1
10074,49,242,1
10075,49,1558,1
10076,49,545,1
10077,49,666,1
10078,49,3289,1
10079,49,336,1
10080,49,759,1
10081,49,2372,1
10082,49,115,1
10083,49,519,1
10084,49,174,1
10085,49,156,1
10086,49,1560,1
10087,49,190,1
10088,49,757,1
10089,49,73,1
10090,49,7341,1
10091,49,2338,1
10092,49,7525,-1
10093,49,177,-1
10094,49,7563,-10
10095,49,7585,-10
10096,49,7597,-10
10097,1241,50,10
10098,100,50,6
10099,383,50,6
10100,204,50,5
10101,57,50,4
10102,7596,50,4
10103,90,50,4
10104,182,50,4
10105,633,50,3
10106,7603,50,3
10107,169,50,3
10108,406,50,3
10109,142,50,2
10110,149,50,2
10111,875,50,2
10112,912,50,2
10113,101,50,2
10114,226,50,2
10115,721,50,2
10116,442,50,2
10117,1428,50,2
10118,1948,50,2
10119,701,50,1
10120,370,50,1
10121,2883,50,1
10122,69,50,1
10123,739,50,1
10124,2880,50,1
10125,1755,50,1
10126,635,50,1
10127,7499,50,1
10128,52,50,1
10129,257,50,1
10130,1140,50,1
10131,1280,50,1
10132,1284,50,1
10133,195,50,1
10134,443,50,1
10135,784,50,1
10136,1667,50,1
10137,778,50,1
10138,7394,50,1
10139,576,50,1
10140,663,50,1
10141,403,50,1
10142,1975,50,1
10143,1004,50,1
10144,1974,50,1
10145,365,50,1
10146,1417,50,1
10147,1236,50,1
10148,1932,50,1
10149,263,50,1
10150,99,50,1
10151,50,100,6
10152,50,383,6
10153,50,57,4
10154,50,90,4
10155,50,182,4
10156,50,1756,3
10157,50,142,2
10158,50,7603,2
10159,50,912,2
10160,50,54,2
10161,50,226,2
10162,50,721,2
10163,50,406,2
10164,50,442,2
10165,50,1948,2
10166,50,2883,1
10167,50,2880,1
10168,50,1755,1
10169,50,875,1
10170,50,2182,1
10171,50,7499,1
10172,50,52,1
10173,50,257,1
10174,50,1751,1
10175,50,1284,1
10176,50,195,1
10177,50,443,1
10178,50,784,1
10179,50,1667,1
10180,50,101,1
10181,50,778,1
10182,50,576,1
10183,50,365,1
10184,50,663,1
10185,50,1975,1
10186,50,1241,1
10187,50,1974,1
10188,50,1417,1
10189,50,1236,1
10190,50,1932,1
10191,7603,51,7
10192,67,51,6
10193,741,51,4
10194,98,51,4
10195,1020,51,3
10196,1077,51,3
10197,370,51,3
10198,65,51,3
10199,185,51,2
10200,133,51,2
10201,7592,51,2
10202,173,51,1
10203,170,51,1
10204,136,51,1
10205,1809,51,1
10206,116,51,1
10207,177,51,1
10208,1162,51,1
10209,961,51,1
10210,553,51,1
10211,295,51,1
10212,107,51,1
10213,62,51,1
10214,80,51,1
10215,2932,51,1
10216,7566,51,1
10217,1314,51,1
10218,2887,51,1
10219,1145,51,1
10220,52,51,1
10221,2879,51,1
10222,1287,51,1
10223,7573,51,1
10224,83,51,1
10225,70,51,1
10226,371,51,1
10227,75,51,1
10228,193,51,1
10229,1484,51,1
10230,211,51,1
10231,345,51,1
10232,157,51,1
10233,156,51,1
10234,2150,51,1
10235,2151,51,1
10236,145,51,1
10237,2143,51,1
10238,409,51,1
10239,2802,51,1
10240,2798,51,1
10241,7565,51,1
10242,588,51,1
10243,51,185,5
10244,51,67,5
10245,51,741,4
10246,51,170,3
10247,51,1077,3
10248,51,177,2
10249,51,135,2
10250,51,62,2
10251,51,1020,2
10252,51,98,2
10253,51,145,2
10254,51,2133,2
10255,51,173,1
10256,51,1809,1
10257,51,116,1
10258,51,166,1
10259,51,1162,1
10260,51,961,1
10261,51,553,1
10262,51,295,1
10263,51,107,1
10264,51,80,1
10265,51,1322,1
10266,51,7389,1
10267,51,1145,1
10268,51,1314,1
10269,51,2887,1
10270,51,638,1
10271,51,2879,1
10272,51,1287,1
10273,51,687,1
10274,51,1140,1
10275,51,370,1
10276,51,70,1
10277,51,133,1
10278,51,796,1
10279,51,371,1
10280,51,75,1
10281,51,1484,1
10282,51,211,1
10283,51,157,1
10284,51,156,1
10285,51,345,1
10286,51,2150,1
10287,51,2151,1
10288,51,65,1
10289,51,672,1
10290,51,2143,1
10291,51,409,1
10292,51,2802,1
10293,51,2798,1
10294,51,588,1
10295,51,176,-1
10296,51,7580,-10
10297,51,7573,-10
10298,51,7592,-10
10299,51,7526,-10
10300,798,52,9
10301,257,52,8
10302,177,52,6
10303,7565,52,5
10304,362,52,4
10305,1328,52,3
10306,637,52,3
10307,638,52,3
10308,100,52,3
10309,634,52,3
10310,266,52,2
10311,807,52,2
10312,487,52,2
10313,484,52,2
10314,1320,52,2
10315,203,52,1
10316,259,52,1
10317,90,52,1
10318,306,52,1
10319,189,52,1
10320,83,52,1
10321,284,52,1
10322,550,52,1
10323,146,52,1
10324,2902,52,1
10325,946,52,1
10326,274,52,1
10327,949,52,1
10328,67,52,1
10329,955,52,1
10330,1034,52,1
10331,193,52,1
10332,2893,52,1
10333,686,52,1
10334,2180,52,1
10335,1033,52,1
10336,69,52,1
10337,2195,52,1
10338,264,52,1
10339,951,52,1
10340,2886,52,1
10341,361,52,1
10342,1145,52,1
10343,1755,52,1
10344,739,52,1
10345,277,52,1
10346,52,257,8
10347,52,177,7
10348,52,362,4
10349,52,189,3
10350,52,961,2
10351,52,487,2
10352,52,1320,2
10353,52,7565,2
10354,52,1138,2
10355,52,2195,2
10356,52,637,2
10357,52,203,1
10358,52,266,1
10359,52,90,1
10360,52,807,1
10361,52,306,1
10362,52,83,1
10363,52,259,1
10364,52,284,1
10365,52,1328,1
10366,52,1986,1
10367,52,550,1
10368,52,146,1
10369,52,2902,1
10370,52,946,1
10371,52,274,1
10372,52,949,1
10373,52,67,1
10374,52,955,1
10375,52,1034,1
10376,52,193,1
10377,52,2893,1
10378,52,2896,1
10379,52,686,1
10380,52,2180,1
10381,52,1033,1
10382,52,69,1
10383,52,100,1
10384,52,264,1
10385,52,951,1
10386,52,2886,1
10387,52,361,1
10388,52,634,1
10389,52,1145,1
10390,52,1755,1
10391,52,739,1
10392,52,277,1
10393,52,7603,-10
10394,52,798,-10
10395,7602,53,10
10396,7601,53,10
10397,7599,53,10
10398,7598,53,10
10399,7604,53,10
10400,124,53,7
10401,7595,53,6
10402,464,53,3
10403,7560,53,3
10404,58,53,3
10405,125,53,2
10406,110,53,2
10407,185,53,2
10408,1691,53,2
10409,56,53,2
10410,5342,53,2
10411,179,53,2
10412,319,53,2
10413,491,53,1
10414,417,53,1
10415,2380,53,1
10416,141,53,1
10417,375,53,1
10418,73,53,1
10419,429,53,1
10420,207,53,1
10421,65,53,1
10422,360,53,1
10423,1522,53,1
10424,7443,53,1
10425,85,53,1
10426,203,53,1
10427,330,53,1
10428,53,5342,5
10429,53,85,3
10430,53,185,2
10431,53,56,2
10432,53,748,2
10433,53,110,2
10434,53,3417,1
10435,53,417,1
10436,53,375,1
10437,53,245,1
10438,53,73,1
10439,53,429,1
10440,53,58,1
10441,53,65,1
10442,53,1959,1
10443,53,360,1
10444,53,332,1
10445,53,138,1
10446,53,319,1
10447,53,1522,1
10448,53,179,1
10449,53,203,1
10450,53,330,1
10451,53,7588,-5
10452,53,124,-5
10453,53,7595,-8
10454,53,7545,-10
10455,53,754,-10
10456,53,7512,-10
10457,53,177,-10
10458,53,7463,-10
10459,53,7443,-10
10460,188,54,8
10461,234,54,8
10462,84,54,8
10463,91,54,8
10464,271,54,7
10465,334,54,5
10466,566,54,5
10467,119,54,5
10468,113,54,4
10469,126,54,3
10470,7564,54,3
10471,102,54,3
10472,383,54,3
10473,449,54,2
10474,368,54,2
10475,148,54,2
10476,7400,54,2
10477,460,54,1
10478,145,54,1
10479,226,54,1
10480,1430,54,1
10481,2557,54,1
10482,914,54,1
10483,1106,54,1
10484,328,54,1
10485,610,54,1
10486,840,54,1
10487,531,54,1
10488,152,54,1
10489,379,54,1
10490,466,54,1
10491,2336,54,-7
10492,54,188,8
10493,54,469,8
10494,54,234,8
10495,54,200,8
10496,54,7552,8
10497,54,91,8
10498,54,334,5
10499,54,84,5
10500,54,74,5
10501,54,119,5
10502,54,113,5
10503,54,108,3
10504,54,383,3
10505,54,145,2
10506,54,368,2
10507,54,566,2
10508,54,293,2
10509,54,148,2
10510,54,449,1
10511,54,102,1
10512,54,226,1
10513,54,1430,1
10514,54,2557,1
10515,54,914,1
10516,54,1106,1
10517,54,328,1
10518,54,610,1
10519,54,840,1
10520,54,531,1
10521,54,152,1
10522,54,379,1
10523,54,466,1
10524,54,7550,-1
10525,54,7564,-10
10526,2995,55,10
10527,143,55,8
10528,185,55,8
10529,283,55,8
10530,673,55,7
10531,875,55,6
10532,462,55,5
10533,144,55,5
10534,80,55,5
10535,688,55,5
10536,1691,55,4
10537,1189,55,3
10538,166,55,3
10539,390,55,3
10540,232,55,3
10541,1454,55,3
10542,1236,55,2
10543,349,55,2
10544,157,55,2
10545,491,55,1
10546,199,55,1
10547,2237,55,1
10548,1946,55,1
10549,190,55,1
10550,2943,55,1
10551,427,55,1
10552,2872,55,1
10553,2854,55,1
10554,824,55,-2
10555,55,283,10
10556,55,185,8
10557,55,1319,5
10558,55,688,5
10559,55,1155,4
10560,55,875,4
10561,55,1763,3
10562,55,166,3
10563,55,232,3
10564,55,385,3
10565,55,349,2
10566,55,2220,2
10567,55,157,2
10568,55,2237,1
10569,55,80,1
10570,55,1946,1
10571,55,2943,1
10572,55,390,1
10573,55,427,1
10574,55,2872,1
10575,55,2854,1
10576,55,625,1
10577,55,1454,1
10578,55,1236,1
10579,55,272,-10
10580,753,56,9
10581,3107,56,8
10582,147,56,8
10583,1567,56,5
10584,244,56,5
10585,187,56,4
10586,112,56,3
10587,227,56,3
10588,90,56,3
10589,177,56,3
10590,124,56,3
10591,969,56,2
10592,2337,56,2
10593,1179,56,2
10594,103,56,2
10595,1539,56,2
10596,95,56,1
10597,3166,56,1
10598,168,56,1
10599,197,56,1
10600,242,56,1
10601,7595,56,1
10602,431,56,1
10603,1360,56,1
10604,1346,56,1
10605,107,56,1
10606,56,753,8
10607,56,244,5
10608,56,1567,4
10609,56,187,4
10610,56,124,4
10611,56,147,4
10612,56,227,3
10613,56,90,3
10614,56,177,3
10615,56,421,3
10616,56,95,2
10617,56,112,2
10618,56,2337,2
10619,56,103,2
10620,56,1539,2
10621,56,969,1
10622,56,168,1
10623,56,3166,1
10624,56,197,1
10625,56,242,1
10626,56,7595,1
10627,56,431,1
10628,56,1360,1
10629,56,1179,1
10630,56,1346,1
10631,56,107,1
10632,56,3107,1
10633,630,57,8
10634,7579,57,5
10635,1480,57,5
10636,793,57,3
10637,7564,57,3
10638,664,57,3
10639,583,57,2
10640,117,57,2
10641,2160,57,2
10642,2118,57,2
10643,874,57,2
10644,1733,57,2
10645,1689,57,2
10646,1728,57,2
10647,304,57,2
10648,2120,57,2
10649,1719,57,2
10650,2098,57,2
10651,2552,57,2
10652,323,57,2
10653,252,57,2
10654,2656,57,1
10655,2892,57,1
10656,1742,57,1
10657,2137,57,1
10658,256,57,1
10659,346,57,1
10660,872,57,1
10661,437,57,1
10662,389,57,1
10663,1442,57,1
10664,160,57,1
10665,2107,57,1
10666,2106,57,1
10667,2093,57,1
10668,614,57,1
10669,75,57,1
10670,2576,57,1
10671,79,57,1
10672,2508,57,1
10673,65,57,1
10674,357,57,1
10675,2637,57,1
10676,2595,57,1
10677,994,57,1
10678,109,57,1
10679,716,57,1
10680,1963,57,1
10681,150,57,1
10682,1657,57,1
10683,57,294,10
10684,57,160,9
10685,57,630,8
10686,57,1135,5
10687,57,361,4
10688,57,1480,4
10689,57,389,3
10690,57,1719,3
10691,57,664,3
10692,57,2160,2
10693,57,1733,2
10694,57,1689,2
10695,57,2137,2
10696,57,1728,2
10697,57,304,2
10698,57,793,2
10699,57,2120,2
10700,57,2107,2
10701,57,323,2
10702,57,252,2
10703,57,1963,2
10704,57,150,2
10705,57,2656,1
10706,57,583,1
10707,57,1742,1
10708,57,7579,1
10709,57,117,1
10710,57,874,1
10711,57,256,1
10712,57,346,1
10713,57,872,1
10714,57,1442,1
10715,57,2766,1
10716,57,2098,1
10717,57,2106,1
10718,57,2093,1
10719,57,75,1
10720,57,614,1
10721,57,2576,1
10722,57,79,1
10723,57,2508,1
10724,57,357,1
10725,57,2637,1
10726,57,2552,1
10727,57,2595,1
10728,57,7564,1
10729,57,994,1
10730,57,109,1
10731,57,716,1
10732,57,65,1
10733,57,407,1
10734,57,1657,1
10735,158,58,5
10736,751,58,5
10737,416,58,5
10738,280,58,5
10739,704,58,5
10740,2403,58,4
10741,81,58,4
10742,291,58,3
10743,92,58,3
10744,307,58,3
10745,191,58,3
10746,118,58,3
10747,288,58,3
10748,1383,58,3
10749,85,58,2
10750,7591,58,2
10751,417,58,2
10752,205,58,2
10753,103,58,2
10754,830,58,2
10755,888,58,2
10756,1382,58,2
10757,1589,58,2
10758,310,58,2
10759,585,58,2
10760,320,58,2
10761,242,58,2
10762,1190,58,2
10763,1847,58,2
10764,197,58,2
10765,249,58,1
10766,1590,58,1
10767,1900,58,1
10768,375,58,1
10769,194,58,1
10770,292,58,1
10771,154,58,1
10772,173,58,1
10773,3392,58,1
10774,1582,58,1
10775,163,58,1
10776,1893,58,1
10777,164,58,1
10778,647,58,1
10779,246,58,1
10780,3352,58,1
10781,3361,58,1
10782,1867,58,1
10783,762,58,1
10784,637,58,1
10785,2369,58,1
10786,412,58,1
10787,1032,58,1
10788,351,58,1
10789,3348,58,1
10790,3344,58,1
10791,93,58,1
10792,572,58,1
10793,3226,58,1
10794,7434,58,1
10795,1544,58,1
10796,1564,58,1
10797,3218,58,1
10798,648,58,1
10799,7544,58,-10
10800,338,58,-10
10801,7531,58,-10
10802,7521,58,-10
10803,58,310,5
10804,58,647,4
10805,58,416,4
10806,58,704,4
10807,58,81,4
10808,58,110,3
10809,58,85,3
10810,58,417,3
10811,58,111,3
10812,58,191,3
10813,58,158,3
10814,58,118,3
10815,58,2369,3
10816,58,288,3
10817,58,1383,3
10818,58,751,3
10819,58,280,3
10820,58,103,3
10821,58,320,3
10822,58,171,2
10823,58,291,2
10824,58,375,2
10825,58,194,2
10826,58,165,2
10827,58,1582,2
10828,58,163,2
10829,58,87,2
10830,58,307,2
10831,58,125,2
10832,58,164,2
10833,58,246,2
10834,58,205,2
10835,58,2403,2
10836,58,762,2
10837,58,637,2
10838,58,830,2
10839,58,888,2
10840,58,1589,2
10841,58,1382,2
10842,58,242,2
10843,58,1190,2
10844,58,197,2
10845,58,3411,1
10846,58,1590,1
10847,58,145,1
10848,58,1900,1
10849,58,292,1
10850,58,154,1
10851,58,245,1
10852,58,173,1
10853,58,349,1
10854,58,206,1
10855,58,321,1
10856,58,2336,1
10857,58,3392,1
10858,58,141,1
10859,58,96,1
10860,58,83,1
10861,58,88,1
10862,58,95,1
10863,58,59,1
10864,58,634,1
10865,58,82,1
10866,58,120,1
10867,58,2419,1
10868,58,73,1
10869,58,222,1
10870,58,286,1
10871,58,1893,1
10872,58,3352,1
10873,58,3361,1
10874,58,545,1
10875,58,1867,1
10876,58,412,1
10877,58,1032,1
10878,58,351,1
10879,58,601,1
10880,58,3348,1
10881,58,3344,1
10882,58,93,1
10883,58,585,1
10884,58,572,1
10885,58,3226,1
10886,58,1544,1
10887,58,1564,1
10888,58,3218,1
10889,58,1847,1
10890,58,7349,-1
10891,58,7514,-1
10892,58,113,-1
10893,58,92,-1
10894,58,7422,-2
10895,58,7578,-3
10896,58,185,-3
10897,58,7544,-5
10898,58,338,-5
10899,58,7522,-5
10900,58,7523,-5
10901,58,7532,-5
10902,58,7510,-5
10903,58,7600,-5
10904,58,7604,-5
10905,58,7552,-5
10906,58,7591,-5
10907,58,7531,-10
10908,58,7521,-10
10909,58,7434,-10
10910,430,59,10
10911,7420,59,10
10912,7380,59,7
10913,163,59,6
10914,336,59,6
10915,981,59,5
10916,208,59,5
10917,120,59,3
10918,1374,59,2
10919,237,59,2
10920,308,59,2
10921,526,59,1
10922,191,59,1
10923,85,59,1
10924,116,59,1
10925,490,59,1
10926,759,59,1
10927,3270,59,1
10928,2362,59,1
10929,1336,59,1
10930,335,59,1
10931,494,59,1
10932,2364,59,1
10933,1376,59,1
10934,111,59,1
10935,825,59,1
10936,59,163,6
10937,59,336,6
10938,59,208,5
10939,59,7380,5
10940,59,981,4
10941,59,120,3
10942,59,7420,2
10943,59,191,1
10944,59,81,1
10945,59,1374,1
10946,59,237,1
10947,59,116,1
10948,59,308,1
10949,59,759,1
10950,59,3270,1
10951,59,2362,1
10952,59,1336,1
10953,59,335,1
10954,59,494,1
10955,59,2364,1
10956,59,490,1
10957,59,130,1
10958,59,1376,1
10959,59,825,1
10960,269,60,10
10961,267,60,9
10962,440,60,8
10963,7603,60,7
10964,673,60,5
10965,80,60,5
10966,740,60,5
10967,176,60,5
10968,1773,60,4
10969,1504,60,4
10970,518,60,4
10971,302,60,3
10972,549,60,3
10973,256,60,3
10974,134,60,2
10975,63,60,2
10976,2184,60,2
10977,293,60,1
10978,389,60,1
10979,361,60,1
10980,1482,60,-1
10981,824,60,-2
10982,60,267,5
10983,60,176,5
10984,60,740,4
10985,60,1773,3
10986,60,673,3
10987,60,549,3
10988,60,134,2
10989,60,1504,2
10990,60,2184,2
10991,60,80,1
10992,60,63,1
10993,60,361,1
10994,60,256,1
10995,60,518,1
10996,60,7573,-10
10997,60,7564,-10
10998,68,61,10
10999,3093,61,10
11000,2268,61,10
11001,3035,61,8
11002,3081,61,5
11003,258,61,3
11004,7514,61,3
11005,457,61,3
11006,178,61,3
11007,979,61,2
11008,1614,61,2
11009,1274,61,2
11010,206,61,2
11011,965,61,2
11012,5389,61,2
11013,1813,61,2
11014,2398,61,1
11015,3196,61,1
11016,488,61,1
11017,982,61,1
11018,7433,61,1
11019,2366,61,1
11020,505,61,1
11021,953,61,1
11022,3161,61,1
11023,599,61,1
11024,3150,61,1
11025,1182,61,1
11026,3126,61,1
11027,3123,61,1
11028,3130,61,1
11029,1828,61,1
11030,884,61,1
11031,1050,61,1
11032,3104,61,1
11033,3098,61,1
11034,3085,61,1
11035,1814,61,1
11036,3077,61,1
11037,61,68,10
11038,61,972,5
11039,61,206,3
11040,61,965,3
11041,61,457,3
11042,61,178,3
11043,61,2366,2
11044,61,1274,2
11045,61,2398,1
11046,61,3196,1
11047,61,982,1
11048,61,1851,1
11049,61,7433,1
11050,61,435,1
11051,61,884,1
11052,61,505,1
11053,61,953,1
11054,61,979,1
11055,61,705,1
11056,61,3186,1
11057,61,1052,1
11058,61,3161,1
11059,61,599,1
11060,61,3150,1
11061,61,1182,1
11062,61,3126,1
11063,61,3123,1
11064,61,3130,1
11065,61,1813,1
11066,61,1828,1
11067,61,3081,1
11068,61,3104,1
11069,61,5389,1
11070,61,3098,1
11071,61,3093,1
11072,61,3085,1
11073,61,2268,1
11074,61,1814,1
11075,61,3077,1
11076,61,7604,-10
11077,7517,62,10
11078,7536,62,10
11079,102,62,8
11080,124,62,6
11081,85,62,5
11082,177,62,5
11083,116,62,3
11084,136,62,3
11085,7565,62,3
11086,95,62,2
11087,92,62,2
11088,166,62,2
11089,229,62,1
11090,174,62,1
11091,203,62,1
11092,2314,62,1
11093,237,62,1
11094,885,62,1
11095,73,62,1
11096,596,62,1
11097,1043,62,1
11098,5679,62,1
11099,64,62,1
11100,179,62,1
11101,7590,62,1
11102,587,62,1
11103,258,62,1
11104,1785,62,1
11105,145,62,1
11106,278,62,1
11107,1165,62,1
11108,205,62,1
11109,265,62,1
11110,306,62,1
11111,62,102,6
11112,62,124,6
11113,62,85,5
11114,62,166,5
11115,62,116,3
11116,62,179,3
11117,62,136,3
11118,62,92,2
11119,62,306,2
11120,62,229,1
11121,62,174,1
11122,62,203,1
11123,62,886,1
11124,62,2314,1
11125,62,237,1
11126,62,95,1
11127,62,885,1
11128,62,596,1
11129,62,1043,1
11130,62,5679,1
11131,62,933,1
11132,62,73,1
11133,62,587,1
11134,62,258,1
11135,62,1785,1
11136,62,145,1
11137,62,1781,1
11138,62,278,1
11139,62,1165,1
11140,62,205,1
11141,62,265,1
11142,62,7590,-10
11143,899,63,8
11144,336,63,7
11145,7603,63,5
11146,176,63,5
11147,801,63,4
11148,105,63,2
11149,1551,63,2
11150,7588,63,2
11151,209,63,2
11152,392,63,2
11153,655,63,2
11154,1784,63,1
11155,199,63,1
11156,522,63,1
11157,177,63,1
11158,84,63,1
11159,537,63,1
11160,2483,63,1
11161,1095,63,1
11162,1083,63,1
11163,718,63,1
11164,565,63,1
11165,1222,63,1
11166,2453,63,1
11167,845,63,1
11168,224,63,1
11169,223,63,1
11170,63,899,8
11171,63,336,5
11172,63,1551,5
11173,63,176,5
11174,63,801,4
11175,63,105,2
11176,63,392,2
11177,63,84,2
11178,63,655,2
11179,63,1784,1
11180,63,522,1
11181,63,209,1
11182,63,875,1
11183,63,537,1
11184,63,2483,1
11185,63,1095,1
11186,63,1083,1
11187,63,718,1
11188,63,565,1
11189,63,1222,1
11190,63,2453,1
11191,63,845,1
11192,63,224,1
11193,63,223,1
11194,63,7604,-10
11195,63,7603,-10
11196,63,177,-10
11197,104,64,5
11198,2336,64,4
11199,281,64,4
11200,279,64,4
11201,953,64,3
11202,2436,64,3
11203,766,64,3
11204,7335,64,3
11205,114,64,3
11206,98,64,3
11207,233,64,3
11208,126,64,3
11209,192,64,3
11210,269,64,3
11211,530,64,3
11212,3406,64,2
11213,2293,64,2
11214,87,64,2
11215,824,64,2
11216,196,64,2
11217,70,64,2
11218,1351,64,2
11219,498,64,1
11220,1074,64,1
11221,1590,64,1
11222,246,64,1
11223,375,64,1
11224,2417,64,1
11225,376,64,1
11226,86,64,1
11227,94,64,1
11228,81,64,1
11229,155,64,1
11230,135,64,1
11231,491,64,1
11232,698,64,1
11233,285,64,1
11234,7403,64,1
11235,133,64,1
11236,2816,64,1
11237,64,269,3
11238,64,192,3
11239,64,126,3
11240,64,86,3
11241,64,7335,2
11242,64,242,2
11243,64,1070,2
11244,64,196,2
11245,64,70,2
11246,64,3406,1
11247,64,766,1
11248,64,2429,1
11249,64,2430,1
11250,64,902,1
11251,64,279,1
11252,64,3409,1
11253,64,2293,1
11254,64,281,1
11255,64,2416,1
11256,64,520,1
11257,64,1554,1
11258,64,1200,1
11259,64,155,1
11260,64,87,1
11261,64,114,1
11262,64,81,1
11263,64,135,1
11264,64,698,1
11265,64,700,1
11266,64,530,1
11267,64,133,1
11268,64,7365,-1
11269,64,176,-1
11270,64,7415,-2
11271,159,65,5
11272,113,65,5
11273,916,65,4
11274,272,65,3
11275,1271,65,2
11276,1939,65,2
11277,449,65,2
11278,140,65,2
11279,84,65,2
11280,484,65,1
11281,70,65,1
11282,588,65,1
11283,1258,65,1
11284,256,65,1
11285,77,65,1
11286,255,65,1
11287,145,65,1
11288,516,65,1
11289,155,65,1
11290,2682,65,1
11291,175,65,1
11292,1404,65,1
11293,2071,65,1
11294,1460,65,1
11295,467,65,1
11296,786,65,1
11297,862,65,1
11298,109,65,1
11299,341,65,1
11300,7570,65,1
11301,1248,65,1
11302,1651,65,1
11303,130,65,1
11304,1662,65,1
11305,2544,65,1
11306,1984,65,1
11307,850,65,1
11308,65,165,5
11309,65,113,5
11310,65,244,2
11311,65,272,2
11312,65,1271,2
11313,65,1939,2
11314,65,2018,2
11315,65,84,2
11316,65,140,2
11317,65,588,1
11318,65,66,1
11319,65,1258,1
11320,65,2159,1
11321,65,256,1
11322,65,77,1
11323,65,255,1
11324,65,145,1
11325,65,516,1
11326,65,155,1
11327,65,2682,1
11328,65,175,1
11329,65,1404,1
11330,65,2071,1
11331,65,1460,1
11332,65,467,1
11333,65,862,1
11334,65,109,1
11335,65,926,1
11336,65,341,1
11337,65,1248,1
11338,65,130,1
11339,65,1662,1
11340,65,2544,1
11341,65,1984,1
11342,65,1933,1
11343,65,850,1
11344,65,7604,-1
11345,65,7572,-10
11346,65,7596,-10
11347,65,7570,-10
11348,100,66,10
11349,1456,66,5
11350,101,66,3
11351,143,66,3
11352,482,66,3
11353,2851,66,2
11354,159,66,2
11355,124,66,1
11356,190,66,1
11357,306,66,1
11358,70,66,1
11359,686,66,1
11360,409,66,1
11361,2856,66,1
11362,2594,66,1
11363,83,66,1
11364,133,66,1
11365,97,66,1
11366,513,66,1
11367,1449,66,1
11368,1300,66,1
11369,98,66,1
11370,738,66,1
11371,483,66,1
11372,1720,66,1
11373,253,66,1
11374,1473,66,1
11375,66,1242,5
11376,66,143,3
11377,66,101,2
11378,66,124,2
11379,66,98,2
11380,66,159,2
11381,66,100,2
11382,66,482,2
11383,66,1456,1
11384,66,70,1
11385,66,686,1
11386,66,2851,1
11387,66,409,1
11388,66,2856,1
11389,66,2594,1
11390,66,83,1
11391,66,133,1
11392,66,97,1
11393,66,1449,1
11394,66,1300,1
11395,66,1646,1
11396,66,738,1
11397,66,483,1
11398,66,1720,1
11399,66,253,1
11400,66,1473,1
11401,66,7603,-2
11402,316,67,3
11403,87,67,2
11404,102,67,2
11405,159,67,2
11406,69,67,2
11407,588,67,2
11408,1289,67,2
11409,256,67,2
11410,615,67,2
11411,1068,67,1
11412,422,67,1
11413,130,67,1
11414,1363,67,1
11415,1843,67,1
11416,641,67,1
11417,95,67,1
11418,752,67,1
11419,746,67,1
11420,296,67,1
11421,453,67,1
11422,136,67,1
11423,5342,67,1
11424,1327,67,1
11425,85,67,1
11426,411,67,1
11427,137,67,1
11428,988,67,1
11429,260,67,1
11430,1150,67,1
11431,1760,67,1
11432,110,67,1
11433,634,67,1
11434,360,67,1
11435,70,67,1
11436,135,67,1
11437,255,67,1
11438,211,67,1
11439,79,67,1
11440,1603,67,1
11441,1290,67,1
11442,2800,67,1
11443,1288,67,1
11444,1730,67,1
11445,67,746,10
11446,67,70,4
11447,67,256,3
11448,67,87,2
11449,67,102,2
11450,67,69,2
11451,67,588,2
11452,67,255,2
11453,67,79,2
11454,67,316,2
11455,67,615,2
11456,67,1068,1
11457,67,422,1
11458,67,1363,1
11459,67,1843,1
11460,67,641,1
11461,67,95,1
11462,67,752,1
11463,67,296,1
11464,67,2247,1
11465,67,453,1
11466,67,136,1
11467,67,5342,1
11468,67,85,1
11469,67,411,1
11470,67,137,1
11471,67,988,1
11472,67,1327,1
11473,67,260,1
11474,67,1150,1
11475,67,1760,1
11476,67,110,1
11477,67,634,1
11478,67,159,1
11479,67,360,1
11480,67,135,1
11481,67,1289,1
11482,67,211,1
11483,67,1603,1
11484,67,1290,1
11485,67,2800,1
11486,67,1288,1
11487,67,1730,1
11488,814,68,10
11489,1807,68,10
11490,7336,68,10
11491,124,68,7
11492,2262,68,5
11493,296,68,4
11494,1364,68,3
11495,457,68,3
11496,591,68,3
11497,1866,68,2
11498,884,68,2
11499,177,68,2
11500,599,68,1
11501,1537,68,1
11502,3121,68,1
11503,881,68,1
11504,1828,68,1
11505,3099,68,1
11506,2272,68,1
11507,2297,68,1
11508,1051,68,1
11509,1531,68,1
11510,3029,68,1
11511,1168,68,1
11512,1804,68,1
11513,1803,68,1
11514,1105,68,1
11515,627,68,1
11516,166,68,1
11517,125,68,-1
11518,68,814,10
11519,68,457,4
11520,68,296,4
11521,68,1364,3
11522,68,1866,2
11523,68,884,2
11524,68,881,2
11525,68,2262,2
11526,68,1803,2
11527,68,177,2
11528,68,178,1
11529,68,599,1
11530,68,1537,1
11531,68,3121,1
11532,68,1828,1
11533,68,3099,1
11534,68,2272,1
11535,68,2297,1
11536,68,1051,1
11537,68,124,1
11538,68,1531,1
11539,68,1807,1
11540,68,7336,1
11541,68,3029,1
11542,68,1804,1
11543,68,1168,1
11544,68,591,1
11545,68,627,1
11546,68,1105,1
11547,68,3024,1
11548,68,166,1
11549,68,7602,-10
11550,68,7601,-10
11551,68,7599,-10
11552,68,7598,-10
11553,68,7600,-10
11554,68,7334,-10
11555,68,7604,-10
11556,68,408,-10
11557,2171,69,10
11558,798,69,5
11559,232,69,5
11560,197,69,3
11561,98,69,3
11562,2177,69,2
11563,204,69,2
11564,171,69,2
11565,198,69,2
11566,1757,69,2
11567,370,69,2
11568,277,69,2
11569,142,69,2
11570,117,69,2
11571,235,69,2
11572,159,69,2
11573,453,69,2
11574,1302,69,2
11575,2163,69,2
11576,2241,69,1
11577,1780,69,1
11578,317,69,1
11579,1760,69,1
11580,1494,69,1
11581,1495,69,1
11582,1759,69,1
11583,2196,69,1
11584,800,69,1
11585,97,69,1
11586,1758,69,1
11587,161,69,1
11588,2874,69,1
11589,90,69,1
11590,258,69,1
11591,1318,69,1
11592,623,69,1
11593,739,69,1
11594,1752,69,1
11595,487,69,1
11596,1144,69,1
11597,266,69,1
11598,857,69,1
11599,257,69,1
11600,2863,69,1
11601,2861,69,1
11602,1749,69,1
11603,2850,69,1
11604,7550,69,1
11605,2847,69,1
11606,2176,69,1
11607,146,69,1
11608,70,69,1
11609,2169,69,1
11610,2153,69,1
11611,256,69,1
11612,1485,69,1
11613,686,69,1
11614,7592,69,1
11615,939,69,1
11616,156,69,1
11617,738,69,1
11618,229,69,-1
11619,1569,69,-10
11620,69,232,5
11621,69,98,3
11622,69,197,3
11623,69,1302,3
11624,69,171,2
11625,69,198,2
11626,69,1757,2
11627,69,487,2
11628,69,370,2
11629,69,235,2
11630,69,1748,2
11631,69,453,2
11632,69,346,2
11633,69,2241,1
11634,69,1780,1
11635,69,317,1
11636,69,2177,1
11637,69,1760,1
11638,69,204,1
11639,69,1495,1
11640,69,1759,1
11641,69,2196,1
11642,69,800,1
11643,69,97,1
11644,69,1758,1
11645,69,161,1
11646,69,2874,1
11647,69,90,1
11648,69,258,1
11649,69,1318,1
11650,69,623,1
11651,69,739,1
11652,69,1752,1
11653,69,1144,1
11654,69,266,1
11655,69,2183,1
11656,69,857,1
11657,69,257,1
11658,69,2863,1
11659,69,2861,1
11660,69,277,1
11661,69,1749,1
11662,69,2850,1
11663,69,7550,1
11664,69,142,1
11665,69,117,1
11666,69,2847,1
11667,69,939,1
11668,69,146,1
11669,69,70,1
11670,69,2169,1
11671,69,2153,1
11672,69,256,1
11673,69,1485,1
11674,69,2171,1
11675,69,2121,1
11676,69,686,1
11677,69,2163,1
11678,69,156,1
11679,69,738,1
11680,69,798,-1
11681,69,7592,-10
11682,279,70,5
11683,149,70,4
11684,360,70,3
11685,190,70,3
11686,98,70,3
11687,133,70,3
11688,427,70,2
11689,1767,70,2
11690,1308,70,2
11691,346,70,2
11692,142,70,2
11693,114,70,1
11694,196,70,1
11695,966,70,1
11696,591,70,1
11697,140,70,1
11698,106,70,1
11699,117,70,1
11700,108,70,1
11701,2175,70,1
11702,277,70,1
11703,75,70,1
11704,1140,70,1
11705,232,70,1
11706,371,70,1
11707,156,70,1
11708,211,70,1
11709,203,70,1
11710,7565,70,1
11711,491,70,-1
11712,70,133,3
11713,70,279,2
11714,70,1767,2
11715,70,196,1
11716,70,966,1
11717,70,114,1
11718,70,698,1
11719,70,140,1
11720,70,360,1
11721,70,106,1
11722,70,427,1
11723,70,190,1
11724,70,258,1
11725,70,7387,1
11726,70,1308,1
11727,70,117,1
11728,70,2175,1
11729,70,277,1
11730,70,75,1
11731,70,346,1
11732,70,98,1
11733,70,108,1
11734,70,142,1
11735,70,232,1
11736,70,371,1
11737,70,156,1
11738,70,149,1
11739,70,211,1
11740,70,203,1
11741,70,7580,-1
11742,70,491,-1
11743,70,7603,-1
11744,70,7388,-1
11745,70,7565,-1
11746,296,71,10
11747,243,71,10
11748,745,71,10
11749,968,71,8
11750,220,71,8
11751,349,71,8
11752,457,71,5
11753,1233,71,5
11754,1791,71,3
11755,742,71,3
11756,2969,71,2
11757,954,71,1
11758,2234,71,1
11759,1331,71,1
11760,486,71,1
11761,2223,71,1
11762,800,71,1
11763,71,243,8
11764,71,968,8
11765,71,349,8
11766,71,745,7
11767,71,296,5
11768,71,1791,3
11769,71,1233,3
11770,71,486,3
11771,71,800,3
11772,71,457,2
11773,71,742,2
11774,71,954,1
11775,71,2234,1
11776,71,2969,1
11777,71,1331,1
11778,71,2223,1
11779,262,72,10
11780,416,72,5
11781,118,72,4
11782,222,72,4
11783,546,72,4
11784,288,72,3
11785,935,72,3
11786,132,72,3
11787,830,72,2
11788,6369,72,2
11789,115,72,2
11790,2768,72,2
11791,2761,72,2
11792,1718,72,2
11793,77,72,2
11794,324,72,2
11795,181,72,2
11796,3347,72,1
11797,154,72,1
11798,896,72,1
11799,650,72,1
11800,280,72,1
11801,292,72,1
11802,158,72,1
11803,1838,72,1
11804,219,72,1
11805,1475,72,1
11806,113,72,1
11807,2762,72,1
11808,632,72,1
11809,284,72,1
11810,507,72,1
11811,1476,72,1
11812,447,72,1
11813,568,72,1
11814,99,72,1
11815,362,72,-2
11816,72,262,8
11817,72,118,5
11818,72,416,5
11819,72,222,4
11820,72,935,3
11821,72,830,2
11822,72,219,2
11823,72,6369,2
11824,72,1476,2
11825,72,77,2
11826,72,324,2
11827,72,3347,1
11828,72,154,1
11829,72,896,1
11830,72,650,1
11831,72,280,1
11832,72,292,1
11833,72,158,1
11834,72,1838,1
11835,72,115,1
11836,72,546,1
11837,72,2761,1
11838,72,1475,1
11839,72,113,1
11840,72,2762,1
11841,72,632,1
11842,72,284,1
11843,72,507,1
11844,72,1279,1
11845,72,132,1
11846,72,447,1
11847,72,568,1
11848,72,181,1
11849,72,99,1
11850,72,2449,1
11851,72,362,-3
11852,124,73,9
11853,120,73,7
11854,112,73,4
11855,82,73,3
11856,207,73,2
11857,163,73,2
11858,85,73,2
11859,463,73,2
11860,83,73,2
11861,156,73,2
11862,171,73,2
11863,103,73,2
11864,172,73,2
11865,1054,73,2
11866,528,73,1
11867,526,73,1
11868,3346,73,1
11869,7412,73,1
11870,95,73,1
11871,116,73,1
11872,262,73,1
11873,227,73,1
11874,494,73,1
11875,88,73,1
11876,460,73,1
11877,97,73,1
11878,155,73,1
11879,214,73,1
11880,136,73,1
11881,883,73,1
11882,1056,73,1
11883,331,73,1
11884,1051,73,1
11885,199,73,1
11886,123,73,1
11887,332,73,1
11888,92,73,1
11889,177,73,1
11890,278,73,1
11891,228,73,1
11892,813,73,1
11893,2336,73,-1
11894,188,73,-1
11895,73,120,7
11896,73,883,4
11897,73,112,4
11898,73,82,3
11899,73,207,2
11900,73,163,2
11901,73,85,2
11902,73,463,2
11903,73,83,2
11904,73,214,2
11905,73,103,2
11906,73,172,2
11907,73,1054,2
11908,73,1051,2
11909,73,332,2
11910,73,95,2
11911,73,222,1
11912,73,528,1
11913,73,526,1
11914,73,3346,1
11915,73,88,1
11916,73,3342,1
11917,73,7412,1
11918,73,116,1
11919,73,728,1
11920,73,262,1
11921,73,227,1
11922,73,494,1
11923,73,460,1
11924,73,97,1
11925,73,156,1
11926,73,155,1
11927,73,136,1
11928,73,171,1
11929,73,1056,1
11930,73,331,1
11931,73,199,1
11932,73,123,1
11933,73,92,1
11934,73,278,1
11935,73,228,1
11936,73,813,1
11937,73,2336,-1
11938,73,7595,-1
11939,73,124,-1
11940,73,7525,-10
11941,73,177,-10
11942,73,7604,-10
11943,73,7464,-10
11944,7604,74,10
11945,1263,74,5
11946,1259,74,5
11947,312,74,5
11948,1605,74,4
11949,1448,74,3
11950,389,74,2
11951,1648,74,2
11952,1620,74,2
11953,131,74,2
11954,625,74,1
11955,1127,74,1
11956,824,74,1
11957,2857,74,1
11958,367,74,1
11959,293,74,1
11960,1087,74,1
11961,168,74,1
11962,74,1017,6
11963,74,1263,5
11964,74,131,4
11965,74,1259,3
11966,74,1448,2
11967,74,1648,2
11968,74,1620,2
11969,74,1605,2
11970,74,625,1
11971,74,1127,1
11972,74,1402,1
11973,74,1087,1
11974,74,168,1
11975,74,312,1
11976,78,75,3
11977,210,75,3
11978,212,75,3
11979,169,75,3
11980,152,75,2
11981,326,75,2
11982,216,75,2
11983,95,75,1
11984,85,75,1
11985,198,75,1
11986,5342,75,1
11987,266,75,1
11988,411,75,1
11989,204,75,1
11990,255,75,1
11991,133,75,1
11992,256,75,1
11993,315,75,1
11994,854,75,1
11995,226,75,1
11996,76,75,1
11997,132,75,1
11998,401,75,1
11999,7394,75,1
12000,719,75,1
12001,775,75,1
12002,467,75,1
12003,328,75,1
12004,568,75,1
12005,918,75,1
12006,1417,75,1
12007,1100,75,1
12008,75,78,3
12009,75,210,3
12010,75,266,2
12011,75,152,2
12012,75,326,2
12013,75,1100,2
12014,75,216,2
12015,75,95,1
12016,75,85,1
12017,75,198,1
12018,75,5342,1
12019,75,411,1
12020,75,204,1
12021,75,255,1
12022,75,133,1
12023,75,256,1
12024,75,315,1
12025,75,212,1
12026,75,854,1
12027,75,226,1
12028,75,76,1
12029,75,132,1
12030,75,401,1
12031,75,7394,1
12032,75,719,1
12033,75,775,1
12034,75,467,1
12035,75,169,1
12036,75,328,1
12037,75,568,1
12038,75,918,1
12039,75,1417,1
12040,2685,76,10
12041,2696,76,10
12042,2626,76,10
12043,2046,76,10
12044,2037,76,10
12045,314,76,3
12046,97,76,3
12047,678,76,3
12048,240,76,3
12049,79,76,2
12050,853,76,2
12051,303,76,2
12052,1011,76,2
12053,254,76,2
12054,1684,76,1
12055,78,76,1
12056,77,76,1
12057,1258,76,1
12058,84,76,1
12059,672,76,1
12060,480,76,1
12061,408,76,1
12062,911,76,1
12063,1941,76,1
12064,5342,76,-5
12065,76,240,10
12066,76,303,3
12067,76,853,2
12068,76,2685,1
12069,76,1684,1
12070,76,78,1
12071,76,79,1
12072,76,77,1
12073,76,2696,1
12074,76,314,1
12075,76,97,1
12076,76,1011,1
12077,76,130,1
12078,76,339,1
12079,76,1258,1
12080,76,2626,1
12081,76,84,1
12082,76,2046,1
12083,76,619,1
12084,76,678,1
12085,76,672,1
12086,76,480,1
12087,76,2037,1
12088,76,408,1
12089,76,911,1
12090,76,1941,1
12091,132,77,4
12092,1328,77,3
12093,78,77,3
12094,161,77,2
12095,155,77,2
12096,938,77,2
12097,265,77,2
12098,1118,77,2
12099,545,77,1
12100,89,77,1
12101,177,77,1
12102,1715,77,1
12103,777,77,1
12104,4934,77,1
12105,384,77,1
12106,926,77,1
12107,664,77,1
12108,231,77,1
12109,131,77,1
12110,2667,77,1
12111,403,77,1
12112,857,77,1
12113,1638,77,1
12114,853,77,1
12115,660,77,1
12116,516,77,1
12117,1440,77,1
12118,408,77,1
12119,77,132,4
12120,77,155,3
12121,77,78,3
12122,77,268,2
12123,77,161,2
12124,77,131,2
12125,77,938,2
12126,77,408,2
12127,77,89,1
12128,77,177,1
12129,77,545,1
12130,77,1328,1
12131,77,777,1
12132,77,4934,1
12133,77,384,1
12134,77,926,1
12135,77,664,1
12136,77,231,1
12137,77,140,1
12138,77,2667,1
12139,77,403,1
12140,77,857,1
12141,77,1638,1
12142,77,853,1
12143,77,660,1
12144,77,516,1
12145,77,1440,1
12146,77,265,1
12147,77,1118,1
12148,623,78,6
12149,721,78,5
12150,142,78,3
12151,106,78,3
12152,146,78,3
12153,1133,78,3
12154,319,78,2
12155,90,78,2
12156,629,78,2
12157,1428,78,2
12158,1249,78,2
12159,511,78,2
12160,474,78,2
12161,203,78,1
12162,356,78,1
12163,739,78,1
12164,550,78,1
12165,1758,78,1
12166,487,78,1
12167,1511,78,1
12168,1137,78,1
12169,161,78,1
12170,260,78,1
12171,955,78,1
12172,798,78,1
12173,277,78,1
12174,632,78,1
12175,7526,78,1
12176,1290,78,1
12177,1022,78,1
12178,1021,78,1
12179,2739,78,1
12180,1473,78,1
12181,1638,78,1
12182,154,78,1
12183,2083,78,1
12184,113,78,1
12185,403,78,1
12186,1465,78,1
12187,1132,78,1
12188,543,78,1
12189,785,78,1
12190,2051,78,1
12191,7564,78,1
12192,108,78,1
12193,78,623,6
12194,78,142,5
12195,78,106,5
12196,78,721,5
12197,78,146,3
12198,78,1133,3
12199,78,319,2
12200,78,90,2
12201,78,629,2
12202,78,1638,2
12203,78,113,2
12204,78,1428,2
12205,78,785,2
12206,78,2051,2
12207,78,1249,2
12208,78,511,2
12209,78,474,2
12210,78,108,2
12211,78,203,1
12212,78,356,1
12213,78,739,1
12214,78,550,1
12215,78,1758,1
12216,78,487,1
12217,78,1511,1
12218,78,1137,1
12219,78,161,1
12220,78,260,1
12221,78,955,1
12222,78,798,1
12223,78,277,1
12224,78,632,1
12225,78,1290,1
12226,78,1022,1
12227,78,2739,1
12228,78,1021,1
12229,78,1473,1
12230,78,154,1
12231,78,2083,1
12232,78,403,1
12233,78,1465,1
12234,78,1132,1
12235,78,543,1
12236,78,7526,-10
12237,97,79,3
12238,212,79,3
12239,1705,79,2
12240,730,79,2
12241,2723,79,2
12242,140,79,2
12243,2099,79,2
12244,580,79,2
12245,863,79,2
12246,2091,79,1
12247,314,79,1
12248,1704,79,1
12249,2688,79,1
12250,1018,79,1
12251,2086,79,1
12252,2683,79,1
12253,2654,79,1
12254,2678,79,1
12255,2672,79,1
12256,2675,79,1
12257,1700,79,1
12258,1697,79,1
12259,2670,79,1
12260,2749,79,1
12261,300,79,1
12262,386,79,1
12263,1130,79,1
12264,1714,79,1
12265,1660,79,1
12266,1472,79,1
12267,792,79,1
12268,272,79,1
12269,2104,79,1
12270,255,79,1
12271,2068,79,1
12272,1003,79,1
12273,90,79,1
12274,2706,79,1
12275,732,79,1
12276,405,79,1
12277,2708,79,1
12278,1133,79,1
12279,1276,79,1
12280,2530,79,1
12281,1132,79,1
12282,2101,79,1
12283,542,79,1
12284,937,79,1
12285,1273,79,1
12286,384,79,1
12287,1468,79,1
12288,380,79,1
12289,2087,79,1
12290,2092,79,1
12291,2694,79,1
12292,926,79,1
12293,1120,79,1
12294,155,79,1
12295,624,79,1
12296,79,140,2
12297,79,2091,1
12298,79,314,1
12299,79,1705,1
12300,79,730,1
12301,79,1704,1
12302,79,2688,1
12303,79,1018,1
12304,79,2086,1
12305,79,2683,1
12306,79,2654,1
12307,79,2678,1
12308,79,2672,1
12309,79,2675,1
12310,79,1700,1
12311,79,2670,1
12312,79,1697,1
12313,79,212,1
12314,79,2749,1
12315,79,300,1
12316,79,97,1
12317,79,386,1
12318,79,1130,1
12319,79,272,1
12320,79,1714,1
12321,79,1660,1
12322,79,1472,1
12323,79,792,1
12324,79,2723,1
12325,79,255,1
12326,79,2104,1
12327,79,2068,1
12328,79,1003,1
12329,79,90,1
12330,79,2099,1
12331,79,732,1
12332,79,405,1
12333,79,580,1
12334,79,2706,1
12335,79,2708,1
12336,79,1133,1
12337,79,1276,1
12338,79,2530,1
12339,79,1132,1
12340,79,2101,1
12341,79,542,1
12342,79,937,1
12343,79,1273,1
12344,79,384,1
12345,79,1468,1
12346,79,380,1
12347,79,2087,1
12348,79,2092,1
12349,79,2694,1
12350,79,926,1
12351,79,1120,1
12352,79,863,1
12353,79,155,1
12354,79,624,1
12355,244,80,10
12356,1047,80,8
12357,301,80,8
12358,598,80,6
12359,491,80,6
12360,269,80,5
12361,384,80,5
12362,555,80,3
12363,196,80,3
12364,698,80,3
12365,190,80,3
12366,1921,80,2
12367,176,80,2
12368,286,80,2
12369,459,80,1
12370,2991,80,1
12371,267,80,1
12372,371,80,1
12373,876,80,1
12374,747,80,1
12375,260,80,1
12376,1134,80,1
12377,1147,80,1
12378,2925,80,1
12379,117,80,1
12380,80,301,8
12381,80,1047,5
12382,80,268,5
12383,80,598,3
12384,80,555,3
12385,80,286,3
12386,80,384,2
12387,80,1504,2
12388,80,459,1
12389,80,269,1
12390,80,2991,1
12391,80,698,1
12392,80,371,1
12393,80,876,1
12394,80,747,1
12395,80,260,1
12396,80,491,1
12397,80,1134,1
12398,80,184,1
12399,80,2925,1
12400,80,7599,-10
12401,80,7598,-10
12402,80,7604,-10
12403,971,81,10
12404,290,81,5
12405,247,81,5
12406,2357,81,5
12407,1198,81,3
12408,105,81,3
12409,1573,81,3
12410,128,81,2
12411,1859,81,2
12412,229,81,2
12413,754,81,2
12414,890,81,2
12415,3331,81,1
12416,467,81,1
12417,248,81,1
12418,173,81,1
12419,3250,81,1
12420,1570,81,1
12421,219,81,1
12422,391,81,1
12423,627,81,1
12424,3244,81,1
12425,413,81,1
12426,557,81,1
12427,412,81,1
12428,645,81,1
12429,115,81,1
12430,81,1198,3
12431,81,105,3
12432,81,290,3
12433,81,971,3
12434,81,128,2
12435,81,754,2
12436,81,890,2
12437,81,3331,1
12438,81,467,1
12439,81,1562,1
12440,81,1553,1
12441,81,248,1
12442,81,173,1
12443,81,3250,1
12444,81,1570,1
12445,81,391,1
12446,81,627,1
12447,81,3244,1
12448,81,1859,1
12449,81,1573,1
12450,81,413,1
12451,81,229,1
12452,81,247,1
12453,81,557,1
12454,81,2357,1
12455,81,412,1
12456,81,645,1
12457,81,115,1
12458,7503,82,9
12459,158,82,8
12460,288,82,6
12461,351,82,4
12462,120,82,3
12463,904,82,2
12464,125,82,2
12465,222,82,2
12466,980,82,2
12467,704,82,2
12468,174,82,2
12469,1490,82,2
12470,3416,82,1
12471,179,82,1
12472,376,82,1
12473,88,82,1
12474,164,82,1
12475,825,82,1
12476,321,82,1
12477,417,82,1
12478,141,82,1
12479,7591,82,1
12480,7568,82,1
12481,3360,82,1
12482,163,82,1
12483,118,82,1
12484,3343,82,1
12485,95,82,1
12486,707,82,1
12487,219,82,1
12488,506,82,1
12489,2336,82,-2
12490,82,158,8
12491,82,288,5
12492,82,351,4
12493,82,321,3
12494,82,120,3
12495,82,904,2
12496,82,125,2
12497,82,417,2
12498,82,7503,2
12499,82,222,2
12500,82,980,2
12501,82,704,2
12502,82,174,2
12503,82,1490,2
12504,82,3416,1
12505,82,179,1
12506,82,376,1
12507,82,164,1
12508,82,825,1
12509,82,3360,1
12510,82,163,1
12511,82,118,1
12512,82,3343,1
12513,82,95,1
12514,82,707,1
12515,82,219,1
12516,82,506,1
12517,82,2336,-10
12518,82,7591,-10
12519,82,7568,-10
12520,207,83,5
12521,177,83,5
12522,185,83,3
12523,591,83,3
12524,394,83,3
12525,7600,83,3
12526,1048,83,2
12527,7595,83,2
12528,107,83,2
12529,279,83,2
12530,124,83,2
12531,329,83,2
12532,390,83,2
12533,166,83,2
12534,133,83,2
12535,684,83,1
12536,7419,83,1
12537,333,83,1
12538,967,83,1
12539,92,83,1
12540,482,83,1
12541,253,83,1
12542,277,83,1
12543,2960,83,1
12544,171,83,1
12545,687,83,1
12546,1760,83,1
12547,7566,83,1
12548,7499,83,1
12549,255,83,1
12550,1458,83,1
12551,83,177,4
12552,83,591,3
12553,83,394,3
12554,83,1048,2
12555,83,107,2
12556,83,7552,2
12557,83,166,2
12558,83,133,2
12559,83,207,1
12560,83,333,1
12561,83,967,1
12562,83,92,1
12563,83,279,1
12564,83,482,1
12565,83,253,1
12566,83,277,1
12567,83,2960,1
12568,83,390,1
12569,83,171,1
12570,83,1760,1
12571,83,7566,1
12572,83,7499,1
12573,83,255,1
12574,83,487,-3
12575,83,7600,-8
12576,83,7604,-10
12577,83,7595,-10
12578,83,7603,-10
12579,450,84,10
12580,138,84,5
12581,381,84,3
12582,863,84,2
12583,109,84,2
12584,404,84,2
12585,445,84,2
12586,324,84,2
12587,113,84,2
12588,106,84,2
12589,382,84,2
12590,7569,84,2
12591,148,84,2
12592,619,84,1
12593,215,84,1
12594,1975,84,1
12595,853,84,1
12596,1417,84,1
12597,507,84,1
12598,224,84,1
12599,909,84,1
12600,1423,84,1
12601,339,84,1
12602,1100,84,1
12603,609,84,1
12604,500,84,1
12605,718,84,1
12606,1616,84,1
12607,1628,84,1
12608,7589,84,1
12609,536,84,1
12610,299,84,1
12611,1098,84,1
12612,2481,84,1
12613,610,84,1
12614,848,84,1
12615,419,84,1
12616,1083,84,1
12617,775,84,1
12618,1619,84,1
12619,99,84,1
12620,5342,84,-3
12621,84,450,10
12622,84,263,10
12623,84,138,5
12624,84,381,3
12625,84,863,2
12626,84,109,2
12627,84,404,2
12628,84,324,2
12629,84,7589,2
12630,84,106,2
12631,84,382,2
12632,84,848,2
12633,84,619,1
12634,84,215,1
12635,84,1975,1
12636,84,853,1
12637,84,1417,1
12638,84,507,1
12639,84,224,1
12640,84,909,1
12641,84,1423,1
12642,84,339,1
12643,84,609,1
12644,84,1100,1
12645,84,500,1
12646,84,718,1
12647,84,1616,1
12648,84,1628,1
12649,84,445,1
12650,84,299,1
12651,84,1098,1
12652,84,2481,1
12653,84,610,1
12654,84,1083,1
12655,84,775,1
12656,84,1619,1
12657,84,99,1
12658,84,148,1
12659,205,85,6
12660,250,85,5
12661,249,85,3
12662,103,85,3
12663,320,85,2
12664,3415,85,2
12665,291,85,2
12666,191,85,2
12667,288,85,2
12668,125,85,2
12669,164,85,2
12670,617,85,2
12671,2328,85,2
12672,89,85,2
12673,165,85,2
12674,491,85,2
12675,7335,85,1
12676,238,85,1
12677,246,85,1
12678,88,85,1
12679,141,85,1
12680,1180,85,1
12681,118,85,1
12682,7087,85,1
12683,398,85,1
12684,2373,85,1
12685,173,85,1
12686,601,85,1
12687,87,85,1
12688,242,85,1
12689,207,85,1
12690,93,85,1
12691,967,85,1
12692,295,85,1
12693,287,85,1
12694,146,85,1
12695,7428,85,1
12696,1162,85,1
12697,360,85,1
12698,804,85,1
12699,177,85,1
12700,107,85,1
12701,97,85,1
12702,166,85,1
12703,941,85,1
12704,2951,85,1
12705,106,85,1
12706,157,85,1
12707,192,85,-1
12708,375,85,-1
12709,337,85,-3
12710,2336,85,-3
12711,7579,85,-5
12712,222,85,-10
12713,85,205,6
12714,85,250,5
12715,85,171,4
12716,85,249,3
12717,85,647,3
12718,85,103,3
12719,85,188,3
12720,85,320,2
12721,85,291,2
12722,85,95,2
12723,85,191,2
12724,85,288,2
12725,85,125,2
12726,85,89,2
12727,85,491,2
12728,85,3415,1
12729,85,238,1
12730,85,246,1
12731,85,1570,1
12732,85,2369,1
12733,85,141,1
12734,85,1180,1
12735,85,118,1
12736,85,399,1
12737,85,398,1
12738,85,2408,1
12739,85,7398,1
12740,85,2373,1
12741,85,173,1
12742,85,601,1
12743,85,87,1
12744,85,164,1
12745,85,242,1
12746,85,207,1
12747,85,617,1
12748,85,93,1
12749,85,967,1
12750,85,295,1
12751,85,2328,1
12752,85,287,1
12753,85,146,1
12754,85,7428,1
12755,85,1162,1
12756,85,92,1
12757,85,360,1
12758,85,165,1
12759,85,804,1
12760,85,7588,1
12761,85,107,1
12762,85,97,1
12763,85,166,1
12764,85,941,1
12765,85,2951,1
12766,85,106,1
12767,85,157,1
12768,85,375,-1
12769,85,1322,-1
12770,85,199,-1
12771,85,703,-1
12772,85,2336,-2
12773,85,222,-2
12774,85,7503,-3
12775,85,882,-3
12776,85,7602,-10
12777,85,7601,-10
12778,85,7599,-10
12779,85,7598,-10
12780,85,7334,-10
12781,85,7604,-10
12782,85,177,-10
12783,85,7579,-10
12784,104,86,10
12785,7386,86,5
12786,2336,86,5
12787,7335,86,4
12788,114,86,4
12789,1074,86,3
12790,98,86,3
12791,233,86,3
12792,192,86,3
12793,269,86,3
12794,126,86,3
12795,87,86,2
12796,766,86,2
12797,164,86,2
12798,337,86,2
12799,281,86,2
12800,3372,86,2
12801,832,86,2
12802,1906,86,1
12803,498,86,1
12804,1590,86,1
12805,246,86,1
12806,2417,86,1
12807,7087,86,1
12808,94,86,1
12809,86,94,10
12810,86,192,4
12811,86,114,3
12812,86,98,3
12813,86,233,3
12814,86,7335,2
12815,86,897,2
12816,86,87,2
12817,86,2336,2
12818,86,766,2
12819,86,126,2
12820,86,104,2
12821,86,3440,1
12822,86,3444,1
12823,86,246,1
12824,86,906,1
12825,86,337,1
12826,86,1906,1
12827,86,164,1
12828,86,558,1
12829,86,352,1
12830,86,1204,1
12831,86,3395,1
12832,86,3393,1
12833,86,1200,1
12834,86,832,1
12835,86,1593,1
12836,86,1891,1
12837,86,7386,-1
12838,86,469,-1
12839,86,145,-1
12840,86,3383,-1
12841,86,7393,-1
12842,86,7560,-1
12843,86,7369,-2
12844,86,7552,-10
12845,397,87,4
12846,824,87,3
12847,269,87,2
12848,96,87,2
12849,291,87,2
12850,1045,87,2
12851,526,87,2
12852,104,87,2
12853,2155,87,2
12854,602,87,2
12855,454,87,2
12856,241,87,2
12857,158,87,2
12858,2417,87,1
12859,191,87,1
12860,192,87,1
12861,98,87,1
12862,206,87,1
12863,7398,87,1
12864,1884,87,1
12865,3318,87,1
12866,702,87,1
12867,259,87,1
12868,280,87,1
12869,163,87,1
12870,7412,87,1
12871,309,87,1
12872,154,87,1
12873,707,87,1
12874,424,87,1
12875,3306,87,1
12876,1863,87,1
12877,1880,87,1
12878,1156,87,1
12879,2080,87,1
12880,288,87,1
12881,1381,87,1
12882,572,87,1
12883,592,87,1
12884,395,87,1
12885,87,397,4
12886,87,126,2
12887,87,1070,2
12888,87,206,2
12889,87,707,2
12890,87,424,2
12891,87,602,2
12892,87,454,2
12893,87,2080,2
12894,87,241,2
12895,87,158,2
12896,87,96,1
12897,87,291,1
12898,87,192,1
12899,87,171,1
12900,87,1045,1
12901,87,157,1
12902,87,526,1
12903,87,3318,1
12904,87,1884,1
12905,87,702,1
12906,87,259,1
12907,87,280,1
12908,87,2155,1
12909,87,163,1
12910,87,7412,1
12911,87,309,1
12912,87,154,1
12913,87,3306,1
12914,87,1863,1
12915,87,1880,1
12916,87,1156,1
12917,87,288,1
12918,87,1381,1
12919,87,572,1
12920,87,592,1
12921,87,395,1
12922,87,133,-1
12923,87,214,-1
12924,87,491,-2
12925,87,7415,-2
12926,87,7552,-8
12927,87,7591,-10
12928,87,7473,-10
12929,87,7542,-10
12930,461,88,10
12931,646,88,7
12932,129,88,4
12933,1518,88,3
12934,125,88,3
12935,140,88,3
12936,245,88,2
12937,124,88,2
12938,288,88,1
12939,173,88,1
12940,666,88,1
12941,308,88,1
12942,3235,88,1
12943,1187,88,1
12944,296,88,1
12945,684,88,1
12946,882,88,1
12947,179,88,1
12948,1309,88,1
12949,1405,88,1
12950,7419,88,-10
12951,88,461,10
12952,88,646,7
12953,88,245,3
12954,88,125,3
12955,88,140,3
12956,88,1201,2
12957,88,1518,2
12958,88,145,2
12959,88,288,1
12960,88,164,1
12961,88,173,1
12962,88,318,1
12963,88,7398,1
12964,88,666,1
12965,88,92,1
12966,88,308,1
12967,88,3235,1
12968,88,296,1
12969,88,815,1
12970,88,95,1
12971,88,684,1
12972,88,179,1
12973,88,1309,1
12974,88,129,1
12975,88,1405,1
12976,88,7559,-1
12977,88,7328,-1
12978,88,124,-1
12979,88,7404,-5
12980,88,7552,-7
12981,88,185,-10
12982,88,7543,-10
12983,88,7419,-10
12984,88,177,-10
12985,254,89,10
12986,373,89,7
12987,395,89,5
12988,160,89,5
12989,699,89,3
12990,121,89,2
12991,302,89,2
12992,132,89,2
12993,2043,89,2
12994,175,89,2
12995,1193,89,1
12996,124,89,1
12997,2269,89,1
12998,203,89,1
12999,519,89,1
13000,945,89,1
13001,122,89,1
13002,946,89,1
13003,154,89,1
13004,587,89,1
13005,629,89,1
13006,1708,89,1
13007,516,89,1
13008,2097,89,1
13009,253,89,1
13010,90,89,1
13011,1690,89,1
13012,406,89,1
13013,1267,89,1
13014,2628,89,1
13015,2625,89,1
13016,2623,89,1
13017,931,89,1
13018,1453,89,1
13019,2033,89,1
13020,3774,89,1
13021,369,89,1
13022,7564,89,-10
13023,89,373,7
13024,89,395,5
13025,89,160,5
13026,89,369,2
13027,89,175,2
13028,89,124,1
13029,89,2269,1
13030,89,699,1
13031,89,519,1
13032,89,122,1
13033,89,945,1
13034,89,587,1
13035,89,946,1
13036,89,154,1
13037,89,629,1
13038,89,2097,1
13039,89,516,1
13040,89,1708,1
13041,89,2096,1
13042,89,253,1
13043,89,90,1
13044,89,1690,1
13045,89,406,1
13046,89,1267,1
13047,89,2628,1
13048,89,2625,1
13049,89,2623,1
13050,89,302,1
13051,89,931,1
13052,89,1453,1
13053,89,254,1
13054,89,132,1
13055,89,3774,1
13056,89,2043,1
13057,89,7439,-10
13058,89,7564,-10
13059,357,90,5
13060,100,90,5
13061,145,90,5
13062,7564,90,5
13063,328,90,4
13064,570,90,3
13065,314,90,3
13066,219,90,2
13067,175,90,2
13068,266,90,1
13069,883,90,1
13070,395,90,1
13071,154,90,1
13072,203,90,1
13073,506,90,1
13074,189,90,1
13075,286,90,1
13076,122,90,1
13077,117,90,1
13078,402,90,1
13079,137,90,1
13080,405,90,1
13081,131,90,1
13082,2038,90,1
13083,516,90,1
13084,132,90,1
13085,1011,90,1
13086,841,90,1
13087,227,90,-1
13088,177,90,-4
13089,90,357,5
13090,90,100,5
13091,90,145,5
13092,90,7564,5
13093,90,328,4
13094,90,570,3
13095,90,314,3
13096,90,219,2
13097,90,266,1
13098,90,883,1
13099,90,395,1
13100,90,154,1
13101,90,203,1
13102,90,506,1
13103,90,189,1
13104,90,286,1
13105,90,122,1
13106,90,117,1
13107,90,402,1
13108,90,137,1
13109,90,405,1
13110,90,175,1
13111,90,131,1
13112,90,2038,1
13113,90,516,1
13114,90,132,1
13115,90,1011,1
13116,90,841,1
13117,90,7572,-10
13118,194,91,8
13119,234,91,8
13120,152,91,4
13121,441,91,3
13122,293,91,3
13123,625,91,2
13124,223,91,2
13125,119,91,2
13126,297,91,2
13127,126,91,1
13128,1665,91,1
13129,1084,91,1
13130,7546,91,1
13131,438,91,1
13132,769,91,1
13133,532,91,1
13134,168,91,1
13135,7424,91,1
13136,91,194,8
13137,91,200,8
13138,91,234,8
13139,91,469,8
13140,91,152,4
13141,91,441,3
13142,91,168,3
13143,91,625,2
13144,91,1084,2
13145,91,223,2
13146,91,119,2
13147,91,1665,1
13148,91,438,1
13149,91,769,1
13150,91,532,1
13151,91,7424,1
13152,91,297,1
13153,91,7546,-10
13154,105,92,5
13155,821,92,5
13156,1620,92,3
13157,462,92,2
13158,7444,92,2
13159,93,92,2
13160,238,92,2
13161,1053,92,2
13162,95,92,2
13163,207,92,1
13164,526,92,1
13165,141,92,1
13166,309,92,1
13167,976,92,1
13168,289,92,1
13169,296,92,1
13170,1847,92,1
13171,648,92,1
13172,1833,92,1
13173,1560,92,1
13174,103,92,1
13175,345,92,1
13176,331,92,1
13177,110,92,1
13178,199,92,1
13179,1323,92,1
13180,177,92,1
13181,360,92,1
13182,640,92,1
13183,2985,92,1
13184,1150,92,1
13185,958,92,1
13186,174,92,-1
13187,92,105,5
13188,92,821,5
13189,92,1053,3
13190,92,141,2
13191,92,462,2
13192,92,309,2
13193,92,1576,2
13194,92,976,2
13195,92,93,2
13196,92,238,2
13197,92,95,2
13198,92,207,1
13199,92,526,1
13200,92,289,1
13201,92,7444,1
13202,92,296,1
13203,92,1847,1
13204,92,648,1
13205,92,1833,1
13206,92,1425,1
13207,92,3208,1
13208,92,132,1
13209,92,1560,1
13210,92,1620,1
13211,92,103,1
13212,92,1821,1
13213,92,331,1
13214,92,110,1
13215,92,199,1
13216,92,1323,1
13217,92,345,1
13218,92,177,1
13219,92,640,1
13220,92,2985,1
13221,92,1150,1
13222,92,958,1
13223,92,3774,-10
13224,248,93,4
13225,111,93,3
13226,891,93,3
13227,95,93,3
13228,376,93,2
13229,125,93,2
13230,308,93,2
13231,484,93,2
13232,174,93,2
13233,141,93,1
13234,173,93,1
13235,706,93,1
13236,1068,93,1
13237,1865,93,1
13238,7468,93,1
13239,158,93,1
13240,295,93,1
13241,197,93,1
13242,1064,93,1
13243,6369,93,1
13244,115,93,1
13245,259,93,1
13246,288,93,1
13247,262,93,1
13248,229,93,1
13249,3171,93,1
13250,7550,93,-9
13251,93,764,10
13252,93,248,4
13253,93,111,3
13254,93,262,3
13255,93,891,3
13256,93,376,2
13257,93,125,2
13258,93,335,2
13259,93,308,2
13260,93,174,2
13261,93,95,2
13262,93,3412,1
13263,93,141,1
13264,93,484,1
13265,93,3284,1
13266,93,706,1
13267,93,1068,1
13268,93,1865,1
13269,93,158,1
13270,93,197,1
13271,93,1064,1
13272,93,295,1
13273,93,6369,1
13274,93,115,1
13275,93,259,1
13276,93,288,1
13277,93,229,1
13278,93,3171,1
13279,93,7342,-1
13280,93,7515,-5
13281,93,7469,-10
13282,93,7550,-10
13283,93,7468,-10
13284,93,177,-10
13285,7335,94,10
13286,233,94,10
13287,114,94,10
13288,104,94,10
13289,605,94,3
13290,491,94,2
13291,1074,94,1
13292,98,94,1
13293,651,94,1
13294,96,94,1
13295,2336,94,1
13296,832,94,1
13297,375,94,1
13298,126,94,1
13299,94,233,1
13300,94,766,1
13301,94,337,1
13302,94,2336,1
13303,94,498,1
13304,94,558,1
13305,94,96,1
13306,94,376,1
13307,94,98,1
13308,94,375,1
13309,94,126,1
13310,94,900,1
13311,94,1891,1
13312,94,352,1
13313,94,281,1
13314,94,279,1
13315,94,192,1
13316,94,104,1
13317,94,164,1
13318,94,114,1
13319,3179,95,5
13320,391,95,5
13321,526,95,3
13322,174,95,3
13323,315,95,3
13324,493,95,3
13325,108,95,3
13326,278,95,3
13327,245,95,2
13328,1065,95,2
13329,2336,95,2
13330,413,95,2
13331,2330,95,2
13332,242,95,2
13333,331,95,2
13334,345,95,2
13335,5679,95,2
13336,179,95,2
13337,966,95,2
13338,411,95,2
13339,2410,95,1
13340,3403,95,1
13341,2380,95,1
13342,464,95,1
13343,96,95,1
13344,191,95,1
13345,205,95,1
13346,1889,95,1
13347,185,95,1
13348,1370,95,1
13349,332,95,1
13350,666,95,1
13351,136,95,1
13352,3246,95,1
13353,246,95,1
13354,2358,95,1
13355,553,95,1
13356,244,95,1
13357,1045,95,1
13358,1278,95,1
13359,362,95,1
13360,1307,95,1
13361,241,95,1
13362,7432,95,1
13363,177,95,1
13364,288,95,1
13365,172,95,1
13366,643,95,1
13367,2304,95,1
13368,941,95,1
13369,752,95,1
13370,1171,95,1
13371,1348,95,1
13372,287,95,1
13373,123,95,1
13374,813,95,1
13375,882,95,1
13376,396,95,1
13377,428,95,1
13378,125,95,-1
13379,111,95,-1
13380,145,95,-1
13381,424,95,-1
13382,2369,95,-10
13383,7604,95,-10
13384,7598,95,-10
13385,7601,95,-10
13386,7602,95,-10
13387,7584,95,-10
13388,95,188,9
13389,95,394,7
13390,95,1829,3
13391,95,493,3
13392,95,526,2
13393,95,391,2
13394,95,315,2
13395,95,242,2
13396,95,331,2
13397,95,5679,2
13398,95,179,2
13399,95,221,2
13400,95,966,2
13401,95,345,2
13402,95,411,2
13403,95,278,2
13404,95,2410,1
13405,95,3403,1
13406,95,245,1
13407,95,464,1
13408,95,1065,1
13409,95,2336,1
13410,95,191,1
13411,95,205,1
13412,95,105,1
13413,95,1889,1
13414,95,154,1
13415,95,2953,1
13416,95,373,1
13417,95,3302,1
13418,95,1370,1
13419,95,666,1
13420,95,5342,1
13421,95,1874,1
13422,95,136,1
13423,95,3246,1
13424,95,413,1
13425,95,246,1
13426,95,2358,1
13427,95,553,1
13428,95,3179,1
13429,95,1045,1
13430,95,332,1
13431,95,244,1
13432,95,1278,1
13433,95,104,1
13434,95,174,1
13435,95,2330,1
13436,95,1307,1
13437,95,241,1
13438,95,7432,1
13439,95,7550,1
13440,95,172,1
13441,95,643,1
13442,95,2304,1
13443,95,111,1
13444,95,752,1
13445,95,941,1
13446,95,1171,1
13447,95,318,1
13448,95,1348,1
13449,95,123,1
13450,95,185,1
13451,95,882,1
13452,95,813,1
13453,95,228,1
13454,95,396,1
13455,95,362,1
13456,95,428,1
13457,95,7497,-1
13458,95,103,-1
13459,95,3134,-1
13460,95,2257,-1
13461,95,177,-1
13462,95,7339,-1
13463,95,145,-1
13464,95,424,-1
13465,95,124,-1
13466,95,7580,-1
13467,95,288,-2
13468,95,125,-10
13469,95,2369,-10
13470,95,7602,-10
13471,95,7601,-10
13472,95,7599,-10
13473,95,7598,-10
13474,95,7604,-10
13475,95,7574,-10
13476,95,7581,-10
13477,95,7584,-10
13478,95,7600,-10
13479,95,7548,-10
13480,525,96,10
13481,125,96,6
13482,605,96,5
13483,2336,96,3
13484,126,96,2
13485,499,96,2
13486,141,96,2
13487,279,96,2
13488,1379,96,2
13489,376,96,2
13490,984,96,2
13491,704,96,2
13492,906,96,1
13493,3404,96,1
13494,163,96,1
13495,3387,96,1
13496,491,96,1
13497,824,96,1
13498,250,96,1
13499,375,96,1
13500,351,96,1
13501,281,96,1
13502,3379,96,1
13503,832,96,1
13504,7087,96,1
13505,1895,96,1
13506,2412,96,1
13507,1387,96,1
13508,172,96,1
13509,648,96,1
13510,1553,96,1
13511,647,96,1
13512,96,125,6
13513,96,141,3
13514,96,126,3
13515,96,832,3
13516,96,2336,2
13517,96,1379,2
13518,96,984,2
13519,96,704,2
13520,96,3425,1
13521,96,498,1
13522,96,3404,1
13523,96,163,1
13524,96,3387,1
13525,96,111,1
13526,96,2416,1
13527,96,824,1
13528,96,250,1
13529,96,375,1
13530,96,351,1
13531,96,281,1
13532,96,3379,1
13533,96,376,1
13534,96,1895,1
13535,96,269,1
13536,96,2412,1
13537,96,2411,1
13538,96,114,1
13539,96,499,1
13540,96,172,1
13541,96,1553,1
13542,96,648,1
13543,96,525,1
13544,96,491,-4
13545,96,7595,-10
13546,475,97,10
13547,102,97,5
13548,273,97,4
13549,280,97,3
13550,1706,97,3
13551,228,97,2
13552,316,97,2
13553,925,97,2
13554,105,97,1
13555,136,97,1
13556,115,97,1
13557,345,97,1
13558,807,97,1
13559,2215,97,1
13560,1488,97,1
13561,854,97,1
13562,255,97,1
13563,1136,97,1
13564,211,97,1
13565,284,97,1
13566,1284,97,1
13567,996,97,1
13568,97,177,10
13569,97,475,10
13570,97,273,10
13571,97,280,5
13572,97,102,5
13573,97,366,3
13574,97,1706,3
13575,97,228,2
13576,97,345,2
13577,97,925,2
13578,97,105,1
13579,97,136,1
13580,97,115,1
13581,97,807,1
13582,97,2215,1
13583,97,1488,1
13584,97,316,1
13585,97,854,1
13586,97,255,1
13587,97,1136,1
13588,97,211,1
13589,97,284,1
13590,97,1284,1
13591,97,919,1
13592,97,7451,-1
13593,3451,98,5
13594,114,98,4
13595,279,98,4
13596,281,98,3
13597,126,98,3
13598,192,98,3
13599,2336,98,3
13600,1272,98,3
13601,233,98,2
13602,1597,98,2
13603,269,98,2
13604,185,98,2
13605,211,98,2
13606,906,98,1
13607,1074,98,1
13608,1590,98,1
13609,375,98,1
13610,953,98,1
13611,900,98,1
13612,634,98,1
13613,687,98,1
13614,7565,98,1
13615,98,114,4
13616,98,233,3
13617,98,192,3
13618,98,1272,3
13619,98,126,2
13620,98,337,2
13621,98,279,2
13622,98,1597,2
13623,98,352,2
13624,98,906,1
13625,98,558,1
13626,98,1074,1
13627,98,375,1
13628,98,164,1
13629,98,1387,1
13630,98,2336,1
13631,98,953,1
13632,98,281,1
13633,98,900,1
13634,98,634,1
13635,98,687,1
13636,98,211,1
13637,98,940,1
13638,7604,99,10
13639,176,99,7
13640,1619,99,5
13641,129,99,5
13642,188,99,2
13643,1351,99,2
13644,660,99,2
13645,209,99,2
13646,503,99,2
13647,824,99,1
13648,1259,99,1
13649,2019,99,1
13650,1658,99,1
13651,145,99,1
13652,1642,99,1
13653,149,99,1
13654,444,99,1
13655,150,99,1
13656,7552,99,1
13657,563,99,1
13658,659,99,1
13659,419,99,1
13660,353,99,1
13661,842,99,1
13662,2473,99,1
13663,238,99,1
13664,641,99,-1
13665,99,716,2
13666,99,7552,2
13667,99,209,2
13668,99,503,2
13669,99,562,2
13670,99,2624,1
13671,99,2019,1
13672,99,1658,1
13673,99,1993,1
13674,99,145,1
13675,99,1619,1
13676,99,1642,1
13677,99,149,1
13678,99,444,1
13679,99,150,1
13680,99,563,1
13681,99,3516,1
13682,99,659,1
13683,99,2455,1
13684,99,419,1
13685,99,106,1
13686,99,353,1
13687,99,842,1
13688,99,2473,1
13689,99,238,1
13690,827,100,10
13691,147,100,3
13692,177,100,3
13693,133,100,3
13694,7578,100,2
13695,1694,100,1
13696,969,100,1
13697,645,100,1
13698,124,100,1
13699,7501,100,1
13700,7588,100,1
13701,7603,100,1
13702,2720,100,1
13703,365,100,1
13704,2490,100,1
13705,100,827,10
13706,100,133,3
13707,100,7588,2
13708,100,1694,1
13709,100,969,1
13710,100,645,1
13711,100,124,1
13712,100,7501,1
13713,100,547,1
13714,100,2720,1
13715,100,365,1
13716,100,2490,1
13717,100,7604,-10
13718,100,7603,-10
13719,100,177,-10
13720,7604,101,10
13721,152,101,5
13722,193,101,5
13723,2580,101,5
13724,781,101,4
13725,3096,101,3
13726,279,101,2
13727,133,101,2
13728,779,101,2
13729,478,101,2
13730,467,101,2
13731,567,101,2
13732,1461,101,1
13733,246,101,1
13734,199,101,1
13735,1440,101,1
13736,304,101,1
13737,1248,101,1
13738,540,101,1
13739,101,781,6
13740,101,567,6
13741,101,268,3
13742,101,193,3
13743,101,779,2
13744,101,478,2
13745,101,467,2
13746,101,1461,1
13747,101,1248,1
13748,101,540,1
13749,101,842,1
13750,1247,102,10
13751,1990,102,10
13752,1005,102,7
13753,1434,102,5
13754,1244,102,4
13755,7509,102,3
13756,370,102,3
13757,289,102,2
13758,1517,102,2
13759,2844,102,2
13760,109,102,2
13761,481,102,2
13762,1258,102,2
13763,1013,102,2
13764,7596,102,2
13765,1256,102,2
13766,856,102,2
13767,103,102,1
13768,1423,102,1
13769,508,102,1
13770,725,102,1
13771,535,102,1
13772,7594,102,-10
13773,7564,102,-10
13774,102,103,7
13775,102,1005,7
13776,102,1434,4
13777,102,1244,4
13778,102,7509,3
13779,102,1247,3
13780,102,289,2
13781,102,370,2
13782,102,109,2
13783,102,1423,2
13784,102,1258,2
13785,102,1013,2
13786,102,1256,2
13787,102,1646,2
13788,102,508,2
13789,102,725,2
13790,102,1990,2
13791,102,288,1
13792,102,1517,1
13793,102,856,1
13794,102,7596,-1
13795,102,7329,-1
13796,102,7594,-10
13797,102,7564,-10
13798,177,103,4
13799,398,103,2
13800,128,103,2
13801,413,103,2
13802,1325,103,2
13803,7565,103,2
13804,904,103,1
13805,249,103,1
13806,163,103,1
13807,125,103,1
13808,141,103,1
13809,118,103,1
13810,695,103,1
13811,6644,103,1
13812,759,103,1
13813,5342,103,1
13814,7595,103,1
13815,1167,103,1
13816,585,103,1
13817,156,103,1
13818,2229,103,1
13819,1508,103,1
13820,284,103,1
13821,946,103,1
13822,161,103,1
13823,103,177,8
13824,103,413,3
13825,103,284,3
13826,103,398,2
13827,103,128,2
13828,103,1325,2
13829,103,1317,2
13830,103,946,2
13831,103,904,1
13832,103,249,1
13833,103,163,1
13834,103,125,1
13835,103,141,1
13836,103,118,1
13837,103,695,1
13838,103,5342,1
13839,103,7595,1
13840,103,1167,1
13841,103,585,1
13842,103,156,1
13843,103,295,1
13844,103,2229,1
13845,103,1508,1
13846,103,7565,1
13847,103,161,1
13848,6958,104,10
13849,246,104,4
13850,498,104,3
13851,192,104,3
13852,279,104,3
13853,2336,104,3
13854,7335,104,2
13855,1074,104,2
13856,7386,104,2
13857,766,104,2
13858,1596,104,2
13859,281,104,2
13860,832,104,2
13861,900,104,2
13862,114,104,2
13863,824,104,2
13864,906,104,1
13865,1590,104,1
13866,1597,104,1
13867,2293,104,1
13868,651,104,1
13869,186,104,1
13870,378,104,1
13871,375,104,1
13872,2417,104,1
13873,7087,104,1
13874,709,104,1
13875,3353,104,1
13876,1879,104,1
13877,491,104,-2
13878,104,498,8
13879,104,281,3
13880,104,279,3
13881,104,2336,3
13882,104,192,3
13883,104,233,3
13884,104,114,3
13885,104,766,2
13886,104,900,2
13887,104,1879,2
13888,104,2437,1
13889,104,2293,1
13890,104,3445,1
13891,104,3443,1
13892,104,2432,1
13893,104,7321,1
13894,104,1397,1
13895,104,1396,1
13896,104,246,1
13897,104,966,1
13898,104,1597,1
13899,104,1388,1
13900,104,1596,1
13901,104,497,1
13902,104,378,1
13903,104,375,1
13904,104,376,1
13905,104,709,1
13906,104,984,1
13907,104,1351,1
13908,104,269,1
13909,104,832,1
13910,104,3353,1
13911,104,7603,-1
13912,104,145,-2
13913,104,7560,-3
13914,104,491,-4
13915,104,185,-5
13916,104,801,-5
13917,104,288,-10
13918,104,7552,-10
13919,199,105,3
13920,602,105,3
13921,1197,105,3
13922,118,105,2
13923,164,105,2
13924,1045,105,1
13925,173,105,1
13926,315,105,1
13927,289,105,1
13928,125,105,1
13929,154,105,1
13930,704,105,1
13931,830,105,1
13932,1915,105,1
13933,649,105,1
13934,490,105,1
13935,351,105,1
13936,163,105,1
13937,292,105,1
13938,650,105,1
13939,484,105,1
13940,2397,105,1
13941,496,105,1
13942,720,105,1
13943,7445,105,1
13944,241,105,1
13945,105,602,4
13946,105,199,3
13947,105,164,3
13948,105,118,2
13949,105,125,2
13950,105,1045,1
13951,105,315,1
13952,105,362,1
13953,105,289,1
13954,105,154,1
13955,105,704,1
13956,105,830,1
13957,105,1915,1
13958,105,649,1
13959,105,490,1
13960,105,163,1
13961,105,292,1
13962,105,1197,1
13963,105,484,1
13964,105,2397,1
13965,105,496,1
13966,105,720,1
13967,105,7445,1
13968,105,241,1
13969,105,613,-2
13970,105,185,-4
13971,105,7575,-10
13972,105,7585,-10
13973,182,106,4
13974,280,106,2
13975,1041,106,2
13976,215,106,2
13977,472,106,2
13978,509,106,2
13979,660,106,2
13980,355,106,2
13981,297,106,2
13982,596,106,1
13983,131,106,1
13984,453,106,1
13985,396,106,1
13986,124,106,1
13987,739,106,1
13988,260,106,1
13989,166,106,1
13990,941,106,1
13991,189,106,1
13992,2041,106,1
13993,167,106,1
13994,561,106,1
13995,406,106,1
13996,383,106,1
13997,154,106,1
13998,328,106,1
13999,715,106,1
14000,225,106,1
14001,536,106,1
14002,422,106,1
14003,187,106,1
14004,252,106,1
14005,272,106,1
14006,500,106,1
14007,311,106,1
14008,655,106,1
14009,106,182,4
14010,106,280,2
14011,106,1041,2
14012,106,406,2
14013,106,215,2
14014,106,472,2
14015,106,509,2
14016,106,660,2
14017,106,355,2
14018,106,252,2
14019,106,311,2
14020,106,297,2
14021,106,596,1
14022,106,131,1
14023,106,453,1
14024,106,396,1
14025,106,124,1
14026,106,739,1
14027,106,260,1
14028,106,166,1
14029,106,941,1
14030,106,189,1
14031,106,2041,1
14032,106,167,1
14033,106,561,1
14034,106,383,1
14035,106,154,1
14036,106,328,1
14037,106,715,1
14038,106,225,1
14039,106,536,1
14040,106,422,1
14041,106,187,1
14042,106,272,1
14043,106,500,1
14044,106,655,1
14045,106,7582,-10
14046,348,107,6
14047,7565,107,5
14048,317,107,5
14049,621,107,4
14050,7595,107,3
14051,1542,107,3
14052,267,107,3
14053,272,107,2
14054,116,107,1
14055,1058,107,1
14056,883,107,1
14057,693,107,1
14058,205,107,1
14059,1777,107,1
14060,361,107,1
14061,549,107,1
14062,360,107,1
14063,193,107,1
14064,107,513,10
14065,107,348,6
14066,107,621,4
14067,107,7595,2
14068,107,1058,2
14069,107,7565,2
14070,107,193,2
14071,107,317,2
14072,107,1420,2
14073,107,116,1
14074,107,1542,1
14075,107,883,1
14076,107,693,1
14077,107,205,1
14078,107,1777,1
14079,107,549,1
14080,107,361,1
14081,107,360,1
14082,1292,108,7
14083,1743,108,3
14084,645,108,2
14085,798,108,2
14086,2610,108,2
14087,1099,108,2
14088,382,108,2
14089,2663,108,1
14090,188,108,1
14091,130,108,1
14092,1363,108,1
14093,145,108,1
14094,2176,108,1
14095,2175,108,1
14096,2842,108,1
14097,1683,108,1
14098,300,108,1
14099,1456,108,1
14100,2005,108,1
14101,1951,108,1
14102,355,108,1
14103,1601,108,1
14104,109,108,1
14105,108,1292,7
14106,108,1743,3
14107,108,483,2
14108,108,188,2
14109,108,145,2
14110,108,798,2
14111,108,382,2
14112,108,1099,2
14113,108,2663,1
14114,108,130,1
14115,108,1363,1
14116,108,645,1
14117,108,2176,1
14118,108,2175,1
14119,108,1744,1
14120,108,2842,1
14121,108,546,1
14122,108,1683,1
14123,108,300,1
14124,108,1456,1
14125,108,2005,1
14126,108,2610,1
14127,108,1951,1
14128,108,355,1
14129,108,1601,1
14130,108,109,1
14131,449,109,7
14132,1428,109,5
14133,779,109,3
14134,566,109,3
14135,512,109,3
14136,167,109,2
14137,1431,109,2
14138,668,109,2
14139,422,109,2
14140,1270,109,1
14141,866,109,1
14142,931,109,1
14143,478,109,1
14144,7524,109,1
14145,217,109,1
14146,722,109,1
14147,669,109,1
14148,922,109,1
14149,328,109,1
14150,535,109,1
14151,999,109,1
14152,181,109,1
14153,1930,109,1
14154,990,109,1
14155,500,109,1
14156,1099,109,1
14157,223,109,1
14158,379,109,1
14159,148,109,1
14160,5342,109,-5
14161,109,449,7
14162,109,512,5
14163,109,566,3
14164,109,670,2
14165,109,779,2
14166,109,422,2
14167,109,1270,1
14168,109,866,1
14169,109,931,1
14170,109,167,1
14171,109,407,1
14172,109,7524,1
14173,109,217,1
14174,109,1431,1
14175,109,722,1
14176,109,668,1
14177,109,669,1
14178,109,922,1
14179,109,1428,1
14180,109,328,1
14181,109,215,1
14182,109,535,1
14183,109,999,1
14184,109,181,1
14185,109,1930,1
14186,109,990,1
14187,109,500,1
14188,109,711,1
14189,109,1099,1
14190,109,223,1
14191,109,379,1
14192,109,148,1
14193,390,110,8
14194,369,110,5
14195,518,110,5
14196,440,110,4
14197,959,110,3
14198,1883,110,3
14199,305,110,3
14200,131,110,2
14201,135,110,2
14202,193,110,2
14203,188,110,2
14204,146,110,2
14205,526,110,1
14206,141,110,1
14207,417,110,1
14208,174,110,1
14209,362,110,1
14210,2309,110,1
14211,2274,110,1
14212,519,110,1
14213,110,390,7
14214,110,305,6
14215,110,518,5
14216,110,369,4
14217,110,523,3
14218,110,188,3
14219,110,141,2
14220,110,959,2
14221,110,131,2
14222,110,2309,2
14223,110,146,2
14224,110,487,2
14225,110,417,1
14226,110,2419,1
14227,110,1883,1
14228,110,174,1
14229,110,362,1
14230,110,2274,1
14231,110,519,1
14232,110,440,1
14233,3269,111,10
14234,463,111,10
14235,207,111,6
14236,245,111,4
14237,120,111,3
14238,1597,111,2
14239,417,111,2
14240,7560,111,2
14241,2380,111,1
14242,141,111,1
14243,553,111,1
14244,7418,111,1
14245,111,207,6
14246,111,245,4
14247,111,120,3
14248,111,417,2
14249,111,141,2
14250,111,433,2
14251,111,125,1
14252,111,7512,-1
14253,111,7589,-3
14254,111,7602,-10
14255,111,7601,-10
14256,111,7599,-10
14257,111,7598,-10
14258,111,7604,-10
14259,111,7539,-10
14260,427,112,10
14261,524,112,10
14262,177,112,4
14263,701,112,3
14264,116,112,3
14265,301,112,2
14266,7595,112,2
14267,124,112,2
14268,2276,112,1
14269,396,112,1
14270,3031,112,1
14271,1043,112,1
14272,697,112,1
14273,112,427,10
14274,112,524,10
14275,112,177,5
14276,112,701,3
14277,112,301,2
14278,112,748,2
14279,112,396,2
14280,112,124,2
14281,112,116,2
14282,112,2276,1
14283,112,7595,1
14284,112,7600,1
14285,112,3031,1
14286,112,1043,1
14287,112,697,1
14288,271,113,7
14289,152,113,6
14290,170,113,5
14291,358,113,5
14292,188,113,3
14293,502,113,3
14294,293,113,3
14295,801,113,2
14296,177,113,2
14297,660,113,2
14298,155,113,2
14299,353,113,2
14300,1127,113,1
14301,145,113,1
14302,553,113,1
14303,757,113,1
14304,154,113,1
14305,350,113,1
14306,1607,113,1
14307,824,113,-2
14308,159,113,-5
14309,1691,113,-10
14310,113,134,9
14311,113,358,8
14312,113,188,8
14313,113,355,6
14314,113,170,5
14315,113,801,5
14316,113,353,4
14317,113,317,3
14318,113,502,3
14319,113,271,3
14320,113,769,2
14321,113,1127,1
14322,113,154,1
14323,113,177,1
14324,113,268,1
14325,113,350,1
14326,113,130,1
14327,113,660,1
14328,113,155,1
14329,113,1607,1
14330,113,7580,-10
14331,113,7603,-10
14332,279,114,4
14333,192,114,3
14334,126,114,3
14335,337,114,3
14336,3383,114,3
14337,281,114,3
14338,7335,114,2
14339,1202,114,2
14340,233,114,2
14341,269,114,2
14342,766,114,2
14343,1594,114,2
14344,832,114,2
14345,906,114,1
14346,7386,114,1
14347,1906,114,1
14348,1590,114,1
14349,2336,114,1
14350,246,114,1
14351,1597,114,1
14352,375,114,1
14353,2415,114,1
14354,7087,114,1
14355,3372,114,1
14356,1554,114,1
14357,376,114,1
14358,165,114,-1
14359,114,192,3
14360,114,337,3
14361,114,1594,3
14362,114,126,3
14363,114,352,2
14364,114,1903,2
14365,114,7335,2
14366,114,558,2
14367,114,233,2
14368,114,281,2
14369,114,279,2
14370,114,164,2
14371,114,906,1
14372,114,3398,1
14373,114,1906,1
14374,114,7312,1
14375,114,3429,1
14376,114,3426,1
14377,114,3423,1
14378,114,362,1
14379,114,1597,1
14380,114,2336,1
14381,114,3383,1
14382,114,1202,1
14383,114,766,1
14384,114,2413,1
14385,114,1896,1
14386,114,3374,1
14387,114,3372,1
14388,114,897,1
14389,114,1385,1
14390,114,1879,1
14391,114,832,1
14392,114,7370,-1
14393,114,7310,-1
14394,114,3369,-1
14395,114,145,-1
14396,114,469,-5
14397,114,7560,-9
14398,163,115,5
14399,1569,115,5
14400,219,115,4
14401,335,115,2
14402,1343,115,2
14403,3220,115,2
14404,3213,115,2
14405,492,115,2
14406,123,115,2
14407,118,115,1
14408,241,115,1
14409,1875,115,1
14410,128,115,1
14411,1185,115,1
14412,3251,115,1
14413,155,115,1
14414,259,115,1
14415,372,115,1
14416,2369,115,1
14417,216,115,1
14418,435,115,1
14419,208,115,1
14420,2302,115,1
14421,5679,115,1
14422,2364,115,1
14423,1574,115,1
14424,7434,115,1
14425,7390,115,1
14426,1544,115,1
14427,197,115,1
14428,320,115,1
14429,280,115,1
14430,115,219,4
14431,115,1569,3
14432,115,335,2
14433,115,163,2
14434,115,492,2
14435,115,123,2
14436,115,118,1
14437,115,241,1
14438,115,1875,1
14439,115,128,1
14440,115,1185,1
14441,115,3251,1
14442,115,155,1
14443,115,259,1
14444,115,372,1
14445,115,2369,1
14446,115,216,1
14447,115,435,1
14448,115,208,1
14449,115,1343,1
14450,115,2302,1
14451,115,5679,1
14452,115,2364,1
14453,115,1574,1
14454,115,3220,1
14455,115,3213,1
14456,115,7434,1
14457,115,7390,1
14458,115,1544,1
14459,115,197,1
14460,115,320,1
14461,115,280,1
14462,7421,116,3
14463,706,116,3
14464,292,116,2
14465,2387,116,2
14466,822,116,2
14467,336,116,2
14468,585,116,2
14469,172,116,2
14470,310,116,1
14471,1191,116,1
14472,290,116,1
14473,2362,116,1
14474,123,116,1
14475,174,116,1
14476,1871,116,1
14477,3285,116,1
14478,2376,116,1
14479,1043,116,1
14480,1815,116,1
14481,1343,116,1
14482,247,116,1
14483,7525,116,1
14484,5679,116,1
14485,7595,116,1
14486,3137,116,1
14487,395,116,1
14488,177,116,1
14489,259,116,1
14490,491,116,1
14491,708,116,-1
14492,116,7421,3
14493,116,706,3
14494,116,292,2
14495,116,822,2
14496,116,2376,2
14497,116,336,2
14498,116,585,2
14499,116,172,2
14500,116,310,1
14501,116,2387,1
14502,116,1191,1
14503,116,290,1
14504,116,2362,1
14505,116,123,1
14506,116,174,1
14507,116,1871,1
14508,116,3285,1
14509,116,1043,1
14510,116,1815,1
14511,116,1343,1
14512,116,247,1
14513,116,7525,1
14514,116,5679,1
14515,116,7595,1
14516,116,3137,1
14517,116,395,1
14518,116,957,1
14519,116,177,1
14520,116,259,1
14521,116,491,1
14522,116,810,1
14523,116,7604,-10
14524,7588,117,3
14525,799,117,3
14526,258,117,3
14527,2933,117,2
14528,2931,117,2
14529,2199,117,2
14530,1318,117,2
14531,346,117,2
14532,1332,117,1
14533,7600,117,1
14534,260,117,1
14535,1148,117,1
14536,410,117,1
14537,285,117,1
14538,122,117,1
14539,1324,117,1
14540,506,117,1
14541,2210,117,1
14542,1147,117,1
14543,1758,117,1
14544,2911,117,1
14545,2908,117,1
14546,402,117,1
14547,1742,117,1
14548,2702,117,1
14549,1487,117,1
14550,2178,117,1
14551,1314,117,1
14552,2193,117,1
14553,1317,117,1
14554,370,117,1
14555,1488,117,1
14556,194,117,1
14557,1025,117,1
14558,796,117,1
14559,2148,117,1
14560,2805,117,1
14561,437,117,1
14562,798,117,-1
14563,117,258,3
14564,117,410,2
14565,117,799,2
14566,117,1318,2
14567,117,346,2
14568,117,1332,1
14569,117,7600,1
14570,117,260,1
14571,117,1148,1
14572,117,306,1
14573,117,7588,1
14574,117,2933,1
14575,117,2931,1
14576,117,285,1
14577,117,122,1
14578,117,1324,1
14579,117,506,1
14580,117,2210,1
14581,117,1147,1
14582,117,1758,1
14583,117,2911,1
14584,117,2908,1
14585,117,402,1
14586,117,2702,1
14587,117,1742,1
14588,117,1487,1
14589,117,1314,1
14590,117,2199,1
14591,117,2178,1
14592,117,2193,1
14593,117,1317,1
14594,117,370,1
14595,117,1488,1
14596,117,194,1
14597,117,1025,1
14598,117,2148,1
14599,117,2805,1
14600,117,437,1
14601,117,798,-1
14602,117,796,-1
14603,117,7425,-5
14604,292,118,4
14605,526,118,2
14606,141,118,2
14607,398,118,2
14608,125,118,1
14609,375,118,1
14610,238,118,1
14611,528,118,1
14612,222,118,1
14613,603,118,1
14614,158,118,1
14615,649,118,1
14616,163,118,1
14617,7597,118,1
14618,822,118,1
14619,214,118,1
14620,1580,118,1
14621,706,118,1
14622,118,765,10
14623,118,1592,3
14624,118,292,3
14625,118,526,2
14626,118,141,2
14627,118,125,1
14628,118,375,1
14629,118,238,1
14630,118,528,1
14631,118,222,1
14632,118,603,1
14633,118,158,1
14634,118,173,1
14635,118,649,1
14636,118,163,1
14637,118,822,1
14638,118,214,1
14639,118,1580,1
14640,118,706,1
14641,118,398,-1
14642,118,7597,-10
14643,662,119,8
14644,235,119,8
14645,271,119,8
14646,129,119,5
14647,353,119,5
14648,148,119,5
14649,293,119,5
14650,491,119,2
14651,384,119,2
14652,121,119,2
14653,283,119,1
14654,311,119,1
14655,2521,119,1
14656,1946,119,1
14657,7511,119,1
14658,322,119,1
14659,380,119,1
14660,769,119,1
14661,6369,119,-5
14662,119,471,9
14663,119,662,8
14664,119,235,8
14665,119,271,8
14666,119,293,5
14667,119,491,2
14668,119,384,2
14669,119,148,2
14670,119,121,2
14671,119,311,1
14672,119,2521,1
14673,119,1946,1
14674,119,7511,1
14675,119,322,1
14676,119,769,1
14677,310,120,5
14678,464,120,3
14679,141,120,2
14680,1071,120,2
14681,163,120,1
14682,245,120,1
14683,351,120,1
14684,222,120,1
14685,603,120,1
14686,454,120,1
14687,1368,120,1
14688,762,120,1
14689,7512,120,1
14690,244,120,1
14691,120,310,7
14692,120,464,3
14693,120,141,2
14694,120,1201,2
14695,120,1071,2
14696,120,163,1
14697,120,245,1
14698,120,351,1
14699,120,222,1
14700,120,603,1
14701,120,454,1
14702,120,1368,1
14703,120,362,1
14704,120,762,1
14705,120,7512,1
14706,120,244,1
14707,633,121,7
14708,1058,121,5
14709,2170,121,3
14710,501,121,3
14711,800,121,2
14712,232,121,2
14713,2165,121,2
14714,256,121,2
14715,2066,121,2
14716,438,121,2
14717,512,121,2
14718,2684,121,1
14719,598,121,1
14720,402,121,1
14721,874,121,1
14722,2864,121,1
14723,2862,121,1
14724,472,121,1
14725,2855,121,1
14726,2838,121,1
14727,2118,121,1
14728,578,121,1
14729,343,121,1
14730,325,121,1
14731,505,121,1
14732,121,1058,5
14733,121,486,3
14734,121,633,3
14735,121,501,3
14736,121,800,2
14737,121,472,2
14738,121,2170,2
14739,121,256,2
14740,121,2165,2
14741,121,438,2
14742,121,512,2
14743,121,2684,1
14744,121,598,1
14745,121,2208,1
14746,121,2864,1
14747,121,2862,1
14748,121,2855,1
14749,121,232,1
14750,121,2838,1
14751,121,2066,1
14752,121,2118,1
14753,121,578,1
14754,121,343,1
14755,121,325,1
14756,121,505,1
14757,733,122,4
14758,591,122,3
14759,7565,122,3
14760,759,122,1
14761,228,122,1
14762,203,122,1
14763,177,122,1
14764,162,122,1
14765,960,122,1
14766,198,122,1
14767,159,122,1
14768,196,122,1
14769,143,122,1
14770,798,122,1
14771,1738,122,1
14772,467,122,1
14773,122,733,5
14774,122,1738,2
14775,122,759,1
14776,122,228,1
14777,122,203,1
14778,122,591,1
14779,122,964,1
14780,122,177,1
14781,122,162,1
14782,122,960,1
14783,122,159,1
14784,122,198,1
14785,122,196,1
14786,122,469,1
14787,122,143,1
14788,122,798,1
14789,122,467,1
14790,122,2774,1
14791,122,7565,-1
14792,7595,123,10
14793,177,123,3
14794,663,123,2
14795,260,123,1
14796,391,123,1
14797,649,123,1
14798,128,123,1
14799,1376,123,1
14800,136,123,1
14801,334,123,1
14802,585,123,1
14803,1146,123,1
14804,287,123,1
14805,1811,123,1
14806,123,7595,7
14807,123,663,2
14808,123,1811,2
14809,123,177,2
14810,123,260,1
14811,123,391,1
14812,123,649,1
14813,123,128,1
14814,123,1376,1
14815,123,136,1
14816,123,334,1
14817,123,585,1
14818,123,1146,1
14819,123,1671,1
14820,123,1821,1
14821,123,7540,-10
14822,123,7556,-10
14823,177,124,9
14824,520,124,5
14825,748,124,4
14826,813,124,4
14827,162,124,4
14828,1169,124,3
14829,642,124,3
14830,227,124,2
14831,1033,124,2
14832,750,124,2
14833,319,124,2
14834,298,124,2
14835,815,124,1
14836,643,124,1
14837,1162,124,1
14838,684,124,1
14839,456,124,1
14840,885,124,1
14841,179,124,1
14842,2299,124,1
14843,1820,124,1
14844,1051,124,1
14845,396,124,1
14846,7334,124,1
14847,596,124,1
14848,172,124,1
14849,7538,124,1
14850,585,124,1
14851,188,124,-1
14852,3079,124,-5
14853,7595,124,-10
14854,332,124,-10
14855,228,124,-10
14856,124,177,10
14857,124,228,9
14858,124,162,7
14859,124,520,7
14860,124,332,5
14861,124,1169,4
14862,124,813,4
14863,124,642,3
14864,124,227,2
14865,124,1033,2
14866,124,750,2
14867,124,298,2
14868,124,882,2
14869,124,815,1
14870,124,643,1
14871,124,684,1
14872,124,456,1
14873,124,179,1
14874,124,885,1
14875,124,2299,1
14876,124,1820,1
14877,124,1051,1
14878,124,319,1
14879,124,748,1
14880,124,7595,1
14881,124,396,1
14882,124,7334,1
14883,124,172,1
14884,124,596,1
14885,124,585,1
14886,124,2140,1
14887,429,125,5
14888,247,125,5
14889,292,125,2
14890,649,125,2
14891,131,125,2
14892,197,125,2
14893,249,125,1
14894,412,125,1
14895,497,125,1
14896,3408,125,1
14897,238,125,1
14898,484,125,1
14899,376,125,1
14900,526,125,1
14901,1009,125,1
14902,3396,125,1
14903,345,125,1
14904,321,125,1
14905,826,125,1
14906,173,125,1
14907,299,125,1
14908,704,125,1
14909,2395,125,1
14910,7445,125,1
14911,2394,125,1
14912,309,125,1
14913,191,125,1
14914,413,125,1
14915,289,125,1
14916,433,125,1
14917,253,125,1
14918,458,125,1
14919,262,125,1
14920,817,125,1
14921,1840,125,1
14922,564,125,1
14923,7431,125,1
14924,666,125,1
14925,1837,125,1
14926,7502,125,-10
14927,7568,125,-10
14928,125,429,4
14929,125,292,2
14930,125,131,2
14931,125,191,2
14932,125,197,2
14933,125,433,2
14934,125,249,1
14935,125,412,1
14936,125,497,1
14937,125,3408,1
14938,125,238,1
14939,125,484,1
14940,125,376,1
14941,125,526,1
14942,125,1009,1
14943,125,3396,1
14944,125,345,1
14945,125,321,1
14946,125,826,1
14947,125,173,1
14948,125,299,1
14949,125,704,1
14950,125,649,1
14951,125,2395,1
14952,125,496,1
14953,125,2394,1
14954,125,309,1
14955,125,247,1
14956,125,413,1
14957,125,289,1
14958,125,253,1
14959,125,458,1
14960,125,262,1
14961,125,817,1
14962,125,1840,1
14963,125,564,1
14964,125,666,1
14965,125,1837,1
14966,125,3362,-1
14967,125,7367,-1
14968,125,1032,-1
14969,125,7502,-10
14970,125,7568,-10
14971,125,2225,-10
14972,125,7431,-10
14973,421,126,6
14974,605,126,3
14975,293,126,3
14976,233,126,3
14977,192,126,3
14978,269,126,3
14979,824,126,3
14980,2336,126,2
14981,389,126,2
14982,1593,126,2
14983,230,126,1
14984,2417,126,1
14985,3381,126,1
14986,1554,126,1
14987,126,293,3
14988,126,1593,3
14989,126,269,3
14990,126,192,3
14991,126,625,3
14992,126,171,3
14993,126,230,2
14994,126,605,2
14995,126,352,2
14996,126,558,2
14997,126,3381,1
14998,126,168,1
14999,126,155,1
15000,126,3371,1
15001,126,233,1
15002,126,1700,1
15003,126,512,1
15004,126,1554,1
15005,126,2673,1
15006,126,2331,1
15007,126,374,-10
15008,126,7552,-10
15009,126,690,-10
15010,2421,127,5
15011,3206,127,5
15012,881,127,5
15013,979,127,4
15014,1821,127,3
15015,812,127,2
15016,435,127,2
15017,3133,127,2
15018,2398,127,1
15019,2261,127,1
15020,7531,127,1
15021,953,127,1
15022,1532,127,1
15023,1559,127,1
15024,599,127,1
15025,1808,127,1
15026,2278,127,1
15027,178,127,1
15028,1827,127,1
15029,456,127,1
15030,3102,127,1
15031,127,1591,4
15032,158,128,10
15033,895,128,6
15034,590,128,2
15035,545,128,2
15036,1876,128,2
15037,983,128,2
15038,1043,128,2
15039,1343,128,2
15040,292,128,2
15041,974,128,1
15042,3321,128,1
15043,1190,128,1
15044,617,128,1
15045,1065,128,1
15046,290,128,1
15047,3294,128,1
15048,155,128,1
15049,706,128,1
15050,7597,128,1
15051,2375,128,1
15052,3282,128,1
15053,2381,128,1
15054,128,895,6
15055,128,158,6
15056,128,545,2
15057,128,1876,2
15058,128,983,2
15059,128,1343,2
15060,128,292,2
15061,128,590,1
15062,128,193,1
15063,128,974,1
15064,128,580,1
15065,128,2397,1
15066,128,163,1
15067,128,3321,1
15068,128,1190,1
15069,128,617,1
15070,128,1065,1
15071,128,290,1
15072,128,3294,1
15073,128,155,1
15074,128,706,1
15075,128,1043,1
15076,128,2375,1
15077,128,3282,1
15078,128,2381,1
15079,128,7597,-10
15080,1227,129,5
15081,1228,129,5
15082,717,129,5
15083,194,129,4
15084,322,129,4
15085,1216,129,4
15086,1220,129,4
15087,1085,129,4
15088,500,129,4
15089,443,129,3
15090,272,129,2
15091,1096,129,1
15092,252,129,1
15093,7595,129,-1
15094,129,159,6
15095,129,1097,6
15096,129,1092,6
15097,129,717,6
15098,129,440,6
15099,129,502,6
15100,129,167,6
15101,129,989,6
15102,129,1231,5
15103,129,194,5
15104,129,1223,5
15105,129,1228,5
15106,129,1227,5
15107,129,998,5
15108,129,443,5
15109,129,1217,5
15110,129,1215,5
15111,129,1211,5
15112,129,149,5
15113,129,1213,5
15114,129,773,5
15115,129,1216,5
15116,129,1079,5
15117,129,565,5
15118,129,845,5
15119,129,401,5
15120,129,987,5
15121,129,1080,5
15122,129,843,5
15123,129,503,5
15124,129,209,5
15125,129,236,5
15126,129,470,5
15127,129,504,5
15128,129,846,5
15129,129,847,5
15130,129,298,5
15131,129,772,5
15132,129,771,5
15133,129,908,5
15134,129,607,5
15135,129,656,5
15136,129,1081,5
15137,129,500,5
15138,129,1422,4
15139,129,537,4
15140,129,1225,4
15141,129,1418,4
15142,129,422,4
15143,129,423,4
15144,129,1416,4
15145,129,1414,4
15146,129,1093,4
15147,129,1408,4
15148,129,1412,4
15149,129,1086,4
15150,129,1411,4
15151,129,1410,4
15152,129,997,4
15153,129,252,4
15154,129,991,4
15155,129,910,4
15156,129,7582,4
15157,129,1403,4
15158,129,201,4
15159,129,1406,4
15160,129,1220,4
15161,129,659,4
15162,129,534,4
15163,129,1085,4
15164,129,564,4
15165,129,169,4
15166,129,1921,4
15167,129,322,4
15168,129,713,4
15169,129,7550,4
15170,129,1082,4
15171,129,1219,4
15172,129,770,4
15173,129,1096,3
15174,129,1089,3
15175,129,1609,3
15176,129,1608,3
15177,129,1614,3
15178,129,272,3
15179,129,658,3
15180,129,215,3
15181,181,130,3
15182,7564,130,3
15183,568,130,3
15184,976,130,2
15185,934,130,2
15186,341,130,2
15187,358,130,2
15188,1437,130,2
15189,1363,130,1
15190,3182,130,1
15191,949,130,1
15192,255,130,1
15193,404,130,1
15194,785,130,1
15195,326,130,1
15196,299,130,1
15197,1439,130,1
15198,849,130,1
15199,1255,130,1
15200,725,130,1
15201,406,130,1
15202,2575,130,1
15203,857,130,1
15204,579,130,1
15205,1210,130,1
15206,778,130,1
15207,202,130,1
15208,777,130,1
15209,2572,130,1
15210,1659,130,1
15211,540,130,1
15212,2549,130,1
15213,383,130,1
15214,1635,130,1
15215,217,130,1
15216,130,976,2
15217,130,934,2
15218,130,7564,2
15219,130,358,2
15220,130,1691,1
15221,130,1363,1
15222,130,2266,1
15223,130,3182,1
15224,130,785,1
15225,130,404,1
15226,130,675,1
15227,130,326,1
15228,130,341,1
15229,130,299,1
15230,130,1439,1
15231,130,849,1
15232,130,1437,1
15233,130,1255,1
15234,130,406,1
15235,130,725,1
15236,130,2575,1
15237,130,579,1
15238,130,1210,1
15239,130,778,1
15240,130,777,1
15241,130,1646,1
15242,130,2572,1
15243,130,1659,1
15244,130,926,1
15245,130,540,1
15246,130,2551,1
15247,130,1430,1
15248,130,2549,1
15249,130,383,1
15250,130,1635,1
15251,130,217,1
15252,130,7604,-10
15253,169,131,3
15254,148,131,3
15255,938,131,2
15256,863,131,2
15257,145,131,2
15258,561,131,2
15259,680,131,1
15260,290,131,1
15261,3212,131,1
15262,1404,131,1
15263,380,131,1
15264,721,131,1
15265,1453,131,1
15266,140,131,1
15267,654,131,1
15268,1241,131,1
15269,669,131,1
15270,154,131,1
15271,607,131,1
15272,531,131,1
15273,131,791,10
15274,131,669,4
15275,131,148,3
15276,131,680,2
15277,131,938,2
15278,131,863,2
15279,131,654,2
15280,131,154,2
15281,131,145,2
15282,131,561,2
15283,131,290,1
15284,131,3212,1
15285,131,1404,1
15286,131,380,1
15287,131,721,1
15288,131,140,1
15289,131,1453,1
15290,131,1241,1
15291,131,169,1
15292,131,353,1
15293,131,607,1
15294,131,531,1
15295,231,132,10
15296,201,132,4
15297,452,132,2
15298,251,132,2
15299,938,132,2
15300,504,132,2
15301,1111,132,2
15302,841,132,1
15303,2631,132,1
15304,315,132,1
15305,255,132,1
15306,1708,132,1
15307,1021,132,1
15308,1132,132,1
15309,1427,132,1
15310,2701,132,1
15311,1705,132,1
15312,1703,132,1
15313,1001,132,1
15314,132,231,9
15315,132,504,3
15316,132,938,2
15317,132,384,2
15318,132,201,2
15319,132,2653,1
15320,132,452,1
15321,132,841,1
15322,132,2631,1
15323,132,315,1
15324,132,255,1
15325,132,1708,1
15326,132,251,1
15327,132,1021,1
15328,132,1132,1
15329,132,1427,1
15330,132,2701,1
15331,132,1705,1
15332,132,1703,1
15333,132,1111,1
15334,132,1001,1
15335,257,133,3
15336,350,133,2
15337,318,133,2
15338,688,133,2
15339,798,133,2
15340,589,133,2
15341,203,133,2
15342,2216,133,1
15343,319,133,1
15344,7588,133,1
15345,272,133,1
15346,142,133,1
15347,266,133,1
15348,799,133,1
15349,613,133,1
15350,1272,133,1
15351,371,133,1
15352,135,133,1
15353,133,257,4
15354,133,318,2
15355,133,688,2
15356,133,142,2
15357,133,589,2
15358,133,203,2
15359,133,7442,1
15360,133,2216,1
15361,133,319,1
15362,133,391,1
15363,133,7588,1
15364,133,272,1
15365,133,266,1
15366,133,799,1
15367,133,613,1
15368,133,371,1
15369,133,1272,1
15370,133,7415,1
15371,133,135,1
15372,133,798,-1
15373,1850,134,10
15374,1373,134,5
15375,1230,134,4
15376,598,134,4
15377,325,134,3
15378,673,134,3
15379,244,134,3
15380,2317,134,2
15381,176,134,2
15382,2993,134,1
15383,140,134,1
15384,743,134,1
15385,199,134,1
15386,134,1373,3
15387,134,1850,3
15388,134,325,3
15389,134,598,3
15390,134,244,2
15391,134,176,2
15392,134,2993,1
15393,134,743,1
15394,134,7603,-10
15395,134,7604,-10
15396,551,135,7
15397,7577,135,5
15398,1732,135,5
15399,586,135,5
15400,197,135,2
15401,3267,135,1
15402,136,135,1
15403,5342,135,1
15404,166,135,1
15405,545,135,1
15406,235,135,1
15407,177,135,1
15408,2895,135,1
15409,142,135,1
15410,277,135,1
15411,219,135,1
15412,2127,135,1
15413,135,551,5
15414,135,586,5
15415,135,197,2
15416,135,176,2
15417,135,5342,2
15418,135,235,2
15419,135,277,2
15420,135,136,1
15421,135,3267,1
15422,135,941,1
15423,135,166,1
15424,135,177,1
15425,135,2895,1
15426,135,142,1
15427,135,1732,1
15428,135,547,1
15429,135,545,1
15430,135,219,1
15431,135,2127,1
15432,135,7577,-1
15433,528,136,7
15434,893,136,4
15435,228,136,2
15436,258,136,2
15437,876,136,2
15438,153,136,2
15439,2242,136,2
15440,2406,136,1
15441,158,136,1
15442,1459,136,1
15443,154,136,1
15444,203,136,1
15445,1794,136,1
15446,962,136,1
15447,136,528,7
15448,136,893,4
15449,136,258,3
15450,136,962,2
15451,136,876,2
15452,136,2242,2
15453,136,2406,1
15454,136,158,1
15455,136,891,1
15456,136,1459,1
15457,136,228,1
15458,136,154,1
15459,136,203,1
15460,136,1794,1
15461,136,153,1
15462,136,7604,-10
15463,870,137,10
15464,2526,137,10
15465,185,137,2
15466,264,137,2
15467,2527,137,2
15468,852,137,2
15469,697,137,1
15470,329,137,1
15471,1781,137,1
15472,2245,137,1
15473,166,137,1
15474,1691,137,1
15475,2717,137,1
15476,253,137,1
15477,2094,137,1
15478,7394,137,1
15479,844,137,1
15480,137,844,2
15481,137,697,1
15482,137,7565,1
15483,137,329,1
15484,137,1781,1
15485,137,2245,1
15486,137,185,1
15487,137,264,1
15488,137,735,1
15489,137,1691,1
15490,137,870,1
15491,137,2717,1
15492,137,253,1
15493,137,2094,1
15494,137,7327,1
15495,137,7394,1
15496,137,2527,1
15497,137,2526,1
15498,1069,138,7
15499,7587,138,5
15500,1380,138,3
15501,198,138,3
15502,477,138,3
15503,1571,138,2
15504,408,138,2
15505,566,138,2
15506,2371,138,1
15507,306,138,1
15508,3229,138,1
15509,1560,138,1
15510,1830,138,1
15511,1546,138,1
15512,3112,138,1
15513,642,138,1
15514,138,477,3
15515,138,566,2
15516,138,436,2
15517,2509,139,10
15518,2510,139,10
15519,7560,139,4
15520,720,139,3
15521,1641,139,2
15522,328,139,2
15523,718,139,2
15524,2507,139,2
15525,188,139,1
15526,713,139,1
15527,2522,139,1
15528,2518,139,1
15529,327,139,1
15530,2514,139,1
15531,2515,139,1
15532,663,139,1
15533,341,139,1
15534,167,139,1
15535,1083,139,1
15536,148,139,1
15537,139,572,2
15538,139,663,2
15539,139,1641,1
15540,139,713,1
15541,139,720,1
15542,139,328,1
15543,139,718,1
15544,139,2522,1
15545,139,2518,1
15546,139,327,1
15547,139,2509,1
15548,139,2514,1
15549,139,2515,1
15550,139,2510,1
15551,139,2507,1
15552,139,341,1
15553,139,167,1
15554,139,1083,1
15555,139,148,1
15556,139,2257,-1
15557,139,7603,-10
15558,544,140,4
15559,680,140,2
15560,7565,140,2
15561,476,140,2
15562,406,140,2
15563,671,140,2
15564,2568,140,2
15565,1644,140,2
15566,216,140,2
15567,2318,140,1
15568,685,140,1
15569,155,140,1
15570,1649,140,1
15571,168,140,1
15572,2584,140,1
15573,660,140,1
15574,140,680,3
15575,140,544,3
15576,140,476,2
15577,140,155,2
15578,140,1644,2
15579,140,216,2
15580,140,2318,1
15581,140,685,1
15582,140,7565,1
15583,140,406,1
15584,140,1649,1
15585,140,168,1
15586,140,671,1
15587,140,2584,1
15588,140,2568,1
15589,140,660,1
15590,140,7498,-10
15591,7481,141,10
15592,3392,141,5
15593,7591,141,3
15594,458,141,2
15595,3389,141,2
15596,614,141,1
15597,292,141,1
15598,2325,141,1
15599,1180,141,1
15600,751,141,1
15601,1370,141,1
15602,288,141,1
15603,321,141,1
15604,2406,141,1
15605,173,141,1
15606,1353,141,1
15607,141,458,2
15608,141,614,1
15609,141,292,1
15610,141,2325,1
15611,141,1180,1
15612,141,602,1
15613,141,751,1
15614,141,1370,1
15615,141,3389,1
15616,141,288,1
15617,141,321,1
15618,141,2406,1
15619,141,173,1
15620,141,1353,1
15621,141,7481,-10
15622,141,7591,-10
15623,172,142,5
15624,645,142,3
15625,517,142,3
15626,1039,142,3
15627,955,142,2
15628,259,142,2
15629,2236,142,2
15630,177,142,2
15631,1186,142,1
15632,280,142,1
15633,697,142,1
15634,951,142,1
15635,915,142,1
15636,329,142,1
15637,5342,142,1
15638,519,142,1
15639,2229,142,1
15640,1779,142,1
15641,1770,142,1
15642,1285,142,1
15643,550,142,1
15644,946,142,1
15645,255,142,1
15646,157,142,1
15647,272,142,-5
15648,142,172,3
15649,142,955,2
15650,142,259,2
15651,142,2236,2
15652,142,1039,2
15653,142,177,2
15654,142,1770,2
15655,142,1186,1
15656,142,645,1
15657,142,280,1
15658,142,517,1
15659,142,697,1
15660,142,951,1
15661,142,915,1
15662,142,329,1
15663,142,5342,1
15664,142,519,1
15665,142,2229,1
15666,142,1779,1
15667,142,1285,1
15668,142,550,1
15669,142,946,1
15670,142,255,1
15671,142,272,-10
15672,2905,143,10
15673,688,143,8
15674,696,143,3
15675,1026,143,3
15676,643,143,2
15677,3094,143,2
15678,1762,143,2
15679,1502,143,2
15680,452,143,2
15681,1144,143,2
15682,1357,143,1
15683,244,143,1
15684,199,143,1
15685,177,143,1
15686,1340,143,1
15687,2237,143,1
15688,550,143,1
15689,1500,143,1
15690,1285,143,1
15691,159,143,1
15692,143,688,5
15693,143,1026,3
15694,143,643,2
15695,143,696,2
15696,143,1502,2
15697,143,452,2
15698,143,1144,2
15699,143,1357,1
15700,143,244,1
15701,143,3094,1
15702,143,177,1
15703,143,1340,1
15704,143,2237,1
15705,143,1762,1
15706,143,550,1
15707,143,2905,1
15708,143,1500,1
15709,143,1285,1
15710,143,159,1
15711,143,7604,-10
15712,1193,144,6
15713,495,144,5
15714,349,144,5
15715,1377,144,5
15716,758,144,5
15717,235,144,4
15718,372,144,4
15719,390,144,3
15720,386,144,3
15721,198,144,3
15722,1561,144,2
15723,462,144,2
15724,1691,144,1
15725,3262,144,1
15726,283,144,1
15727,412,144,1
15728,1189,144,1
15729,144,372,6
15730,144,1193,6
15731,144,495,5
15732,144,235,5
15733,144,7415,5
15734,144,758,5
15735,144,349,3
15736,144,386,3
15737,144,198,3
15738,144,462,3
15739,144,1377,3
15740,144,390,2
15741,144,3369,2
15742,144,1561,2
15743,144,1888,2
15744,144,1189,2
15745,144,1691,1
15746,144,3262,1
15747,144,283,1
15748,144,412,1
15749,191,145,10
15750,227,145,10
15751,941,145,10
15752,318,145,10
15753,7335,145,9
15754,7560,145,6
15755,165,145,5
15756,2348,145,3
15757,188,145,3
15758,396,145,3
15759,159,145,3
15760,3384,145,2
15761,1550,145,2
15762,153,145,2
15763,824,145,1
15764,1378,145,1
15765,7334,145,1
15766,807,145,1
15767,348,145,1
15768,7403,145,1
15769,1761,145,1
15770,2857,145,1
15771,487,145,1
15772,272,145,1
15773,951,145,1
15774,737,145,1
15775,255,145,1
15776,1248,145,1
15777,1998,145,1
15778,150,145,1
15779,2469,145,1
15780,1915,145,1
15781,2456,145,1
15782,223,145,1
15783,1099,145,1
15784,897,145,-1
15785,2293,145,-1
15786,332,145,-1
15787,337,145,-3
15788,2336,145,-6
15789,201,145,-10
15790,506,145,-10
15791,381,145,-10
15792,7594,145,-10
15793,7565,145,-10
15794,7536,145,-10
15795,7517,145,-10
15796,5533,145,-10
15797,7440,145,-10
15798,7328,145,-10
15799,145,318,4
15800,145,2348,2
15801,145,165,2
15802,145,188,2
15803,145,1550,1
15804,145,3152,1
15805,145,483,1
15806,145,234,1
15807,145,469,1
15808,145,200,1
15809,145,396,1
15810,145,2251,1
15811,145,807,1
15812,145,1761,1
15813,145,487,1
15814,145,951,1
15815,145,737,1
15816,145,255,1
15817,145,1248,1
15818,145,1998,1
15819,145,150,1
15820,145,2469,1
15821,145,2456,1
15822,145,1611,1
15823,145,7327,1
15824,145,298,1
15825,145,153,1
15826,145,223,1
15827,145,1099,1
15828,145,7502,-1
15829,145,201,-1
15830,145,506,-1
15831,145,941,-1
15832,145,332,-1
15833,145,381,-1
15834,145,639,-1
15835,145,7550,-2
15836,145,7334,-5
15837,145,7588,-5
15838,145,7594,-10
15839,145,7440,-10
15840,145,7536,-10
15841,145,7517,-10
15842,145,5533,-10
15843,145,7565,-10
15844,145,7600,-10
15845,145,7593,-10
15846,145,7328,-10
15847,1510,146,5
15848,1852,146,3
15849,634,146,3
15850,541,146,2
15851,763,146,2
15852,2226,146,2
15853,277,146,2
15854,199,146,1
15855,1149,146,1
15856,2197,146,1
15857,1501,146,1
15858,2219,146,1
15859,2939,146,1
15860,2934,146,1
15861,1507,146,1
15862,2894,146,1
15863,346,146,1
15864,519,146,1
15865,946,146,1
15866,2168,146,1
15867,7603,146,1
15868,146,1852,3
15869,146,1510,3
15870,146,541,2
15871,146,763,2
15872,146,2226,2
15873,146,277,2
15874,146,634,2
15875,146,7603,2
15876,146,199,1
15877,146,2197,1
15878,146,1149,1
15879,146,1501,1
15880,146,2219,1
15881,146,2939,1
15882,146,2934,1
15883,146,1507,1
15884,146,2894,1
15885,146,346,1
15886,146,519,1
15887,146,946,1
15888,146,2168,1
15889,7604,147,10
15890,421,147,10
15891,690,147,8
15892,1456,147,5
15893,963,147,5
15894,1539,147,3
15895,187,147,3
15896,3115,147,2
15897,358,147,2
15898,147,421,10
15899,147,690,8
15900,147,223,8
15901,147,963,8
15902,147,358,3
15903,147,1539,2
15904,147,3115,1
15905,540,148,5
15906,840,148,4
15907,512,148,3
15908,380,148,2
15909,1995,148,2
15910,1913,148,2
15911,1600,148,2
15912,209,148,1
15913,313,148,1
15914,842,148,1
15915,1099,148,1
15916,152,148,1
15917,1401,148,1
15918,466,148,1
15919,1409,148,1
15920,768,148,1
15921,270,148,1
15922,439,148,1
15923,148,540,5
15924,148,840,4
15925,148,380,3
15926,148,512,3
15927,148,1995,2
15928,148,1913,2
15929,148,1600,2
15930,148,313,1
15931,148,1099,1
15932,148,152,1
15933,148,7327,1
15934,148,1401,1
15935,148,466,1
15936,148,1409,1
15937,148,768,1
15938,148,270,1
15939,148,439,1
15940,148,7603,-10
15941,1072,149,8
15942,169,149,3
15943,565,149,2
15944,155,149,2
15945,467,149,2
15946,974,149,1
15947,640,149,1
15948,1031,149,1
15949,485,149,1
15950,926,149,1
15951,1969,149,1
15952,226,149,1
15953,217,149,1
15954,182,149,1
15955,1951,149,1
15956,660,149,1
15957,536,149,1
15958,911,149,1
15959,293,149,1
15960,1094,149,1
15961,531,149,1
15962,2451,149,1
15963,237,149,1
15964,419,149,1
15965,2376,149,-1
15966,149,1072,5
15967,149,2294,2
15968,149,565,2
15969,149,467,2
15970,149,531,2
15971,149,974,1
15972,149,640,1
15973,149,485,1
15974,149,1969,1
15975,149,226,1
15976,149,169,1
15977,149,217,1
15978,149,155,1
15979,149,182,1
15980,149,1951,1
15981,149,660,1
15982,149,536,1
15983,149,911,1
15984,149,293,1
15985,149,1094,1
15986,149,2451,1
15987,149,237,1
15988,149,711,1
15989,149,419,1
15990,581,150,10
15991,1463,150,5
15992,272,150,2
15993,863,150,2
15994,1685,150,2
15995,299,150,2
15996,680,150,1
15997,154,150,1
15998,265,150,1
15999,2822,150,1
16000,193,150,1
16001,1427,150,1
16002,226,150,1
16003,515,150,1
16004,2545,150,1
16005,478,150,1
16006,2564,150,1
16007,1999,150,1
16008,403,150,1
16009,1647,150,1
16010,511,150,1
16011,473,150,1
16012,507,150,1
16013,1098,150,1
16014,1081,150,1
16015,222,150,-2
16016,7564,150,-10
16017,150,581,10
16018,150,7552,4
16019,150,1463,3
16020,150,1040,2
16021,150,863,2
16022,150,235,2
16023,150,1685,2
16024,150,299,2
16025,150,680,1
16026,150,154,1
16027,150,265,1
16028,150,2822,1
16029,150,193,1
16030,150,212,1
16031,150,1427,1
16032,150,226,1
16033,150,515,1
16034,150,2545,1
16035,150,478,1
16036,150,2564,1
16037,150,1999,1
16038,150,403,1
16039,150,1647,1
16040,150,660,1
16041,150,666,1
16042,150,511,1
16043,150,473,1
16044,150,507,1
16045,150,1098,1
16046,150,1081,1
16047,150,7599,-10
16048,150,7602,-10
16049,150,7601,-10
16050,150,7598,-10
16051,150,7604,-10
16052,150,7564,-10
16053,213,151,10
16054,808,151,10
16055,261,151,10
16056,218,151,8
16057,3277,151,2
16058,1867,151,2
16059,3338,151,1
16060,839,151,1
16061,2399,151,1
16062,1884,151,1
16063,2393,151,1
16064,194,151,1
16065,2383,151,1
16066,700,151,1
16067,285,151,1
16068,2971,151,1
16069,7340,151,-5
16070,151,213,10
16071,151,261,10
16072,151,808,10
16073,151,218,10
16074,151,3338,1
16075,151,839,1
16076,151,2399,1
16077,151,1884,1
16078,151,2393,1
16079,151,194,1
16080,151,2383,1
16081,151,700,1
16082,151,3277,1
16083,151,1867,1
16084,151,285,1
16085,151,2971,1
16086,151,7340,-2
16087,251,152,5
16088,216,152,2
16089,168,152,2
16090,626,152,1
16091,1691,152,1
16092,272,152,1
16093,7603,152,1
16094,672,152,1
16095,253,152,1
16096,908,152,1
16097,236,152,1
16098,988,152,1
16099,7552,152,1
16100,769,152,1
16101,1628,152,1
16102,512,152,1
16103,152,234,5
16104,152,251,5
16105,152,1691,2
16106,152,216,2
16107,152,672,2
16108,152,253,2
16109,152,168,2
16110,152,626,1
16111,152,188,1
16112,152,908,1
16113,152,236,1
16114,152,988,1
16115,152,7552,1
16116,152,153,1
16117,152,769,1
16118,152,512,1
16119,152,1628,1
16120,931,153,7
16121,2609,153,3
16122,482,153,2
16123,869,153,2
16124,1718,153,2
16125,253,153,2
16126,864,153,2
16127,226,153,2
16128,2248,153,1
16129,295,153,1
16130,507,153,1
16131,1465,153,1
16132,792,153,1
16133,154,153,1
16134,1692,153,1
16135,2639,153,1
16136,515,153,1
16137,1662,153,1
16138,2574,153,1
16139,670,153,1
16140,1665,153,1
16141,1603,153,1
16142,842,153,1
16143,153,226,3
16144,153,482,2
16145,153,1465,2
16146,153,869,2
16147,153,253,2
16148,153,931,2
16149,153,858,2
16150,153,2248,1
16151,153,295,1
16152,153,507,1
16153,153,792,1
16154,153,154,1
16155,153,864,1
16156,153,1692,1
16157,153,2639,1
16158,153,515,1
16159,153,2609,1
16160,153,1662,1
16161,153,670,1
16162,153,2574,1
16163,153,1665,1
16164,153,842,1
16165,5342,154,2
16166,219,154,1
16167,222,154,1
16168,290,154,1
16169,374,154,1
16170,177,154,1
16171,162,154,1
16172,876,154,1
16173,593,154,1
16174,231,154,1
16175,403,154,1
16176,7498,154,1
16177,425,154,1
16178,340,154,1
16179,467,154,1
16180,154,5342,2
16181,154,219,1
16182,154,222,1
16183,154,896,1
16184,154,290,1
16185,154,177,1
16186,154,162,1
16187,154,876,1
16188,154,7411,1
16189,154,593,1
16190,154,231,1
16191,154,403,1
16192,154,7498,1
16193,154,425,1
16194,154,441,1
16195,154,467,1
16196,154,270,1
16197,154,340,1
16198,154,7604,-10
16199,462,155,3
16200,544,155,2
16201,1683,155,2
16202,366,155,2
16203,367,155,2
16204,1468,155,1
16205,424,155,1
16206,203,155,1
16207,3169,155,1
16208,156,155,1
16209,645,155,1
16210,958,155,1
16211,545,155,1
16212,403,155,1
16213,2714,155,1
16214,853,155,1
16215,1453,155,1
16216,327,155,1
16217,155,366,3
16218,155,1468,2
16219,155,462,2
16220,155,544,2
16221,155,403,2
16222,155,622,2
16223,155,853,2
16224,155,424,1
16225,155,203,1
16226,155,958,1
16227,155,3169,1
16228,155,156,1
16229,155,645,1
16230,155,545,1
16231,155,2714,1
16232,155,1453,1
16233,155,217,1
16234,155,367,1
16235,155,327,1
16236,155,7415,-1
16237,155,7547,-10
16238,1842,156,2
16239,177,156,2
16240,591,156,2
16241,157,156,2
16242,320,156,1
16243,2377,156,1
16244,692,156,1
16245,289,156,1
16246,431,156,1
16247,198,156,1
16248,1027,156,1
16249,162,156,1
16250,455,156,1
16251,161,156,1
16252,1495,156,1
16253,256,156,1
16254,211,156,1
16255,2824,156,1
16256,2156,156,1
16257,4934,156,1
16258,156,7603,10
16259,156,1842,2
16260,156,7562,2
16261,156,1032,2
16262,156,639,2
16263,156,634,2
16264,156,1277,2
16265,156,256,2
16266,156,157,2
16267,156,1025,2
16268,156,2156,2
16269,156,2377,1
16270,156,692,1
16271,156,289,1
16272,156,431,1
16273,156,198,1
16274,156,177,1
16275,156,1027,1
16276,156,162,1
16277,156,591,1
16278,156,455,1
16279,156,1324,1
16280,156,161,1
16281,156,1495,1
16282,156,485,1
16283,156,211,1
16284,156,2824,1
16285,156,4934,1
16286,156,7604,-10
16287,7604,157,10
16288,216,157,7
16289,302,157,5
16290,2336,157,2
16291,334,157,2
16292,684,157,2
16293,204,157,2
16294,1561,157,1
16295,435,157,1
16296,7600,157,1
16297,166,157,1
16298,190,157,1
16299,2815,157,1
16300,589,157,1
16301,188,157,-1
16302,157,216,7
16303,157,2336,2
16304,157,334,2
16305,157,684,2
16306,157,204,2
16307,157,933,2
16308,157,7603,2
16309,157,1561,1
16310,157,435,1
16311,157,166,1
16312,157,190,1
16313,157,2815,1
16314,157,589,1
16315,157,7604,-10
16316,157,7600,-10
16317,248,158,4
16318,650,158,2
16319,904,158,1
16320,3386,158,1
16321,695,158,1
16322,397,158,1
16323,345,158,1
16324,158,248,10
16325,158,650,2
16326,158,904,1
16327,158,3386,1
16328,158,695,1
16329,158,397,1
16330,158,345,1
16331,7603,159,9
16332,444,159,1
16333,1234,159,1
16334,7402,159,1
16335,7565,159,-10
16336,7536,159,-10
16337,7517,159,-10
16338,159,272,10
16339,159,1140,1
16340,159,1099,1
16341,159,444,1
16342,159,1234,1
16343,159,7402,1
16344,159,7565,-10
16345,159,7589,-10
16346,7579,160,5
16347,952,160,4
16348,1845,160,3
16349,817,160,1
16350,945,160,1
16351,160,294,10
16352,160,7579,5
16353,160,952,4
16354,160,1845,3
16355,160,817,1
16356,160,945,1
16357,550,161,3
16358,260,161,2
16359,1322,161,2
16360,635,161,2
16361,1022,161,2
16362,204,161,2
16363,7600,161,1
16364,695,161,1
16365,1324,161,1
16366,1039,161,1
16367,623,161,1
16368,454,161,1
16369,2213,161,1
16370,592,161,1
16371,2209,161,1
16372,1765,161,1
16373,1770,161,1
16374,1505,161,1
16375,520,161,1
16376,690,161,1
16377,1494,161,1
16378,1140,161,1
16379,798,161,1
16380,1313,161,1
16381,188,161,-1
16382,161,550,4
16383,161,635,3
16384,161,260,2
16385,161,1322,2
16386,161,1022,2
16387,161,7600,1
16388,161,695,1
16389,161,1324,1
16390,161,1039,1
16391,161,623,1
16392,161,454,1
16393,161,2213,1
16394,161,592,1
16395,161,1765,1
16396,161,2209,1
16397,161,1770,1
16398,161,1505,1
16399,161,520,1
16400,161,690,1
16401,161,1494,1
16402,161,204,1
16403,161,1140,1
16404,161,1313,1
16405,161,798,-1
16406,177,162,5
16407,1046,162,4
16408,1518,162,3
16409,964,162,3
16410,803,162,2
16411,1322,162,2
16412,208,162,1
16413,197,162,1
16414,287,162,1
16415,2990,162,1
16416,331,162,1
16417,295,162,1
16418,228,162,1
16419,3025,162,1
16420,1167,162,1
16421,2258,162,1
16422,1523,162,1
16423,162,177,5
16424,162,1046,4
16425,162,287,2
16426,162,208,1
16427,162,803,1
16428,162,2990,1
16429,162,1322,1
16430,162,295,1
16431,162,331,1
16432,162,228,1
16433,162,3025,1
16434,162,964,1
16435,162,1167,1
16436,162,2258,1
16437,162,1523,1
16438,398,163,3
16439,249,163,1
16440,375,163,1
16441,528,163,1
16442,1586,163,1
16443,416,163,1
16444,650,163,1
16445,462,163,1
16446,397,163,1
16447,1774,163,1
16448,219,163,1
16449,163,165,10
16450,163,398,3
16451,163,249,1
16452,163,375,1
16453,163,416,1
16454,163,650,1
16455,163,462,1
16456,163,397,1
16457,163,1774,1
16458,163,7560,-10
16459,279,164,3
16460,824,164,3
16461,281,164,2
16462,900,164,2
16463,2336,164,2
16464,174,164,2
16465,376,164,1
16466,192,164,1
16467,1387,164,1
16468,1386,164,1
16469,375,164,1
16470,269,164,1
16471,761,164,1
16472,1393,164,-1
16473,164,837,10
16474,164,835,10
16475,164,199,2
16476,164,174,2
16477,164,1904,1
16478,164,279,1
16479,164,375,1
16480,164,269,1
16481,164,761,1
16482,164,1393,-1
16483,7560,165,3
16484,188,165,3
16485,7335,165,2
16486,647,165,2
16487,1691,165,2
16488,3372,165,1
16489,489,165,1
16490,223,165,1
16491,165,188,6
16492,165,407,5
16493,165,489,3
16494,165,647,2
16495,165,223,1
16496,165,7161,-1
16497,7604,166,10
16498,412,166,5
16499,491,166,5
16500,177,166,4
16501,552,166,3
16502,2246,166,2
16503,2240,166,2
16504,1514,166,2
16505,5342,166,2
16506,390,166,2
16507,329,166,2
16508,347,166,2
16509,2244,166,1
16510,695,166,1
16511,1785,166,1
16512,2995,166,1
16513,1164,166,1
16514,278,166,1
16515,1154,166,1
16516,205,166,1
16517,2965,166,1
16518,1777,166,1
16519,553,166,1
16520,1020,166,1
16521,548,166,1
16522,7536,166,-10
16523,7517,166,-10
16524,5533,166,-10
16525,7565,166,-10
16526,166,177,8
16527,166,491,5
16528,166,995,4
16529,166,5342,3
16530,166,552,3
16531,166,2246,2
16532,166,2240,2
16533,166,1514,2
16534,166,1786,2
16535,166,390,2
16536,166,329,2
16537,166,347,2
16538,166,2244,1
16539,166,846,1
16540,166,1797,1
16541,166,695,1
16542,166,2995,1
16543,166,1164,1
16544,166,278,1
16545,166,1154,1
16546,166,205,1
16547,166,412,1
16548,166,2965,1
16549,166,7588,1
16550,166,1777,1
16551,166,553,1
16552,166,7415,1
16553,166,272,1
16554,166,1020,1
16555,166,548,1
16556,166,7603,-7
16557,166,7517,-10
16558,166,7536,-10
16559,166,5533,-10
16560,166,7565,-10
16561,183,167,5
16562,540,167,3
16563,447,167,3
16564,7564,167,3
16565,1264,167,2
16566,369,167,2
16567,619,167,2
16568,419,167,2
16569,2659,167,1
16570,357,167,1
16571,328,167,1
16572,1638,167,1
16573,263,167,1
16574,382,167,1
16575,777,167,1
16576,986,167,1
16577,274,167,1
16578,237,167,1
16579,167,7564,4
16580,167,447,3
16581,167,1264,2
16582,167,1638,2
16583,167,619,2
16584,167,183,2
16585,167,419,2
16586,167,237,2
16587,167,2659,1
16588,167,357,1
16589,167,1655,1
16590,167,369,1
16591,167,541,1
16592,167,328,1
16593,167,540,1
16594,167,263,1
16595,167,382,1
16596,167,777,1
16597,167,986,1
16598,167,1964,1
16599,167,274,1
16600,323,168,6
16601,591,168,2
16602,193,168,2
16603,772,168,2
16604,168,323,2
16605,168,996,2
16606,168,591,1
16607,168,7328,1
16608,168,772,1
16609,168,439,1
16610,168,7602,-10
16611,168,7601,-10
16612,168,7599,-10
16613,168,7598,-10
16614,168,7604,-10
16615,1245,169,5
16616,215,169,5
16617,447,169,4
16618,183,169,3
16619,7564,169,3
16620,1668,169,2
16621,175,169,2
16622,1003,169,2
16623,182,169,2
16624,209,169,2
16625,240,169,1
16626,202,169,1
16627,672,169,1
16628,1210,169,1
16629,668,169,1
16630,365,169,1
16631,169,1245,5
16632,169,858,5
16633,169,7564,5
16634,169,447,5
16635,169,215,5
16636,169,1682,3
16637,169,240,3
16638,169,202,3
16639,169,1439,3
16640,169,183,3
16641,169,672,3
16642,169,1668,3
16643,169,1210,3
16644,169,182,3
16645,169,175,3
16646,169,668,3
16647,169,1003,3
16648,169,365,3
16649,169,209,2
16650,286,170,10
16651,633,170,8
16652,686,170,4
16653,1527,170,2
16654,2264,170,2
16655,588,170,2
16656,185,170,1
16657,1805,170,1
16658,960,170,1
16659,2224,170,1
16660,2179,170,1
16661,482,170,1
16662,370,170,1
16663,1137,170,1
16664,272,170,-3
16665,170,633,5
16666,170,286,5
16667,170,686,4
16668,170,1527,3
16669,170,1961,2
16670,170,2264,2
16671,170,370,2
16672,170,588,2
16673,170,185,1
16674,170,1805,1
16675,170,960,1
16676,170,2224,1
16677,170,2179,1
16678,170,482,1
16679,170,1137,1
16680,170,272,-3
16681,170,7604,-10
16682,3248,171,8
16683,491,171,5
16684,824,171,3
16685,192,171,2
16686,2309,171,2
16687,1738,171,2
16688,522,171,2
16689,1035,171,1
16690,171,522,2
16691,171,3248,1
16692,171,1738,1
16693,171,1035,1
16694,555,172,3
16695,214,172,3
16696,1190,172,2
16697,2342,172,2
16698,177,172,2
16699,262,172,1
16700,413,172,1
16701,326,172,1
16702,641,172,1
16703,493,172,1
16704,701,172,1
16705,1173,172,1
16706,491,172,1
16707,205,172,1
16708,5342,172,1
16709,1327,172,1
16710,172,555,8
16711,172,214,3
16712,172,177,2
16713,172,262,1
16714,172,413,1
16715,172,1190,1
16716,172,2342,1
16717,172,641,1
16718,172,493,1
16719,172,701,1
16720,172,1173,1
16721,172,491,1
16722,172,205,1
16723,172,5342,1
16724,172,1327,1
16725,172,7604,-10
16726,3337,173,10
16727,245,173,7
16728,2392,173,2
16729,174,173,2
16730,222,173,1
16731,363,173,1
16732,376,173,1
16733,1370,173,1
16734,207,173,1
16735,398,173,1
16736,412,173,1
16737,666,173,1
16738,602,173,1
16739,496,173,1
16740,1032,173,1
16741,2373,173,1
16742,1837,173,1
16743,173,245,7
16744,173,2392,2
16745,173,174,2
16746,173,222,1
16747,173,191,1
16748,173,1841,1
16749,173,363,1
16750,173,7398,1
16751,173,376,1
16752,173,1370,1
16753,173,207,1
16754,173,398,1
16755,173,362,1
16756,173,3337,1
16757,173,602,1
16758,173,496,1
16759,173,1032,1
16760,173,2373,1
16761,173,1837,1
16762,173,7559,-10
16763,173,7567,-10
16764,266,174,2
16765,7595,174,2
16766,177,174,2
16767,822,174,1
16768,280,174,1
16769,391,174,1
16770,315,174,1
16771,174,1160,2
16772,174,266,2
16773,174,7591,1
16774,174,822,1
16775,174,262,1
16776,174,580,1
16777,174,280,1
16778,174,391,1
16779,174,315,1
16780,174,7343,-1
16781,174,775,-1
16782,174,7595,-1
16783,174,185,-10
16784,174,177,-10
16785,3516,175,3
16786,1136,175,2
16787,1965,175,2
16788,300,175,2
16789,449,175,2
16790,182,175,2
16791,368,175,2
16792,326,175,2
16793,313,175,2
16794,236,175,2
16795,438,175,1
16796,256,175,1
16797,210,175,1
16798,217,175,1
16799,404,175,1
16800,7589,175,1
16801,293,175,1
16802,175,438,5
16803,175,3516,3
16804,175,449,2
16805,175,182,2
16806,175,368,2
16807,175,326,2
16808,175,313,2
16809,175,236,2
16810,175,256,1
16811,175,1136,1
16812,175,210,1
16813,175,1965,1
16814,175,300,1
16815,175,217,1
16816,175,404,1
16817,175,7589,1
16818,175,293,1
16819,7603,176,7
16820,1299,176,6
16821,1333,176,5
16822,740,176,5
16823,304,176,5
16824,209,176,4
16825,302,176,3
16826,390,176,3
16827,267,176,2
16828,518,176,2
16829,7518,176,1
16830,350,176,1
16831,553,176,1
16832,2857,176,1
16833,2634,176,-1
16834,491,176,-1
16835,1134,176,-10
16836,196,176,-10
16837,176,1299,5
16838,176,737,5
16839,176,267,4
16840,176,209,4
16841,176,740,4
16842,176,1333,3
16843,176,390,2
16844,176,518,2
16845,176,2634,1
16846,176,2231,1
16847,176,2191,1
16848,176,1771,1
16849,176,2857,1
16850,176,7603,-1
16851,748,177,10
16852,642,177,10
16853,750,177,10
16854,265,177,10
16855,331,177,7
16856,1165,177,7
16857,1806,177,6
16858,1352,177,5
16859,7517,177,5
16860,1163,177,5
16861,523,177,5
16862,350,177,5
16863,621,177,4
16864,969,177,4
16865,333,177,4
16866,815,177,3
16867,227,177,3
16868,492,177,3
16869,395,177,3
16870,882,177,3
16871,287,177,3
16872,1171,177,3
16873,878,177,3
16874,799,177,3
16875,219,177,3
16876,487,177,3
16877,798,177,3
16878,592,177,3
16879,1548,177,2
16880,1179,177,2
16881,7554,177,2
16882,266,177,2
16883,1180,177,2
16884,3117,177,2
16885,1456,177,2
16886,522,177,2
16887,703,177,2
16888,1347,177,2
16889,228,177,2
16890,1809,177,2
16891,697,177,2
16892,879,177,2
16893,7590,177,2
16894,214,177,2
16895,193,177,2
16896,640,177,2
16897,521,177,2
16898,1033,177,2
16899,2963,177,2
16900,623,177,2
16901,639,177,2
16902,552,177,2
16903,1328,177,2
16904,393,177,2
16905,2924,177,2
16906,190,177,2
16907,1841,177,1
16908,7419,177,1
16909,1541,177,1
16910,1553,177,1
16911,2225,177,1
16912,3125,177,1
16913,1835,177,1
16914,2311,177,1
16915,7581,177,1
16916,2304,177,1
16917,2286,177,1
16918,1538,177,1
16919,1051,177,1
16920,1054,177,1
16921,951,177,1
16922,2299,177,1
16923,396,177,1
16924,404,177,1
16925,1053,177,1
16926,1811,177,1
16927,596,177,1
16928,1525,177,1
16929,877,177,1
16930,332,177,1
16931,813,177,1
16932,1524,177,1
16933,296,177,1
16934,2254,177,1
16935,259,177,1
16936,1324,177,1
16937,787,177,1
16938,1048,177,1
16939,937,177,1
16940,1293,177,1
16941,3022,177,1
16942,483,177,1
16943,203,177,1
16944,347,177,1
16945,3016,177,1
16946,1041,177,1
16947,306,177,1
16948,3003,177,1
16949,258,177,1
16950,785,177,1
16951,506,177,1
16952,2988,177,1
16953,198,177,1
16954,587,177,1
16955,7482,177,1
16956,1517,177,1
16957,1757,177,1
16958,197,177,1
16959,1162,177,1
16960,490,177,1
16961,489,177,1
16962,1039,177,1
16963,2958,177,1
16964,802,177,1
16965,411,177,1
16966,1714,177,1
16967,284,177,1
16968,1020,177,1
16969,272,177,1
16970,2935,177,1
16971,7389,177,1
16972,2213,177,1
16973,204,177,1
16974,1765,177,1
16975,279,177,-1
16976,7595,177,-1
16977,491,177,-5
16978,278,177,-6
16979,245,177,-10
16980,179,177,-10
16981,286,177,-10
16982,7604,177,-10
16983,7598,177,-10
16984,7599,177,-10
16985,7601,177,-10
16986,7602,177,-10
16987,1691,177,-10
16988,244,177,-10
16989,269,177,-10
16990,7584,177,-10
16991,188,177,-10
16992,196,177,-10
16993,371,177,-10
16994,7565,177,-10
16995,177,816,10
16996,177,244,7
16997,177,802,7
16998,177,296,7
16999,177,214,7
17000,177,265,7
17001,177,642,5
17002,177,750,5
17003,177,748,5
17004,177,810,5
17005,177,1163,5
17006,177,278,5
17007,177,333,4
17008,177,640,4
17009,177,521,4
17010,177,523,4
17011,177,1515,4
17012,177,350,4
17013,177,7595,3
17014,177,815,3
17015,177,1352,3
17016,177,227,3
17017,177,492,3
17018,177,395,3
17019,177,882,3
17020,177,228,3
17021,177,287,3
17022,177,1806,3
17023,177,1165,3
17024,177,878,3
17025,177,371,3
17026,177,219,3
17027,177,487,3
17028,177,592,3
17029,177,1548,2
17030,177,1179,2
17031,177,621,2
17032,177,7554,2
17033,177,1180,2
17034,177,969,2
17035,177,524,2
17036,177,522,2
17037,177,703,2
17038,177,396,2
17039,177,1809,2
17040,177,1171,2
17041,177,331,2
17042,177,697,2
17043,177,879,2
17044,177,1048,2
17045,177,193,2
17046,177,1033,2
17047,177,295,2
17048,177,552,2
17049,177,623,2
17050,177,1328,2
17051,177,393,2
17052,177,1765,2
17053,177,190,2
17054,177,1553,1
17055,177,269,1
17056,177,2225,1
17057,177,349,1
17058,177,266,1
17059,177,3125,1
17060,177,1835,1
17061,177,3117,1
17062,177,1456,1
17063,177,2311,1
17064,177,2304,1
17065,177,2286,1
17066,177,1538,1
17067,177,1051,1
17068,177,1054,1
17069,177,1753,1
17070,177,1159,1
17071,177,595,1
17072,177,404,1
17073,177,1053,1
17074,177,596,1
17075,177,1347,1
17076,177,951,1
17077,177,1525,1
17078,177,1024,1
17079,177,877,1
17080,177,332,1
17081,177,279,1
17082,177,1524,1
17083,177,2254,1
17084,177,259,1
17085,177,787,1
17086,177,1324,1
17087,177,1293,1
17088,177,3022,1
17089,177,203,1
17090,177,1310,1
17091,177,347,1
17092,177,3016,1
17093,177,1041,1
17094,177,306,1
17095,177,3003,1
17096,177,258,1
17097,177,196,1
17098,177,785,1
17099,177,506,1
17100,177,2988,1
17101,177,587,1
17102,177,7482,1
17103,177,1517,1
17104,177,197,1
17105,177,1162,1
17106,177,490,1
17107,177,489,1
17108,177,2946,1
17109,177,1304,1
17110,177,2963,1
17111,177,639,1
17112,177,1039,1
17113,177,2958,1
17114,177,411,1
17115,177,799,1
17116,177,1714,1
17117,177,284,1
17118,177,2935,1
17119,177,2679,1
17120,177,7389,1
17121,177,2213,1
17122,177,1696,1
17123,177,204,1
17124,177,2924,1
17125,177,7588,-1
17126,177,357,-3
17127,177,2280,-9
17128,177,7598,-10
17129,177,7601,-10
17130,177,7599,-10
17131,177,7604,-10
17132,177,7530,-10
17133,177,7581,-10
17134,177,7584,-10
17135,177,7590,-10
17136,177,7517,-10
17137,177,7565,-10
17138,177,7536,-10
17139,177,5533,-10
17140,177,7583,-10
17141,177,798,-10
17142,5389,178,3
17143,1530,178,3
17144,330,178,3
17145,1557,178,2
17146,2323,178,2
17147,7521,178,1
17148,3333,178,1
17149,982,178,1
17150,1565,178,1
17151,2355,178,1
17152,774,178,1
17153,7514,178,1
17154,1812,178,1
17155,1354,178,1
17156,2301,178,1
17157,1814,178,1
17158,1821,178,1
17159,1813,178,1
17160,2152,178,1
17161,1274,178,1
17162,881,178,1
17163,178,5389,3
17164,178,330,3
17165,178,1557,2
17166,178,2323,2
17167,178,1814,2
17168,178,1530,2
17169,178,7521,1
17170,178,3333,1
17171,178,982,1
17172,178,2355,1
17173,178,774,1
17174,178,705,1
17175,178,434,1
17176,178,1812,1
17177,178,1354,1
17178,178,2301,1
17179,178,1821,1
17180,178,1813,1
17181,178,2152,1
17182,178,1274,1
17183,178,881,1
17184,3017,179,10
17185,322,179,4
17186,348,179,3
17187,1691,179,2
17188,752,179,2
17189,1111,179,2
17190,228,179,2
17191,337,179,1
17192,696,179,1
17193,748,179,1
17194,7334,179,1
17195,179,322,4
17196,179,348,3
17197,179,1604,3
17198,179,1691,3
17199,179,582,3
17200,179,5342,2
17201,179,7415,2
17202,179,752,2
17203,179,228,2
17204,179,595,1
17205,179,748,1
17206,179,1111,1
17207,179,3017,1
17208,179,7383,-2
17209,179,7552,-8
17210,179,7603,-10
17211,179,7602,-10
17212,179,7601,-10
17213,179,7599,-10
17214,179,7598,-10
17215,179,7604,-10
17216,179,7600,-10
17217,179,7527,-10
17218,179,7334,-10
17219,400,180,8
17220,374,180,8
17221,364,180,5
17222,378,180,5
17223,186,180,5
17224,1073,180,3
17225,230,180,3
17226,7386,180,2
17227,281,180,2
17228,498,180,1
17229,824,180,1
17230,180,400,5
17231,180,374,5
17232,180,186,5
17233,180,230,5
17234,180,1073,3
17235,180,378,3
17236,180,281,2
17237,180,1207,1
17238,180,2336,1
17239,404,181,10
17240,2611,181,5
17241,237,181,3
17242,510,181,2
17243,863,181,2
17244,1966,181,2
17245,2618,181,1
17246,2012,181,1
17247,2000,181,1
17248,2566,181,1
17249,226,181,1
17250,182,181,1
17251,534,181,1
17252,999,181,1
17253,405,181,1
17254,401,181,1
17255,382,181,1
17256,181,510,10
17257,181,356,5
17258,181,237,5
17259,181,863,2
17260,181,182,2
17261,181,1966,2
17262,181,999,2
17263,181,2618,1
17264,181,2012,1
17265,181,2611,1
17266,181,2000,1
17267,181,2566,1
17268,181,226,1
17269,181,405,1
17270,181,404,1
17271,181,401,1
17272,181,382,1
17273,181,7589,-10
17274,181,7582,-10
17275,3774,182,3
17276,778,182,2
17277,367,182,2
17278,366,182,2
17279,473,182,2
17280,1437,182,1
17281,507,182,1
17282,382,182,1
17283,609,182,1
17284,323,182,1
17285,442,182,1
17286,920,182,1
17287,217,182,1
17288,713,182,1
17289,236,182,1
17290,660,182,1
17291,841,182,1
17292,568,182,1
17293,182,3774,2
17294,182,609,2
17295,182,367,2
17296,182,473,2
17297,182,1437,1
17298,182,507,1
17299,182,382,1
17300,182,323,1
17301,182,778,1
17302,182,442,1
17303,182,660,1
17304,182,920,1
17305,182,217,1
17306,182,713,1
17307,182,236,1
17308,182,366,1
17309,182,841,1
17310,182,568,1
17311,182,7604,-10
17312,674,183,4
17313,7570,183,4
17314,313,183,3
17315,574,183,3
17316,7564,183,2
17317,7587,183,2
17318,299,183,2
17319,1982,183,2
17320,1116,183,2
17321,1014,183,2
17322,1106,183,2
17323,264,183,2
17324,675,183,1
17325,725,183,1
17326,449,183,1
17327,670,183,1
17328,424,183,1
17329,183,299,4
17330,183,1447,4
17331,183,674,4
17332,183,313,3
17333,183,1982,2
17334,183,574,2
17335,183,675,2
17336,183,1116,2
17337,183,1014,2
17338,183,1106,2
17339,183,670,2
17340,183,264,2
17341,183,2046,1
17342,183,725,1
17343,183,449,1
17344,183,424,1
17345,183,2550,1
17346,183,7587,-10
17347,183,7570,-10
17348,1299,184,5
17349,747,184,5
17350,2224,184,3
17351,325,184,3
17352,440,184,3
17353,693,184,3
17354,360,184,3
17355,392,184,2
17356,390,184,2
17357,2231,184,2
17358,673,184,2
17359,3239,184,1
17360,3034,184,1
17361,1046,184,1
17362,1333,184,1
17363,1158,184,1
17364,209,184,1
17365,388,184,1
17366,592,184,1
17367,184,360,3
17368,184,3239,1
17369,184,3034,1
17370,184,2224,1
17371,184,1333,1
17372,184,209,1
17373,184,592,1
17374,184,747,1
17375,184,693,1
17376,184,673,1
17377,184,7604,-10
17378,7562,185,10
17379,1691,185,10
17380,288,185,10
17381,349,185,3
17382,188,185,3
17383,249,185,3
17384,198,185,3
17385,330,185,1
17386,1380,185,1
17387,813,185,1
17388,264,185,1
17389,687,185,1
17390,596,185,-5
17391,245,185,-10
17392,185,188,5
17393,185,349,3
17394,185,198,3
17395,185,249,3
17396,185,7562,3
17397,185,288,2
17398,185,1691,2
17399,185,687,2
17400,185,264,1
17401,185,813,1
17402,185,423,1
17403,185,582,1
17404,364,186,8
17405,374,186,8
17406,400,186,7
17407,1207,186,5
17408,378,186,4
17409,230,186,3
17410,2336,186,1
17411,186,1207,5
17412,186,400,5
17413,186,378,5
17414,186,364,5
17415,186,230,5
17416,186,374,5
17417,186,281,2
17418,186,498,1
17419,186,558,1
17420,7604,187,10
17421,302,187,5
17422,334,187,5
17423,423,187,5
17424,1349,187,1
17425,485,187,1
17426,850,187,1
17427,507,187,1
17428,187,334,5
17429,187,423,5
17430,187,485,2
17431,187,552,1
17432,187,850,1
17433,187,507,1
17434,7335,188,10
17435,334,188,10
17436,573,188,8
17437,196,188,3
17438,206,188,2
17439,354,188,2
17440,1494,188,2
17441,272,188,2
17442,647,188,1
17443,190,188,1
17444,484,188,1
17445,943,188,1
17446,1762,188,-1
17447,2336,188,-5
17448,7550,188,-9
17449,7604,188,-10
17450,7598,188,-10
17451,7599,188,-10
17452,7601,188,-10
17453,7602,188,-10
17454,7594,188,-10
17455,188,200,8
17456,188,573,8
17457,188,196,3
17458,188,483,3
17459,188,469,2
17460,188,234,2
17461,188,489,1
17462,188,334,1
17463,188,241,1
17464,188,941,1
17465,188,484,1
17466,188,943,1
17467,188,251,1
17468,188,815,-1
17469,188,1762,-1
17470,188,7579,-2
17471,188,7551,-9
17472,188,7594,-9
17473,188,7602,-10
17474,188,7601,-10
17475,188,7598,-10
17476,188,7599,-10
17477,188,7334,-10
17478,188,7604,-10
17479,188,7550,-10
17480,188,7540,-10
17481,188,7460,-10
17482,188,7600,-10
17483,1424,189,7
17484,306,189,6
17485,1330,189,5
17486,552,189,3
17487,1506,189,3
17488,660,189,2
17489,1298,189,1
17490,260,189,1
17491,190,189,1
17492,189,306,6
17493,189,1330,5
17494,189,552,3
17495,189,660,2
17496,189,1298,1
17497,189,260,1
17498,189,1424,1
17499,189,1506,1
17500,7604,190,10
17501,7600,190,5
17502,550,190,5
17503,599,190,2
17504,392,190,2
17505,197,190,1
17506,330,190,1
17507,801,190,1
17508,318,190,1
17509,7588,190,1
17510,1760,190,1
17511,258,190,1
17512,7562,190,-10
17513,190,903,9
17514,190,889,9
17515,190,1391,5
17516,190,7600,3
17517,190,550,3
17518,190,2424,2
17519,190,196,1
17520,190,599,1
17521,190,197,1
17522,190,330,1
17523,190,392,1
17524,190,304,1
17525,190,267,1
17526,190,801,1
17527,190,318,1
17528,190,7588,1
17529,190,1760,1
17530,190,258,1
17531,190,798,-1
17532,190,7580,-1
17533,190,7400,-10
17534,190,7562,-10
17535,3384,191,4
17536,463,191,3
17537,599,191,3
17538,288,191,2
17539,1519,191,2
17540,3254,191,1
17541,596,191,1
17542,553,191,1
17543,191,288,2
17544,191,463,2
17545,191,435,1
17546,191,3384,1
17547,191,345,1
17548,191,1519,1
17549,191,3254,1
17550,191,596,1
17551,191,599,1
17552,191,553,1
17553,233,192,3
17554,269,192,3
17555,766,192,2
17556,906,192,1
17557,605,192,1
17558,281,192,1
17559,2417,192,1
17560,824,192,1
17561,192,1599,3
17562,192,233,3
17563,192,269,3
17564,192,499,2
17565,192,832,2
17566,192,2293,1
17567,192,498,1
17568,192,281,1
17569,192,558,1
17570,192,766,1
17571,192,2417,1
17572,192,2415,1
17573,192,352,1
17574,192,824,1
17575,192,7552,-2
17576,722,193,10
17577,548,193,5
17578,7577,193,2
17579,350,193,1
17580,547,193,1
17581,249,193,1
17582,529,193,1
17583,1918,193,1
17584,193,722,10
17585,193,548,5
17586,193,7577,2
17587,193,517,2
17588,193,350,1
17589,193,249,1
17590,193,529,1
17591,193,4057,-1
17592,193,7332,-1
17593,193,7388,-5
17594,736,194,8
17595,530,194,3
17596,995,194,2
17597,1154,194,1
17598,2978,194,1
17599,2265,194,1
17600,2983,194,1
17601,1715,194,1
17602,712,194,1
17603,1955,194,1
17604,798,194,-1
17605,194,736,8
17606,194,712,5
17607,194,530,2
17608,194,1154,1
17609,194,2978,1
17610,194,2983,1
17611,194,1715,1
17612,194,1955,1
17613,194,798,-1
17614,254,195,10
17615,675,195,5
17616,7498,195,3
17617,864,195,3
17618,275,195,3
17619,541,195,2
17620,2069,195,1
17621,408,195,1
17622,2606,195,1
17623,195,254,10
17624,195,864,3
17625,195,675,3
17626,195,275,3
17627,195,541,2
17628,195,408,1
17629,195,2606,1
17630,1570,196,3
17631,2287,196,3
17632,491,196,3
17633,3286,196,2
17634,3114,196,2
17635,703,196,2
17636,249,196,1
17637,824,196,1
17638,269,196,1
17639,208,196,1
17640,242,196,1
17641,747,196,1
17642,196,249,1
17643,196,2287,1
17644,196,3286,1
17645,196,208,1
17646,196,1277,1
17647,196,3114,1
17648,196,703,1
17649,196,747,1
17650,196,205,1
17651,196,7603,-1
17652,196,7604,-10
17653,198,197,2
17654,7577,197,2
17655,822,197,1
17656,759,197,1
17657,2369,197,1
17658,1068,197,1
17659,596,197,1
17660,459,197,1
17661,1794,197,1
17662,244,197,1
17663,798,197,1
17664,197,7603,5
17665,197,591,2
17666,197,198,2
17667,197,7577,2
17668,197,822,1
17669,197,759,1
17670,197,2369,1
17671,197,1068,1
17672,197,459,1
17673,197,1794,1
17674,197,244,1
17675,197,798,1
17676,390,198,6
17677,235,198,5
17678,865,198,4
17679,2187,198,1
17680,277,198,1
17681,198,390,6
17682,198,235,5
17683,198,865,4
17684,198,277,2
17685,198,2187,2
17686,198,7604,-10
17687,198,7527,-10
17688,369,199,2
17689,937,199,2
17690,315,199,2
17691,826,199,1
17692,6786,199,1
17693,6123,199,1
17694,2324,199,1
17695,451,199,1
17696,371,199,1
17697,752,199,1
17698,1820,199,1
17699,259,199,1
17700,879,199,1
17701,358,199,1
17702,1811,199,1
17703,199,1587,4
17704,199,937,2
17705,199,315,2
17706,199,1811,2
17707,199,2324,1
17708,199,451,1
17709,199,244,1
17710,199,752,1
17711,199,1820,1
17712,199,801,1
17713,199,440,1
17714,199,267,1
17715,199,369,1
17716,199,259,1
17717,199,879,1
17718,199,358,1
17719,199,517,1
17720,199,257,-10
17721,7335,200,10
17722,234,200,8
17723,607,200,2
17724,2450,200,1
17725,503,200,1
17726,847,200,1
17727,200,607,2
17728,200,2450,1
17729,200,503,1
17730,200,847,1
17731,506,201,10
17732,298,201,2
17733,568,201,2
17734,614,201,1
17735,1509,201,1
17736,535,201,1
17737,201,506,10
17738,201,298,2
17739,201,568,2
17740,201,1509,1
17741,201,535,1
17742,406,202,3
17743,574,202,3
17744,303,202,2
17745,1968,202,2
17746,240,202,2
17747,1651,202,2
17748,357,202,2
17749,7603,202,1
17750,584,202,1
17751,785,202,1
17752,935,202,1
17753,620,202,1
17754,2598,202,1
17755,344,202,1
17756,1011,202,1
17757,986,202,1
17758,540,202,1
17759,1921,202,1
17760,1433,202,1
17761,2004,202,1
17762,202,574,3
17763,202,303,2
17764,202,1968,2
17765,202,240,2
17766,202,1651,2
17767,202,357,2
17768,202,986,2
17769,202,7603,1
17770,202,584,1
17771,202,2636,1
17772,202,785,1
17773,202,935,1
17774,202,620,1
17775,202,2598,1
17776,202,344,1
17777,202,1011,1
17778,202,540,1
17779,202,1921,1
17780,202,1433,1
17781,202,2004,1
17782,296,203,3
17783,491,203,1
17784,1853,203,1
17785,1339,203,1
17786,1292,203,1
17787,203,296,3
17788,203,1853,1
17789,203,1339,1
17790,203,1292,1
17791,428,204,10
17792,798,204,10
17793,1328,204,2
17794,804,204,2
17795,7565,204,2
17796,787,204,1
17797,1150,204,1
17798,7512,204,1
17799,7397,204,1
17800,949,204,1
17801,647,204,-1
17802,204,428,10
17803,204,798,10
17804,204,804,2
17805,204,7565,2
17806,204,1150,1
17807,204,1328,1
17808,204,7512,1
17809,204,7397,1
17810,204,949,1
17811,362,205,2
17812,308,205,1
17813,643,205,1
17814,237,205,1
17815,401,205,1
17816,807,205,1
17817,876,205,1
17818,506,205,1
17819,857,205,1
17820,1041,205,1
17821,2976,205,1
17822,266,205,1
17823,205,362,2
17824,205,219,1
17825,205,308,1
17826,205,643,1
17827,205,237,1
17828,205,232,1
17829,205,401,1
17830,205,807,1
17831,205,319,1
17832,205,876,1
17833,205,1041,1
17834,205,857,1
17835,205,2976,1
17836,205,266,1
17837,823,206,10
17838,3133,206,3
17839,979,206,2
17840,457,206,2
17841,1062,206,2
17842,647,206,1
17843,2354,206,1
17844,7433,206,1
17845,2363,206,1
17846,1855,206,1
17847,1559,206,1
17848,3175,206,1
17849,1557,206,1
17850,206,823,10
17851,206,3133,2
17852,206,2354,1
17853,206,979,1
17854,206,7433,1
17855,206,2363,1
17856,206,1855,1
17857,206,2657,1
17858,206,1559,1
17859,206,3175,1
17860,206,1557,1
17861,206,457,1
17862,206,1062,1
17863,206,588,-1
17864,206,284,-1
17865,206,632,-1
17866,206,7550,-2
17867,206,7531,-10
17868,206,7521,-10
17869,206,7514,-10
17870,398,207,2
17871,666,207,2
17872,7516,207,1
17873,7595,207,1
17874,207,398,2
17875,207,666,1
17876,207,7516,1
17877,207,7595,-10
17878,666,208,6
17879,291,208,4
17880,287,208,4
17881,320,208,1
17882,336,208,1
17883,484,208,1
17884,208,287,4
17885,208,291,3
17886,208,320,1
17887,208,336,1
17888,208,484,1
17889,208,7578,-1
17890,1935,209,5
17891,801,209,3
17892,267,209,3
17893,257,209,2
17894,565,209,2
17895,325,209,1
17896,2466,209,1
17897,1928,209,1
17898,7550,209,1
17899,656,209,1
17900,209,267,4
17901,209,801,3
17902,209,257,2
17903,209,565,2
17904,209,2466,1
17905,209,1087,1
17906,209,7550,1
17907,253,210,10
17908,7550,210,4
17909,251,210,3
17910,542,210,3
17911,870,210,2
17912,1440,210,2
17913,240,210,2
17914,2732,210,1
17915,210,7550,4
17916,210,251,3
17917,210,542,3
17918,210,870,2
17919,210,1440,2
17920,210,240,2
17921,210,2732,1
17922,210,253,1
17923,389,211,2
17924,272,211,2
17925,2908,211,1
17926,687,211,1
17927,1143,211,1
17928,1489,211,1
17929,232,211,1
17930,1139,211,1
17931,4934,211,1
17932,683,211,1
17933,7603,211,1
17934,211,7603,3
17935,211,389,2
17936,211,1489,2
17937,211,272,2
17938,211,687,1
17939,211,631,1
17940,211,1143,1
17941,211,232,1
17942,211,1139,1
17943,211,1286,1
17944,211,4934,1
17945,211,683,1
17946,211,1292,-1
17947,211,7592,-10
17948,1712,212,10
17949,1722,212,3
17950,251,212,3
17951,1617,212,3
17952,666,212,3
17953,284,212,1
17954,272,212,1
17955,401,212,1
17956,1603,212,1
17957,315,212,1
17958,1021,212,1
17959,226,212,1
17960,581,212,1
17961,1268,212,1
17962,212,1722,3
17963,212,401,3
17964,212,315,3
17965,212,251,3
17966,212,1021,3
17967,212,226,3
17968,212,1617,3
17969,212,581,3
17970,212,1268,3
17971,212,1712,3
17972,212,667,2
17973,261,213,10
17974,218,213,10
17975,763,213,5
17976,888,213,2
17977,1327,213,1
17978,213,261,10
17979,213,218,10
17980,213,763,5
17981,213,888,2
17982,213,1327,1
17983,1780,214,4
17984,517,214,3
17985,656,214,3
17986,7513,214,3
17987,296,214,1
17988,453,214,1
17989,1750,214,1
17990,595,214,1
17991,696,214,1
17992,1793,214,1
17993,1795,214,1
17994,7600,214,1
17995,530,214,-1
17996,214,555,3
17997,214,517,2
17998,214,1780,2
17999,214,696,2
18000,214,296,1
18001,214,453,1
18002,214,595,1
18003,214,656,1
18004,214,1750,1
18005,214,1793,1
18006,214,1795,1
18007,214,7600,1
18008,214,7513,-10
18009,322,215,10
18010,232,215,4
18011,912,215,2
18012,327,215,1
18013,323,215,1
18014,473,215,1
18015,1405,215,1
18016,569,215,1
18017,1094,215,1
18018,215,322,10
18019,215,232,2
18020,215,327,2
18021,215,323,2
18022,215,912,2
18023,215,473,1
18024,215,1405,1
18025,215,569,1
18026,215,1094,1
18027,756,216,6
18028,219,216,3
18029,2074,216,2
18030,1325,216,2
18031,1616,216,2
18032,272,216,2
18033,353,216,2
18034,441,216,1
18035,690,216,-1
18036,216,756,5
18037,216,219,3
18038,216,2074,2
18039,216,1325,2
18040,216,1616,2
18041,216,272,2
18042,216,353,2
18043,216,441,1
18044,216,7604,-10
18045,1921,217,3
18046,241,217,2
18047,272,217,2
18048,328,217,2
18049,516,217,1
18050,2041,217,1
18051,2561,217,1
18052,449,217,1
18053,1994,217,1
18054,476,217,1
18055,406,217,1
18056,1651,217,1
18057,663,217,1
18058,1235,217,1
18059,1973,217,1
18060,382,217,1
18061,911,217,1
18062,368,217,1
18063,401,217,1
18064,2525,217,1
18065,217,241,2
18066,217,272,2
18067,217,516,1
18068,217,2561,1
18069,217,449,1
18070,217,1994,1
18071,217,476,1
18072,217,1651,1
18073,217,406,1
18074,217,663,1
18075,217,1235,1
18076,217,1973,1
18077,217,382,1
18078,217,1921,1
18079,217,911,1
18080,217,368,1
18081,217,328,1
18082,217,401,1
18083,217,2525,1
18084,217,1292,-1
18085,763,218,4
18086,1892,218,3
18087,803,218,2
18088,1443,218,2
18089,2336,218,1
18090,1365,218,1
18091,1339,218,1
18092,994,218,1
18093,1257,218,1
18094,252,218,1
18095,218,261,10
18096,218,763,4
18097,218,1892,3
18098,218,1365,3
18099,218,803,2
18100,218,1443,2
18101,218,1339,1
18102,218,994,1
18103,218,1257,1
18104,218,252,1
18105,218,7604,-10
18106,1789,219,2
18107,1711,219,2
18108,238,219,1
18109,3331,219,1
18110,304,219,1
18111,370,219,1
18112,802,219,1
18113,1478,219,1
18114,219,1789,2
18115,219,238,1
18116,219,304,1
18117,219,370,1
18118,219,802,1
18119,219,1711,1
18120,219,1478,1
18121,219,2686,1
18122,249,220,9
18123,699,220,5
18124,954,220,4
18125,959,220,4
18126,304,220,3
18127,1733,220,2
18128,491,220,1
18129,824,220,1
18130,1177,220,1
18131,967,220,1
18132,960,220,1
18133,220,699,5
18134,220,959,3
18135,220,304,3
18136,220,967,1
18137,220,491,1
18138,220,1733,1
18139,220,960,1
18140,556,221,10
18141,276,221,10
18142,887,221,7
18143,1344,221,5
18144,3109,221,1
18145,249,221,1
18146,221,276,10
18147,221,556,10
18148,221,887,7
18149,221,1344,5
18150,221,3109,1
18151,221,249,1
18152,321,222,5
18153,7591,222,2
18154,238,222,2
18155,351,222,2
18156,1586,222,1
18157,391,222,1
18158,898,222,1
18159,2418,222,1
18160,1890,222,1
18161,3380,222,1
18162,2402,222,1
18163,896,222,1
18164,373,222,1
18165,2336,222,-3
18166,222,7591,2
18167,222,238,2
18168,222,321,2
18169,222,351,2
18170,222,1586,1
18171,222,391,1
18172,222,898,1
18173,222,2418,1
18174,222,1890,1
18175,222,3380,1
18176,222,2402,1
18177,222,896,1
18178,222,373,1
18179,222,2336,-10
18180,711,223,2
18181,466,223,2
18182,473,223,1
18183,910,223,1
18184,1413,223,1
18185,251,223,1
18186,379,223,1
18187,223,268,5
18188,223,466,2
18189,223,1997,1
18190,223,624,1
18191,223,473,1
18192,223,910,1
18193,223,1413,1
18194,223,711,1
18195,223,251,1
18196,223,379,1
18197,354,224,10
18198,2462,224,5
18199,735,224,2
18200,1653,224,2
18201,1996,224,2
18202,2570,224,1
18203,384,224,1
18204,1997,224,1
18205,1994,224,1
18206,225,224,1
18207,535,224,1
18208,2472,224,1
18209,7552,224,1
18210,2471,224,1
18211,2464,224,1
18212,234,224,1
18213,224,354,8
18214,224,225,3
18215,224,735,2
18216,224,1653,2
18217,224,1996,2
18218,224,2570,1
18219,224,384,1
18220,224,1997,1
18221,224,1994,1
18222,224,535,1
18223,224,2472,1
18224,224,7552,1
18225,224,2471,1
18226,224,2462,1
18227,224,2464,1
18228,224,234,1
18229,494,225,5
18230,1334,225,5
18231,530,225,5
18232,493,225,3
18233,260,225,2
18234,296,225,1
18235,2503,225,1
18236,442,225,1
18237,234,225,1
18238,403,225,1
18239,1101,225,1
18240,1619,225,1
18241,225,1334,5
18242,225,530,5
18243,225,494,3
18244,225,493,3
18245,225,260,2
18246,225,296,1
18247,225,2503,1
18248,225,442,1
18249,225,263,1
18250,225,234,1
18251,225,403,1
18252,225,1101,1
18253,225,1619,1
18254,225,7413,-10
18255,730,226,5
18256,514,226,2
18257,933,226,2
18258,613,226,2
18259,581,226,1
18260,1252,226,1
18261,865,226,1
18262,1654,226,1
18263,1647,226,1
18264,1432,226,1
18265,7524,226,1
18266,615,226,1
18267,2553,226,1
18268,299,226,1
18269,1655,226,1
18270,1004,226,1
18271,7373,226,1
18272,323,226,1
18273,720,226,1
18274,920,226,1
18275,700,226,-3
18276,5342,226,-3
18277,226,1432,2
18278,226,730,1
18279,226,514,1
18280,226,581,1
18281,226,1273,1
18282,226,865,1
18283,226,933,1
18284,226,1252,1
18285,226,1654,1
18286,226,1989,1
18287,226,1647,1
18288,226,7524,1
18289,226,2553,1
18290,226,615,1
18291,226,299,1
18292,226,1655,1
18293,226,1004,1
18294,226,613,1
18295,226,7373,1
18296,226,323,1
18297,226,720,1
18298,226,920,1
18299,226,7519,-10
18300,1883,227,5
18301,244,227,2
18302,6369,227,1
18303,7380,227,1
18304,278,227,1
18305,1833,227,1
18306,227,244,2
18307,227,330,1
18308,227,1883,1
18309,227,6369,1
18310,227,7380,1
18311,227,278,1
18312,227,1833,1
18313,227,7604,-10
18314,509,228,1
18315,748,228,1
18316,7334,228,1
18317,318,228,1
18318,813,228,1
18319,228,816,10
18320,228,509,1
18321,228,318,1
18322,228,7334,1
18323,228,813,1
18324,228,7604,-10
18325,247,229,10
18326,702,229,5
18327,825,229,2
18328,7525,229,2
18329,1061,229,2
18330,2253,229,2
18331,289,229,2
18332,599,229,2
18333,751,229,1
18334,229,247,3
18335,229,825,2
18336,229,7525,2
18337,229,1061,2
18338,229,289,2
18339,229,599,2
18340,229,2253,1
18341,229,702,1
18342,229,751,1
18343,229,333,1
18344,400,230,8
18345,1073,230,4
18346,7386,230,2
18347,605,230,2
18348,279,230,2
18349,378,230,2
18350,7335,230,1
18351,498,230,1
18352,824,230,1
18353,2336,230,-2
18354,230,1073,4
18355,230,279,2
18356,230,281,2
18357,230,605,1
18358,230,498,1
18359,7328,231,2
18360,514,231,2
18361,854,231,1
18362,1133,231,1
18363,2102,231,1
18364,1695,231,1
18365,231,514,2
18366,231,854,1
18367,231,2102,1
18368,231,1695,1
18369,231,7328,1
18370,274,232,8
18371,485,232,3
18372,7565,232,3
18373,1727,232,2
18374,942,232,2
18375,277,232,1
18376,798,232,1
18377,232,274,8
18378,232,7565,5
18379,232,485,4
18380,232,1610,2
18381,232,798,2
18382,232,1727,2
18383,232,277,1
18384,2336,233,3
18385,269,233,2
18386,498,233,1
18387,3428,233,1
18388,3372,233,1
18389,900,233,1
18390,824,233,1
18391,233,558,2
18392,233,269,-1
18393,233,3428,-2
18394,402,234,1
18395,234,469,8
18396,234,402,1
18397,234,1910,1
18398,249,235,2
18399,389,235,2
18400,505,235,2
18401,897,235,1
18402,402,235,1
18403,235,1691,4
18404,235,7400,3
18405,235,7552,3
18406,235,249,2
18407,235,897,1
18408,2532,236,7
18409,273,236,3
18410,383,236,2
18411,1224,236,2
18412,350,236,1
18413,256,236,1
18414,934,236,1
18415,1973,236,1
18416,922,236,1
18417,365,236,1
18418,529,236,1
18419,236,273,3
18420,236,383,2
18421,236,1214,2
18422,236,293,2
18423,236,350,1
18424,236,256,1
18425,236,934,1
18426,236,1973,1
18427,236,922,1
18428,236,365,1
18429,236,529,1
18430,236,2532,1
18431,270,237,5
18432,437,237,2
18433,505,237,2
18434,296,237,1
18435,563,237,1
18436,913,237,1
18437,848,237,1
18438,1219,237,1
18439,656,237,1
18440,237,270,5
18441,237,505,2
18442,237,296,1
18443,237,563,1
18444,237,913,1
18445,237,848,1
18446,237,1219,1
18447,237,656,1
18448,237,7590,-10
18449,714,238,10
18450,355,238,5
18451,249,238,2
18452,3261,238,1
18453,250,238,1
18454,570,238,1
18455,1624,238,1
18456,1095,238,1
18457,238,714,10
18458,238,355,5
18459,238,249,2
18460,238,570,2
18461,238,3261,1
18462,238,250,1
18463,238,1095,1
18464,238,1624,1
18465,1103,239,10
18466,1464,239,5
18467,665,239,3
18468,1645,239,3
18469,667,239,3
18470,1104,239,3
18471,7423,239,3
18472,2076,239,2
18473,1958,239,2
18474,1972,239,2
18475,2642,239,1
18476,728,239,1
18477,2562,239,1
18478,2535,239,1
18479,448,239,1
18480,571,239,1
18481,915,239,1
18482,7336,239,-10
18483,239,1103,10
18484,239,665,4
18485,239,1464,3
18486,239,1645,3
18487,239,667,3
18488,239,1104,3
18489,239,7423,3
18490,239,2076,2
18491,239,1110,2
18492,239,1958,2
18493,239,1972,2
18494,239,2642,1
18495,239,728,1
18496,239,2562,1
18497,239,2535,1
18498,239,448,1
18499,239,571,1
18500,239,915,1
18501,239,7336,-4
18502,7564,240,10
18503,408,240,2
18504,2524,240,1
18505,2005,240,1
18506,240,7564,10
18507,240,408,2
18508,240,2524,1
18509,240,2005,1
18510,2400,241,3
18511,602,241,2
18512,824,241,1
18513,1353,241,1
18514,7507,241,1
18515,1822,241,1
18516,751,241,1
18517,397,241,1
18518,707,241,1
18519,1880,241,1
18520,895,241,1
18521,290,241,1
18522,241,2400,2
18523,241,602,2
18524,241,1353,1
18525,241,7507,1
18526,241,1822,1
18527,241,751,1
18528,241,397,1
18529,241,707,1
18530,241,1880,1
18531,241,895,1
18532,241,290,1
18533,332,242,1
18534,249,242,1
18535,7514,242,1
18536,451,242,1
18537,242,5342,5
18538,242,7514,1
18539,242,451,1
18540,699,243,8
18541,1177,243,4
18542,872,243,3
18543,243,699,5
18544,243,1177,4
18545,243,872,3
18546,243,959,3
18547,243,890,-1
18548,1181,244,3
18549,7595,244,3
18550,245,244,2
18551,280,244,2
18552,2329,244,2
18553,703,244,2
18554,1380,244,1
18555,599,244,1
18556,1059,244,1
18557,564,244,1
18558,1060,244,1
18559,373,244,1
18560,1830,244,1
18561,295,244,1
18562,333,244,1
18563,1041,244,1
18564,2318,244,-1
18565,7584,244,-10
18566,244,1181,3
18567,244,245,2
18568,244,280,2
18569,244,2329,2
18570,244,7595,2
18571,244,703,2
18572,244,641,1
18573,244,1060,1
18574,244,1356,1
18575,244,373,1
18576,244,295,1
18577,244,333,1
18578,244,1041,1
18579,244,7584,-10
18580,3337,245,3
18581,526,245,2
18582,308,245,2
18583,708,245,1
18584,376,245,1
18585,2380,245,1
18586,1368,245,1
18587,1889,245,1
18588,397,245,1
18589,1186,245,1
18590,7562,245,-10
18591,245,308,2
18592,245,526,1
18593,245,1890,1
18594,245,708,1
18595,245,2380,1
18596,245,1368,1
18597,245,1889,1
18598,245,7398,1
18599,245,397,1
18600,245,1186,1
18601,245,7560,-10
18602,245,7600,-10
18603,245,7604,-10
18604,245,7497,-10
18605,245,7562,-10
18606,245,7559,-10
18607,418,246,10
18608,307,246,10
18609,2336,246,2
18610,2434,246,1
18611,3428,246,1
18612,246,653,10
18613,246,418,10
18614,246,307,10
18615,246,3428,3
18616,246,1858,3
18617,246,2336,3
18618,246,337,3
18619,246,330,1
18620,1067,247,10
18621,1575,247,3
18622,459,247,2
18623,336,247,2
18624,1864,247,1
18625,3230,247,1
18626,413,247,1
18627,430,247,-1
18628,247,1067,6
18629,247,413,5
18630,247,459,3
18631,247,1575,3
18632,247,336,2
18633,247,1864,1
18634,247,3230,1
18635,247,430,-1
18636,980,248,2
18637,3280,248,1
18638,1191,248,1
18639,309,248,1
18640,3273,248,1
18641,494,248,1
18642,1192,248,1
18643,1336,248,-1
18644,248,3280,1
18645,248,1191,1
18646,248,309,1
18647,248,3273,1
18648,248,494,1
18649,248,980,1
18650,248,1192,1
18651,523,249,5
18652,402,249,3
18653,904,249,2
18654,744,249,1
18655,3420,249,1
18656,1588,249,1
18657,1368,249,1
18658,288,249,1
18659,389,249,1
18660,7595,249,-10
18661,249,402,4
18662,249,744,3
18663,249,904,2
18664,249,3420,1
18665,249,1588,1
18666,249,288,1
18667,249,1368,1
18668,249,523,1
18669,249,389,1
18670,249,7604,-10
18671,249,7595,-10
18672,249,656,-10
18673,406,250,2
18674,2523,250,1
18675,715,250,1
18676,250,362,1
18677,250,406,1
18678,250,2523,1
18679,250,715,1
18680,381,251,3
18681,354,251,3
18682,1713,251,2
18683,544,251,1
18684,1917,251,1
18685,2482,251,1
18686,7550,251,1
18687,251,544,3
18688,251,381,3
18689,251,354,3
18690,251,1713,2
18691,251,1917,1
18692,251,2482,1
18693,251,7550,1
18694,1229,252,5
18695,1676,252,2
18696,727,252,2
18697,1715,252,1
18698,2733,252,1
18699,1642,252,1
18700,723,252,1
18701,7518,252,1
18702,578,252,1
18703,720,252,1
18704,343,252,1
18705,1084,252,1
18706,994,252,1
18707,1942,252,1
18708,382,252,1
18709,1930,252,1
18710,1088,252,1
18711,252,1229,5
18712,252,1676,2
18713,252,1715,1
18714,252,2733,1
18715,252,1642,1
18716,252,723,1
18717,252,7552,1
18718,252,727,1
18719,252,7518,1
18720,252,578,1
18721,252,720,1
18722,252,343,1
18723,252,1084,1
18724,252,994,1
18725,252,1942,1
18726,252,382,1
18727,252,1930,1
18728,252,1088,1
18729,252,7564,-3
18730,252,7604,-10
18731,543,253,10
18732,666,253,1
18733,289,253,1
18734,391,253,1
18735,2736,253,1
18736,2729,253,1
18737,253,543,10
18738,253,666,1
18739,253,289,1
18740,253,391,1
18741,253,2736,1
18742,253,2729,1
18743,253,7557,-10
18744,1458,254,10
18745,654,254,2
18746,1122,254,2
18747,2009,254,1
18748,2069,254,1
18749,1690,254,1
18750,1117,254,1
18751,2064,254,1
18752,322,254,1
18753,339,254,1
18754,254,1690,2
18755,254,7394,2
18756,254,1122,2
18757,254,7498,1
18758,254,2009,1
18759,254,2069,1
18760,254,610,1
18761,254,1267,1
18762,254,1117,1
18763,254,654,1
18764,254,2064,1
18765,254,677,1
18766,254,322,1
18767,254,1120,1
18768,254,339,1
18769,254,1458,1
18770,254,2620,1
18771,409,255,2
18772,1282,255,2
18773,859,255,2
18774,386,255,2
18775,869,255,2
18776,1740,255,1
18777,798,255,1
18778,7375,255,1
18779,777,255,1
18780,7603,255,1
18781,1727,255,1
18782,264,255,1
18783,1285,255,1
18784,1477,255,1
18785,1685,255,1
18786,681,255,1
18787,255,1282,2
18788,255,859,2
18789,255,386,2
18790,255,869,2
18791,255,1740,1
18792,255,798,1
18793,255,7375,1
18794,255,777,1
18795,255,409,1
18796,255,7603,1
18797,255,1727,1
18798,255,264,1
18799,255,1285,1
18800,255,1477,1
18801,255,1685,1
18802,255,681,1
18803,1739,256,3
18804,329,256,1
18805,485,256,1
18806,632,256,1
18807,947,256,1
18808,479,256,1
18809,4934,256,1
18810,1970,256,1
18811,943,256,1
18812,2792,256,1
18813,2790,256,1
18814,346,256,1
18815,7603,256,1
18816,256,1739,3
18817,256,329,1
18818,256,672,1
18819,256,485,1
18820,256,632,1
18821,256,947,1
18822,256,479,1
18823,256,4934,1
18824,256,1970,1
18825,256,943,1
18826,256,2792,1
18827,256,2790,1
18828,256,346,1
18829,256,7592,-10
18830,7388,257,10
18831,380,257,5
18832,1295,257,2
18833,2916,257,1
18834,389,257,1
18835,1077,257,1
18836,257,380,5
18837,257,1295,2
18838,257,2916,1
18839,257,1077,1
18840,593,258,3
18841,1498,258,3
18842,358,258,2
18843,1921,258,2
18844,1535,258,1
18845,2053,258,1
18846,7553,258,1
18847,623,258,1
18848,874,258,1
18849,1760,258,1
18850,635,258,1
18851,264,258,1
18852,7398,258,-1
18853,258,593,3
18854,258,358,2
18855,258,1535,1
18856,258,697,1
18857,258,1787,1
18858,258,7553,1
18859,258,2053,1
18860,258,623,1
18861,258,874,1
18862,258,1760,1
18863,258,1498,1
18864,258,639,1
18865,258,635,1
18866,258,264,1
18867,258,1921,1
18868,896,259,3
18869,1802,259,2
18870,1860,259,1
18871,262,259,1
18872,333,259,1
18873,395,259,1
18874,614,259,1
18875,479,259,1
18876,1149,259,1
18877,874,259,1
18878,1317,259,1
18879,259,896,3
18880,259,1802,2
18881,259,1860,1
18882,259,262,1
18883,259,333,1
18884,259,395,1
18885,259,614,1
18886,259,479,1
18887,259,1149,1
18888,259,874,1
18889,259,1317,1
18890,259,7604,-10
18891,1369,260,2
18892,7390,260,1
18893,623,260,1
18894,746,260,1
18895,2959,260,1
18896,7512,260,1
18897,530,260,1
18898,780,260,1
18899,1511,260,1
18900,636,260,1
18901,402,260,1
18902,285,260,1
18903,552,260,1
18904,260,1369,5
18905,260,940,2
18906,260,7565,2
18907,260,7390,1
18908,260,623,1
18909,260,746,1
18910,260,7512,1
18911,260,530,1
18912,260,2959,1
18913,260,1135,1
18914,260,780,1
18915,260,1511,1
18916,260,636,1
18917,260,402,1
18918,260,285,1
18919,260,7604,-10
18920,888,261,2
18921,892,262,2
18922,431,262,2
18923,975,262,2
18924,1186,262,1
18925,262,892,2
18926,262,431,2
18927,262,1186,1
18928,262,975,1
18929,2580,263,5
18930,1236,263,5
18931,406,263,1
18932,2010,263,1
18933,1100,263,1
18934,355,263,1
18935,263,2580,1
18936,263,406,1
18937,263,2010,1
18938,263,1100,1
18939,263,1236,1
18940,263,355,1
18941,301,264,8
18942,1506,264,2
18943,798,264,2
18944,1457,264,2
18945,593,264,1
18946,2194,264,1
18947,639,264,1
18948,2126,264,1
18949,264,805,10
18950,264,301,8
18951,264,488,5
18952,264,593,1
18953,264,2194,1
18954,264,639,1
18955,264,2126,1
18956,264,1457,1
18957,264,798,-10
18958,490,265,7
18959,393,265,1
18960,265,490,5
18961,265,393,1
18962,296,266,3
18963,451,266,1
18964,266,296,3
18965,266,451,1
18966,304,267,8
18967,443,267,1
18968,267,304,3
18969,267,839,2
18970,267,7580,2
18971,267,443,1
18972,1916,268,7
18973,491,268,1
18974,967,268,1
18975,2634,268,1
18976,1039,268,1
18977,900,269,3
18978,761,269,3
18979,279,269,2
18980,832,269,2
18981,824,269,2
18982,7087,269,1
18983,491,269,1
18984,269,900,2
18985,269,1070,2
18986,269,325,1
18987,269,369,1
18988,269,3129,1
18989,269,824,1
18990,269,7552,-10
18991,269,801,-10
18992,269,7415,-10
18993,472,270,1
18994,1932,270,1
18995,436,270,1
18996,379,270,1
18997,270,472,1
18998,270,1932,1
18999,270,436,1
19000,270,379,1
19001,270,7455,-10
19002,271,471,1
19003,7603,272,5
19004,348,272,1
19005,544,272,1
19006,1918,272,1
19007,1003,272,1
19008,7564,272,1
19009,614,272,1
19010,2476,272,1
19011,277,272,-1
19012,1292,272,-10
19013,272,426,5
19014,272,7603,3
19015,272,2647,1
19016,272,348,1
19017,272,1003,1
19018,272,2476,1
19019,272,277,-1
19020,272,7571,-10
19021,272,7576,-10
19022,272,798,-10
19023,272,7566,-10
19024,272,7593,-10
19025,272,7577,-10
19026,272,7534,-10
19027,272,7557,-10
19028,272,7572,-10
19029,272,7596,-10
19030,272,7564,-10
19031,282,273,4
19032,671,273,3
19033,1399,273,3
19034,575,273,2
19035,1612,273,2
19036,1669,273,2
19037,1931,273,1
19038,273,282,4
19039,273,1399,3
19040,273,671,2
19041,273,575,2
19042,273,1612,2
19043,273,1669,2
19044,273,1931,1
19045,7603,274,2
19046,865,274,2
19047,2928,274,1
19048,422,274,1
19049,274,2928,1
19050,274,7603,1
19051,274,422,1
19052,7564,275,5
19053,1683,275,5
19054,1119,275,3
19055,864,275,3
19056,423,275,2
19057,1688,275,2
19058,2669,275,1
19059,7520,275,1
19060,451,275,1
19061,679,275,1
19062,1121,275,1
19063,275,1119,3
19064,275,864,3
19065,275,1683,2
19066,275,2669,1
19067,275,7520,1
19068,275,1688,1
19069,275,1262,1
19070,275,679,1
19071,275,1121,1
19072,556,276,10
19073,887,276,6
19074,949,276,1
19075,2197,276,1
19076,276,556,5
19077,276,949,1
19078,276,2197,1
19079,348,277,1
19080,740,277,1
19081,741,277,1
19082,2194,277,1
19083,389,277,1
19084,7375,277,1
19085,277,348,1
19086,277,740,1
19087,277,741,1
19088,277,2194,1
19089,277,1142,1
19090,277,2181,1
19091,277,389,1
19092,277,7375,1
19093,277,7564,-10
19094,523,278,3
19095,320,278,3
19096,360,278,2
19097,431,278,1
19098,380,278,1
19099,1162,278,1
19100,1792,278,1
19101,876,278,1
19102,278,320,3
19103,278,431,1
19104,278,380,1
19105,278,523,1
19106,278,1792,1
19107,278,876,1
19108,278,360,1
19109,278,1038,1
19110,278,1638,-3
19111,278,7565,-10
19112,278,7603,-10
19113,278,7588,-10
19114,906,279,1
19115,1074,279,1
19116,498,279,1
19117,2336,279,1
19118,279,1206,6
19119,279,1203,6
19120,279,1595,4
19121,279,498,3
19122,279,698,3
19123,279,375,1
19124,279,352,1
19125,279,824,1
19126,1032,280,1
19127,288,280,1
19128,704,280,1
19129,1173,280,1
19130,280,1032,1
19131,280,288,1
19132,280,704,1
19133,280,1173,1
19134,2336,281,3
19135,1074,281,2
19136,2436,281,2
19137,7386,281,2
19138,3410,281,2
19139,906,281,1
19140,1073,281,1
19141,498,281,1
19142,378,281,1
19143,1386,281,1
19144,900,281,1
19145,491,281,-5
19146,281,1598,3
19147,281,2435,2
19148,281,337,2
19149,281,375,2
19150,281,2336,2
19151,281,3450,1
19152,281,906,1
19153,281,605,1
19154,281,498,1
19155,281,1386,1
19156,281,558,1
19157,281,900,1
19158,281,3443,-1
19159,281,3445,-1
19160,281,302,-1
19161,281,766,-1
19162,281,491,-5
19163,387,282,5
19164,2583,282,5
19165,1266,282,5
19166,925,282,5
19167,786,282,4
19168,677,282,3
19169,475,282,3
19170,410,282,-5
19171,282,724,10
19172,282,387,5
19173,282,786,5
19174,282,1266,5
19175,282,919,5
19176,282,925,4
19177,314,283,5
19178,1454,283,3
19179,322,283,3
19180,2052,283,2
19181,2025,283,2
19182,1236,283,2
19183,2589,283,1
19184,283,314,5
19185,283,1454,3
19186,283,322,3
19187,283,2052,2
19188,283,2025,2
19189,283,1236,2
19190,283,2589,1
19191,329,284,1
19192,2153,284,1
19193,392,284,1
19194,2768,284,1
19195,2128,284,1
19196,284,626,2
19197,284,329,1
19198,284,2153,1
19199,284,392,1
19200,284,2128,1
19201,284,2768,1
19202,284,481,1
19203,284,7372,-10
19204,806,285,10
19205,7588,285,5
19206,954,285,3
19207,593,285,3
19208,3001,285,1
19209,2984,285,1
19210,960,285,1
19211,455,285,1
19212,301,285,1
19213,285,806,10
19214,285,954,2
19215,285,593,2
19216,285,3001,1
19217,285,2984,1
19218,285,960,1
19219,285,455,1
19220,285,301,1
19221,285,7588,-6
19222,753,286,10
19223,7591,286,2
19224,706,286,1
19225,1519,286,1
19226,411,286,1
19227,286,706,1
19228,286,1519,1
19229,286,753,1
19230,286,411,1
19231,286,7399,-2
19232,286,7603,-10
19233,286,7591,-10
19234,286,7579,-10
19235,286,7556,-10
19236,748,287,4
19237,1875,287,1
19238,937,287,1
19239,1691,287,-3
19240,287,424,2
19241,287,1875,1
19242,287,937,1
19243,287,966,1
19244,287,748,1
19245,358,288,2
19246,290,288,1
19247,1278,288,1
19248,3350,288,1
19249,2369,288,1
19250,1588,288,1
19251,759,288,1
19252,318,288,1
19253,570,288,1
19254,969,288,1
19255,2347,288,1
19256,641,288,1
19257,7595,288,1
19258,2336,288,-10
19259,288,2347,2
19260,288,358,2
19261,288,290,1
19262,288,1278,1
19263,288,3350,1
19264,288,2369,1
19265,288,1588,1
19266,288,759,1
19267,288,318,1
19268,288,570,1
19269,288,969,1
19270,288,641,1
19271,288,7595,1
19272,288,1691,1
19273,830,289,5
19274,391,289,3
19275,627,289,2
19276,1888,289,1
19277,413,289,1
19278,289,391,3
19279,289,627,2
19280,289,1888,1
19281,289,830,1
19282,289,413,1
19283,289,1425,1
19284,289,7467,-10
19285,467,290,2
19286,904,290,1
19287,490,290,1
19288,397,290,1
19289,1065,290,1
19290,2388,290,1
19291,1191,290,1
19292,290,467,2
19293,290,904,1
19294,290,490,1
19295,290,397,1
19296,290,1065,1
19297,290,2388,1
19298,290,1191,1
19299,1900,291,1
19300,2344,291,1
19301,291,1900,1
19302,291,2344,1
19303,526,292,1
19304,2405,292,1
19305,894,292,1
19306,462,292,1
19307,432,292,1
19308,309,292,1
19309,1526,292,1
19310,2336,292,-1
19311,292,526,1
19312,292,321,1
19313,292,894,1
19314,292,462,1
19315,292,432,1
19316,292,1526,1
19317,292,309,1
19318,7400,293,4
19319,561,293,2
19320,389,293,1
19321,505,293,1
19322,775,293,1
19323,473,293,1
19324,293,439,3
19325,293,7400,3
19326,293,389,1
19327,293,505,1
19328,293,775,1
19329,293,561,1
19330,293,473,1
19331,293,402,1
19332,2829,294,1
19333,5342,294,-3
19334,294,2827,1
19335,294,2829,1
19336,497,295,1
19337,839,295,1
19338,937,295,1
19339,296,295,1
19340,1517,295,1
19341,1152,295,1
19342,295,5342,5
19343,295,497,1
19344,295,839,1
19345,295,937,1
19346,295,296,1
19347,295,1517,1
19348,295,1152,1
19349,331,296,4
19350,946,296,1
19351,296,331,4
19352,296,946,1
19353,1915,297,10
19354,721,297,4
19355,1938,297,1
19356,1221,297,1
19357,1603,297,1
19358,1212,297,1
19359,297,7552,5
19360,297,1212,3
19361,297,1938,1
19362,297,1221,1
19363,297,7437,1
19364,297,1915,1
19365,339,298,5
19366,568,298,2
19367,324,298,2
19368,887,298,1
19369,1123,298,1
19370,1935,298,1
19371,655,298,1
19372,1210,298,1
19373,298,339,5
19374,298,568,2
19375,298,324,2
19376,298,887,1
19377,298,1123,1
19378,298,1935,1
19379,298,655,1
19380,298,1210,1
19381,615,299,3
19382,7564,299,3
19383,614,299,2
19384,355,299,2
19385,785,299,1
19386,327,299,1
19387,1241,299,1
19388,713,299,1
19389,299,615,3
19390,299,614,2
19391,299,785,1
19392,299,327,1
19393,299,7564,1
19394,299,1241,1
19395,299,713,1
19396,299,355,1
19397,344,300,10
19398,7564,300,7
19399,2066,300,2
19400,542,300,1
19401,630,300,1
19402,341,300,1
19403,300,344,5
19404,300,2047,2
19405,300,481,2
19406,300,2033,2
19407,300,542,1
19408,300,2066,1
19409,300,341,1
19410,300,7564,-1
19411,1365,301,1
19412,3106,301,1
19413,945,301,1
19414,301,1365,1
19415,301,3106,1
19416,301,945,1
19417,301,7604,-10
19418,334,302,10
19419,689,302,3
19420,3223,302,1
19421,403,302,1
19422,498,302,-1
19423,824,302,-2
19424,302,334,5
19425,302,689,3
19426,302,3223,1
19427,302,403,1
19428,387,303,10
19429,1460,303,3
19430,678,303,3
19431,784,303,2
19432,1446,303,2
19433,2680,303,1
19434,403,303,1
19435,612,303,1
19436,622,303,1
19437,2045,303,1
19438,5342,303,-3
19439,303,387,10
19440,303,678,6
19441,303,1460,3
19442,303,784,2
19443,303,1446,2
19444,303,2680,1
19445,303,403,1
19446,303,612,1
19447,303,622,1
19448,303,2045,1
19449,491,304,3
19450,360,304,3
19451,681,304,3
19452,392,304,2
19453,389,304,1
19454,945,304,1
19455,2799,304,1
19456,346,304,1
19457,304,360,3
19458,304,518,2
19459,304,392,1
19460,304,548,1
19461,304,681,1
19462,304,945,1
19463,304,2799,1
19464,304,7603,1
19465,304,346,1
19466,304,3516,1
19467,304,389,1
19468,1375,305,2
19469,7603,305,2
19470,346,305,2
19471,1367,305,1
19472,370,305,1
19473,2785,305,1
19474,1022,305,1
19475,587,305,1
19476,944,305,1
19477,305,1375,2
19478,305,7603,2
19479,305,346,2
19480,305,1367,1
19481,305,370,1
19482,305,1022,1
19483,305,2785,1
19484,305,587,1
19485,305,944,1
19486,411,306,2
19487,452,306,1
19488,306,411,3
19489,306,452,1
19490,418,307,10
19491,3190,307,2
19492,557,307,1
19493,348,307,1
19494,307,418,10
19495,307,3190,1
19496,307,348,1
19497,307,557,1
19498,376,308,1
19499,1357,308,1
19500,308,1357,4
19501,308,376,1
19502,416,309,1
19503,3334,309,1
19504,1885,309,1
19505,1353,309,1
19506,637,309,1
19507,702,309,1
19508,1180,309,1
19509,894,309,1
19510,759,309,1
19511,3274,309,1
19512,3172,309,1
19513,3254,309,1
19514,309,416,1
19515,309,3334,1
19516,309,1885,1
19517,309,1353,1
19518,309,637,1
19519,309,702,1
19520,309,1180,1
19521,309,894,1
19522,309,759,1
19523,309,3274,1
19524,309,3172,1
19525,309,3254,1
19526,309,1372,1
19527,707,310,3
19528,649,310,1
19529,7435,310,1
19530,7391,310,1
19531,759,310,1
19532,310,707,3
19533,310,649,1
19534,310,7435,1
19535,310,7391,1
19536,310,759,1
19537,1426,311,4
19538,610,311,2
19539,2202,311,1
19540,389,311,1
19541,1444,311,1
19542,1615,311,1
19543,1096,311,1
19544,1089,311,1
19545,311,1426,4
19546,311,610,2
19547,311,1444,1
19548,311,1096,1
19549,311,1089,1
19550,668,312,2
19551,967,312,1
19552,784,312,1
19553,574,312,1
19554,715,312,1
19555,312,967,1
19556,312,668,1
19557,312,784,1
19558,312,574,1
19559,312,715,1
19560,312,7604,-10
19561,323,313,9
19562,929,313,4
19563,408,313,2
19564,1249,313,2
19565,563,313,1
19566,313,323,9
19567,313,929,4
19568,313,408,2
19569,313,1249,2
19570,313,563,1
19571,1125,314,5
19572,451,314,3
19573,866,314,3
19574,668,314,2
19575,1271,314,2
19576,481,314,2
19577,355,314,1
19578,516,314,1
19579,2664,314,1
19580,314,1125,5
19581,314,668,3
19582,314,451,2
19583,314,1271,2
19584,314,481,2
19585,314,355,1
19586,314,2664,1
19587,314,7564,-10
19588,645,315,3
19589,2271,315,3
19590,883,315,1
19591,695,315,1
19592,453,315,1
19593,1298,315,1
19594,315,645,1
19595,315,883,1
19596,315,2271,1
19597,315,695,1
19598,315,453,1
19599,315,1298,1
19600,1303,316,10
19601,693,316,6
19602,2834,316,1
19603,316,693,5
19604,316,1303,5
19605,316,1296,5
19606,316,365,5
19607,316,2166,1
19608,316,2834,1
19609,316,7603,1
19610,316,7592,-10
19611,1153,317,8
19612,1776,317,3
19613,360,317,3
19614,809,317,2
19615,951,317,2
19616,915,317,1
19617,1276,317,1
19618,2925,317,1
19619,317,951,1
19620,318,656,1
19621,318,937,1
19622,318,7604,-10
19623,799,319,3
19624,741,319,2
19625,7411,319,1
19626,7410,319,1
19627,319,741,3
19628,319,799,3
19629,319,7410,2
19630,319,7411,1
19631,2833,320,1
19632,435,320,1
19633,5342,320,1
19634,320,2833,1
19635,320,435,1
19636,320,5342,1
19637,7560,321,3
19638,2380,321,2
19639,708,321,2
19640,7503,321,1
19641,528,321,1
19642,7398,321,1
19643,321,7398,2
19644,321,708,2
19645,321,2380,1
19646,321,528,1
19647,478,322,1
19648,657,322,1
19649,322,2013,1
19650,322,478,1
19651,322,657,1
19652,478,323,2
19653,1241,323,2
19654,1015,323,1
19655,720,323,1
19656,2581,323,1
19657,5342,323,-3
19658,323,1015,5
19659,323,478,2
19660,323,720,1
19661,323,2581,1
19662,323,1241,1
19663,1953,324,4
19664,2583,324,3
19665,616,324,2
19666,1102,324,2
19667,1100,324,2
19668,1940,324,2
19669,658,324,2
19670,612,324,1
19671,1931,324,1
19672,324,2035,2
19673,324,616,2
19674,324,2023,2
19675,324,1934,2
19676,324,1102,2
19677,324,1953,2
19678,324,1100,2
19679,324,1940,2
19680,324,658,2
19681,324,2583,1
19682,324,612,1
19683,324,1931,1
19684,324,7569,-10
19685,388,325,10
19686,828,325,10
19687,325,388,10
19688,325,828,10
19689,325,414,10
19690,341,326,2
19691,909,326,2
19692,342,326,2
19693,1002,326,2
19694,339,326,1
19695,326,1002,3
19696,326,341,2
19697,326,909,2
19698,326,342,2
19699,326,339,2
19700,344,327,10
19701,383,327,4
19702,7341,327,1
19703,1638,327,1
19704,1240,327,1
19705,7373,327,1
19706,327,7341,1
19707,327,344,1
19708,327,1638,1
19709,327,328,1
19710,327,1240,1
19711,327,383,1
19712,327,7373,1
19713,327,7604,-10
19714,2661,328,2
19715,342,328,2
19716,447,328,2
19717,472,328,2
19718,1450,328,1
19719,408,328,1
19720,2601,328,1
19721,661,328,1
19722,1235,328,1
19723,911,328,1
19724,1964,328,1
19725,1101,328,1
19726,5342,328,-3
19727,328,408,2
19728,328,472,2
19729,328,2661,1
19730,328,1450,1
19731,328,670,1
19732,328,2601,1
19733,328,342,1
19734,328,661,1
19735,328,447,1
19736,328,1235,1
19737,328,911,1
19738,328,1964,1
19739,328,1101,1
19740,743,329,5
19741,517,329,4
19742,689,329,1
19743,393,329,1
19744,329,743,5
19745,329,517,4
19746,329,689,1
19747,329,393,1
19748,329,7604,-10
19749,695,330,2
19750,2410,330,1
19751,7555,330,1
19752,813,330,1
19753,1170,330,1
19754,1496,330,1
19755,330,1496,2
19756,330,695,2
19757,330,396,1
19758,330,813,1
19759,330,1170,1
19760,330,2054,1
19761,330,7509,-1
19762,330,7604,-5
19763,330,7600,-5
19764,330,7555,-10
19765,1526,331,5
19766,492,331,1
19767,1029,331,1
19768,396,331,1
19769,7334,331,1
19770,7529,331,1
19771,331,1526,2
19772,331,5679,1
19773,331,492,1
19774,331,1029,1
19775,331,396,1
19776,331,7334,1
19777,331,7529,1
19778,700,332,3
19779,3325,332,2
19780,7586,332,2
19781,7337,332,1
19782,2257,332,1
19783,951,332,1
19784,1524,332,1
19785,3040,332,1
19786,697,332,1
19787,332,700,3
19788,332,3325,1
19789,332,428,1
19790,332,3086,1
19791,332,7586,1
19792,332,2257,1
19793,332,951,1
19794,332,1524,1
19795,332,3040,1
19796,332,697,1
19797,332,7337,-1
19798,643,333,2
19799,7595,333,1
19800,373,333,1
19801,333,643,2
19802,333,7595,1
19803,333,373,1
19804,333,7604,-10
19805,821,334,1
19806,334,821,1
19807,1016,335,4
19808,335,1016,4
19809,335,7525,-10
19810,980,336,2
19811,7525,336,1
19812,1577,336,1
19813,336,7525,1
19814,336,1577,1
19815,336,980,1
19816,7335,337,3
19817,2336,337,2
19818,766,337,2
19819,1074,337,1
19820,906,337,1
19821,1590,337,1
19822,2430,337,1
19823,7386,337,-1
19824,337,2430,1
19825,337,1905,1
19826,337,653,1
19827,337,1202,1
19828,337,7386,-2
19829,7523,338,10
19830,7522,338,10
19831,7532,338,10
19832,7510,338,10
19833,338,7523,3
19834,338,7522,3
19835,338,7532,1
19836,508,339,5
19837,535,339,3
19838,916,339,2
19839,671,339,1
19840,1626,339,1
19841,914,339,1
19842,2484,339,1
19843,339,508,5
19844,339,535,3
19845,339,671,1
19846,339,1626,1
19847,339,916,1
19848,339,914,1
19849,339,2484,1
19850,608,340,3
19851,537,340,3
19852,921,340,2
19853,500,340,2
19854,1944,340,2
19855,7402,340,2
19856,1937,340,2
19857,729,340,1
19858,1625,340,1
19859,2463,340,1
19860,664,340,1
19861,1001,340,1
19862,340,537,3
19863,340,921,2
19864,340,608,2
19865,340,1945,2
19866,340,1944,2
19867,340,7402,2
19868,340,1937,2
19869,340,729,1
19870,340,2463,1
19871,340,664,1
19872,340,1001,1
19873,340,1625,1
19874,7570,341,5
19875,1002,341,3
19876,1122,341,2
19877,447,341,2
19878,2461,341,1
19879,850,341,1
19880,568,341,1
19881,1938,341,1
19882,341,1002,3
19883,341,1122,2
19884,341,7570,2
19885,341,447,2
19886,341,568,2
19887,341,2461,1
19888,341,850,1
19889,341,1224,1
19890,341,1938,1
19891,1680,342,10
19892,2044,342,2
19893,447,342,2
19894,3205,342,1
19895,663,342,1
19896,920,342,1
19897,342,1680,2
19898,342,2044,2
19899,342,663,2
19900,342,920,2
19901,342,447,2
19902,342,3205,1
19903,855,343,9
19904,1251,343,8
19905,918,343,2
19906,1991,343,2
19907,720,343,1
19908,343,855,9
19909,343,918,2
19910,343,1251,2
19911,343,1991,2
19912,343,1012,1
19913,343,720,1
19914,788,344,10
19915,406,344,2
19916,677,344,1
19917,480,344,1
19918,1106,344,1
19919,344,788,10
19920,344,480,10
19921,344,677,1
19922,344,1106,1
19923,345,463,10
19924,345,1744,1
19925,7565,346,2
19926,942,346,1
19927,346,942,3
19928,346,7565,2
19929,346,2816,1
19930,7577,347,2
19931,1458,347,2
19932,485,347,2
19933,1749,347,1
19934,939,347,1
19935,409,347,1
19936,1488,347,1
19937,798,347,1
19938,347,7577,2
19939,347,485,2
19940,347,1749,1
19941,347,939,1
19942,347,409,1
19943,347,1458,1
19944,347,1488,1
19945,347,798,1
19946,694,348,2
19947,2407,348,1
19948,787,348,1
19949,557,348,1
19950,348,626,3
19951,348,1707,3
19952,348,694,2
19953,348,2407,1
19954,348,787,1
19955,348,557,1
19956,495,349,5
19957,1159,349,1
19958,349,495,5
19959,349,1159,1
19960,360,350,2
19961,1022,350,2
19962,7397,350,2
19963,3007,350,1
19964,696,350,1
19965,801,350,1
19966,1740,350,1
19967,635,350,1
19968,350,1022,2
19969,350,3007,1
19970,350,696,1
19971,350,1321,1
19972,350,360,1
19973,350,801,1
19974,350,1941,1
19975,350,1740,1
19976,350,635,1
19977,350,7397,1
19978,1893,351,1
19979,7560,351,1
19980,432,351,1
19981,1594,351,1
19982,759,351,1
19983,351,432,2
19984,351,1893,1
19985,351,1594,1
19986,351,1924,1
19987,351,759,1
19988,2336,352,2
19989,7386,352,1
19990,1895,352,1
19991,352,1895,1
19992,443,353,2
19993,505,353,2
19994,1101,353,1
19995,472,353,1
19996,1916,353,1
19997,438,353,1
19998,1078,353,1
19999,1212,353,1
20000,5342,353,-3
20001,353,1102,2
20002,353,1101,2
20003,353,996,2
20004,353,505,2
20005,353,1916,1
20006,353,443,1
20007,353,438,1
20008,353,532,1
20009,353,379,1
20010,353,1212,1
20011,7564,354,10
20012,1402,354,1
20013,354,440,6
20014,354,1402,1
20015,354,7564,-4
20016,473,355,2
20017,2512,355,1
20018,444,355,1
20019,355,473,2
20020,355,2512,1
20021,355,444,1
20022,466,356,5
20023,405,356,2
20024,743,356,1
20025,7372,356,1
20026,539,356,1
20027,1415,356,1
20028,468,356,1
20029,1101,356,1
20030,356,624,10
20031,356,405,10
20032,356,466,5
20033,356,743,1
20034,356,7564,1
20035,356,7372,1
20036,356,539,1
20037,356,1415,1
20038,356,468,1
20039,356,1101,1
20040,782,357,10
20041,7603,357,3
20042,474,357,2
20043,1472,357,1
20044,1133,357,1
20045,445,357,1
20046,661,357,1
20047,478,357,1
20048,5342,357,-3
20049,357,782,10
20050,357,7603,3
20051,357,474,2
20052,357,445,2
20053,357,1472,1
20054,357,1133,1
20055,357,661,1
20056,357,478,1
20057,2336,358,1
20058,1438,358,1
20059,498,358,-1
20060,358,2015,2
20061,358,1438,1
20062,358,7604,-10
20063,358,7603,-10
20064,2062,359,3
20065,2060,359,3
20066,2617,359,2
20067,2061,359,2
20068,2616,359,2
20069,2059,359,2
20070,2058,359,2
20071,2057,359,2
20072,2056,359,2
20073,2055,359,2
20074,7498,359,1
20075,359,2062,2
20076,359,2061,2
20077,359,2060,2
20078,359,2059,2
20079,359,2058,2
20080,359,2057,2
20081,359,2056,2
20082,359,2055,2
20083,359,7498,2
20084,359,2617,1
20085,359,2616,1
20086,954,360,2
20087,491,360,1
20088,876,360,1
20089,1038,360,1
20090,2189,360,1
20091,1139,360,1
20092,360,491,2
20093,360,876,1
20094,360,1038,1
20095,360,2189,1
20096,360,1139,1
20097,360,7388,-1
20098,360,7603,-5
20099,360,7604,-10
20100,371,361,2
20101,3012,361,1
20102,361,3012,1
20103,361,1753,1
20104,361,371,1
20105,1181,362,3
20106,961,362,2
20107,708,362,1
20108,1830,362,1
20109,490,362,1
20110,2852,362,1
20111,2192,362,-3
20112,362,961,2
20113,362,490,1
20114,362,2852,1
20115,377,363,10
20116,399,363,10
20117,432,363,2
20118,363,377,10
20119,363,399,10
20120,363,432,2
20121,374,364,8
20122,465,364,5
20123,559,364,5
20124,364,374,8
20125,364,465,5
20126,364,698,5
20127,364,559,5
20128,541,365,2
20129,2096,365,1
20130,408,365,1
20131,1969,365,1
20132,713,365,1
20133,717,365,1
20134,612,365,1
20135,365,541,2
20136,365,2096,1
20137,365,408,1
20138,365,1969,1
20139,365,713,1
20140,365,717,1
20141,365,612,1
20142,613,366,2
20143,1693,366,1
20144,1638,366,1
20145,403,366,1
20146,655,366,1
20147,366,613,2
20148,366,1693,1
20149,366,1638,1
20150,366,403,1
20151,366,655,1
20152,368,367,10
20153,7587,367,2
20154,1648,367,1
20155,383,367,1
20156,1638,367,1
20157,367,368,10
20158,367,1648,1
20159,367,383,1
20160,367,1638,1
20161,367,7587,-10
20162,1243,368,2
20163,2668,368,1
20164,863,368,1
20165,1404,368,1
20166,1001,368,1
20167,382,368,1
20168,368,1243,2
20169,368,382,2
20170,368,2668,1
20171,368,1404,1
20172,368,1001,1
20173,949,369,6
20174,887,369,3
20175,2042,369,2
20176,2034,369,2
20177,675,369,1
20178,369,2034,2
20179,369,2042,2
20180,369,675,1
20181,369,7604,-10
20182,798,370,2
20183,1488,370,1
20184,370,798,2
20185,370,1488,1
20186,523,371,2
20187,1536,371,1
20188,1173,371,1
20189,622,371,1
20190,798,371,1
20191,1272,371,1
20192,371,417,1
20193,371,523,1
20194,371,1173,1
20195,371,622,1
20196,371,798,1
20197,371,1272,1
20198,371,672,1
20199,892,372,5
20200,462,372,1
20201,1376,372,1
20202,3257,372,1
20203,2371,372,1
20204,372,892,4
20205,372,462,1
20206,372,1376,1
20207,372,3257,1
20208,372,2371,1
20209,3146,373,1
20210,1060,373,1
20211,1349,373,1
20212,752,373,1
20213,656,373,1
20214,2281,373,1
20215,395,373,1
20216,373,3146,1
20217,373,1060,1
20218,373,752,1
20219,373,656,1
20220,373,2281,1
20221,373,3069,1
20222,373,395,1
20223,373,7338,-1
20224,465,374,5
20225,559,374,5
20226,378,374,5
20227,824,374,1
20228,7390,374,1
20229,2336,374,-3
20230,374,400,8
20231,374,378,8
20232,374,560,5
20233,374,559,5
20234,374,7390,1
20235,604,375,1
20236,824,375,1
20237,603,375,1
20238,900,375,1
20239,1386,375,1
20240,375,605,1
20241,375,3424,1
20242,375,498,1
20243,375,3399,1
20244,375,651,1
20245,375,604,1
20246,375,1390,1
20247,375,2336,1
20248,375,603,1
20249,375,900,1
20250,375,7578,-10
20251,375,7591,-10
20252,2409,376,3
20253,7335,376,2
20254,464,376,1
20255,824,376,1
20256,1386,376,1
20257,398,376,1
20258,376,7335,3
20259,376,2409,2
20260,376,7560,1
20261,376,464,1
20262,376,3128,1
20263,376,824,1
20264,376,398,1
20265,399,377,10
20266,3413,377,1
20267,377,399,10
20268,377,3413,1
20269,400,378,5
20270,378,400,5
20271,1209,379,3
20272,389,379,1
20273,1230,379,1
20274,466,379,1
20275,379,1209,2
20276,379,1230,1
20277,379,466,1
20278,676,380,2
20279,668,380,1
20280,777,380,1
20281,380,676,2
20282,380,668,1
20283,380,777,1
20284,491,381,2
20285,392,381,2
20286,551,381,1
20287,1351,381,1
20288,381,551,5
20289,1002,382,2
20290,777,382,1
20291,1004,382,1
20292,918,382,1
20293,424,382,1
20294,654,382,1
20295,7589,382,1
20296,422,382,1
20297,382,777,1
20298,382,1004,1
20299,382,1002,1
20300,382,424,1
20301,382,422,1
20302,382,7589,-6
20303,7564,383,3
20304,580,383,1
20305,617,383,1
20306,2547,383,1
20307,715,383,1
20308,1647,383,1
20309,5342,383,-3
20310,383,7564,3
20311,383,580,1
20312,383,617,1
20313,383,2547,1
20314,383,715,1
20315,383,1647,1
20316,679,384,10
20317,866,384,2
20318,7375,384,1
20319,541,384,1
20320,1688,384,1
20321,2481,384,1
20322,384,679,10
20323,384,866,1
20324,384,541,1
20325,1691,385,5
20326,1114,385,3
20327,7564,385,3
20328,926,385,3
20329,613,385,2
20330,2008,385,1
20331,7570,385,1
20332,385,1114,3
20333,385,926,3
20334,385,7564,3
20335,385,613,2
20336,385,2008,1
20337,385,7570,-10
20338,732,386,2
20339,495,386,1
20340,462,386,1
20341,7564,386,1
20342,386,732,2
20343,386,495,1
20344,386,462,1
20345,386,7564,-10
20346,1121,387,5
20347,2599,387,1
20348,387,1121,5
20349,828,388,10
20350,491,388,1
20351,388,491,1
20352,1077,389,1
20353,491,389,1
20354,2998,389,1
20355,2219,389,1
20356,2123,389,1
20357,630,389,1
20358,389,439,2
20359,389,7400,2
20360,389,1077,1
20361,389,2998,1
20362,389,2219,1
20363,389,491,1
20364,389,2123,1
20365,389,469,1
20366,389,630,1
20367,452,391,1
20368,391,452,1
20369,491,392,4
20370,1161,392,3
20371,1508,392,1
20372,392,491,3
20373,392,1161,3
20374,392,1508,1
20375,7565,393,5
20376,7410,393,2
20377,7333,393,1
20378,2890,393,1
20379,2949,393,1
20380,1774,393,1
20381,7389,393,1
20382,2212,393,1
20383,2929,393,1
20384,452,393,1
20385,393,7565,5
20386,393,2890,1
20387,393,2949,1
20388,393,1774,1
20389,393,7389,1
20390,393,2212,1
20391,393,2929,1
20392,393,452,1
20393,393,7333,-1
20394,393,7410,-1
20395,5342,394,3
20396,7412,395,1
20397,2310,395,1
20398,1540,395,1
20399,962,395,1
20400,1166,395,1
20401,395,7412,1
20402,395,2310,1
20403,395,1540,1
20404,395,962,1
20405,395,1166,1
20406,702,397,3
20407,1060,397,2
20408,666,397,1
20409,1156,397,1
20410,707,397,1
20411,1877,397,1
20412,1196,397,1
20413,397,1196,5
20414,397,702,3
20415,397,666,1
20416,397,1156,1
20417,397,707,1
20418,397,1877,1
20419,397,1060,1
20420,416,398,2
20421,1379,398,1
20422,706,398,1
20423,3359,398,1
20424,720,398,1
20425,398,416,2
20426,398,899,1
20427,398,1379,1
20428,398,706,1
20429,398,3359,1
20430,398,720,1
20431,498,400,1
20432,2336,400,-2
20433,2974,401,1
20434,715,401,1
20435,1666,401,1
20436,660,401,1
20437,401,2974,1
20438,401,715,1
20439,401,1666,1
20440,401,660,1
20441,401,1611,1
20442,610,402,2
20443,991,402,2
20444,438,402,2
20445,1115,402,2
20446,744,402,1
20447,402,438,4
20448,402,991,2
20449,402,1115,2
20450,402,744,1
20451,402,483,1
20452,402,610,1
20453,701,403,2
20454,939,403,1
20455,1695,403,1
20456,1001,403,1
20457,935,403,1
20458,1992,403,1
20459,1430,403,1
20460,511,403,1
20461,851,403,1
20462,714,403,1
20463,1159,403,-1
20464,403,939,1
20465,403,2699,1
20466,403,1695,1
20467,403,1001,1
20468,403,935,1
20469,403,1992,1
20470,403,1430,1
20471,403,406,1
20472,403,511,1
20473,403,851,1
20474,403,714,1
20475,2648,404,1
20476,785,404,1
20477,620,404,1
20478,909,404,1
20479,424,404,1
20480,444,404,1
20481,1959,404,1
20482,2506,404,1
20483,473,404,1
20484,1956,404,1
20485,661,404,1
20486,1628,404,1
20487,404,661,2
20488,404,2648,1
20489,404,785,1
20490,404,620,1
20491,404,909,1
20492,404,444,1
20493,404,1959,1
20494,404,2506,1
20495,404,473,1
20496,404,1956,1
20497,404,424,1
20498,404,1628,1
20499,909,405,2
20500,468,405,1
20501,507,405,1
20502,569,405,1
20503,531,405,1
20504,444,405,1
20505,405,909,2
20506,405,468,1
20507,405,507,1
20508,405,569,1
20509,405,531,1
20510,405,444,1
20511,7564,406,3
20512,1111,406,2
20513,721,406,1
20514,2622,406,1
20515,536,406,1
20516,5342,406,-3
20517,406,7564,4
20518,406,721,2
20519,406,2036,2
20520,406,1111,2
20521,406,2622,1
20522,406,536,1
20523,6014,407,10
20524,1450,407,1
20525,7564,408,4
20526,1453,408,1
20527,542,408,1
20528,986,408,1
20529,467,408,1
20530,622,408,1
20531,619,408,1
20532,408,7564,4
20533,408,1453,1
20534,408,542,1
20535,408,986,1
20536,408,467,1
20537,408,622,1
20538,408,619,1
20539,2832,409,5
20540,1481,409,3
20541,2164,409,2
20542,2130,409,2
20543,2169,409,1
20544,1287,409,1
20545,1128,409,1
20546,1970,409,1
20547,7603,409,1
20548,409,797,10
20549,409,2164,2
20550,409,1481,2
20551,409,2130,2
20552,409,2169,1
20553,409,2835,1
20554,409,1287,1
20555,409,2832,1
20556,409,1128,1
20557,409,1970,1
20558,409,7603,1
20559,409,2138,1
20560,633,410,6
20561,1027,410,5
20562,800,410,2
20563,2208,410,1
20564,742,410,1
20565,2938,410,1
20566,2157,410,1
20567,486,410,1
20568,410,742,5
20569,410,633,5
20570,410,1027,5
20571,410,486,5
20572,410,800,2
20573,410,2208,1
20574,410,2938,1
20575,410,2157,1
20576,2956,411,1
20577,7588,411,1
20578,411,2956,1
20579,411,7588,1
20580,5342,412,2
20581,417,412,1
20582,3337,412,1
20583,496,412,1
20584,1380,412,1
20585,759,412,1
20586,1853,412,1
20587,7550,412,1
20588,412,5342,3
20589,412,417,1
20590,412,496,1
20591,412,1380,1
20592,412,759,1
20593,412,975,1
20594,412,1853,1
20595,412,7550,1
20596,412,1307,1
20597,412,716,-10
20598,1372,413,2
20599,1857,413,2
20600,890,413,1
20601,572,413,1
20602,413,1857,2
20603,413,1372,1
20604,413,1155,1
20605,413,890,1
20606,413,572,1
20607,828,414,10
20608,545,415,10
20609,829,415,8
20610,3324,415,1
20611,7558,415,1
20612,415,829,10
20613,415,545,3
20614,415,3324,1
20615,415,7558,1
20616,898,416,7
20617,1071,416,4
20618,432,416,1
20619,490,416,1
20620,416,898,7
20621,416,1071,4
20622,416,432,2
20623,416,490,1
20624,1199,417,3
20625,520,417,2
20626,1582,417,1
20627,417,901,9
20628,417,520,3
20629,417,1199,3
20630,417,1582,1
20631,417,7591,-5
20632,417,754,-10
20633,417,7512,-10
20634,771,419,2
20635,774,419,1
20636,1927,419,1
20637,990,419,1
20638,655,419,1
20639,531,419,1
20640,987,419,1
20641,1214,419,1
20642,606,419,1
20643,419,774,1
20644,419,1927,1
20645,419,990,1
20646,419,655,1
20647,419,531,1
20648,419,771,1
20649,419,987,1
20650,419,1214,1
20651,419,606,1
20652,1611,420,5
20653,1926,420,2
20654,772,420,2
20655,1456,421,5
20656,529,421,1
20657,421,529,1
20658,536,422,3
20659,851,422,1
20660,507,422,1
20661,1419,422,1
20662,1920,422,1
20663,467,422,1
20664,535,422,1
20665,422,536,2
20666,422,1419,2
20667,422,535,2
20668,422,507,1
20669,422,1920,1
20670,422,467,1
20671,1718,423,2
20672,1659,423,1
20673,1108,423,1
20674,423,1277,2
20675,423,1718,2
20676,423,1108,2
20677,423,1659,1
20678,1379,424,3
20679,638,424,1
20680,2188,424,1
20681,1030,424,1
20682,1437,424,1
20683,537,424,1
20684,424,638,1
20685,424,2188,1
20686,424,1138,1
20687,424,1030,1
20688,424,1437,1
20689,424,537,1
20690,424,645,-10
20691,468,425,10
20692,7570,425,8
20693,425,468,10
20694,425,7570,-10
20695,515,426,10
20696,933,426,1
20697,2555,426,1
20698,7518,426,1
20699,7374,426,1
20700,426,515,10
20701,426,2555,1
20702,426,7518,1
20703,426,7374,1
20704,1189,427,4
20705,462,427,1
20706,1509,427,1
20707,1777,427,1
20708,427,1189,4
20709,427,1509,1
20710,427,1777,1
20711,7588,428,5
20712,428,7600,-10
20713,831,430,10
20714,817,430,5
20715,1055,430,5
20716,7595,430,1
20717,430,831,10
20718,430,817,5
20719,430,1055,5
20720,430,7595,2
20721,430,7509,-2
20722,861,431,6
20723,610,431,2
20724,1549,431,2
20725,2340,431,1
20726,3201,431,1
20727,1552,431,1
20728,7398,431,-5
20729,431,861,9
20730,431,1552,3
20731,431,610,2
20732,431,1549,2
20733,431,2340,1
20734,431,3201,1
20735,431,493,-10
20736,1887,432,2
20737,637,432,2
20738,604,432,1
20739,1772,432,1
20740,1195,432,1
20741,3301,432,1
20742,1822,432,1
20743,896,432,1
20744,3254,432,1
20745,432,1887,2
20746,432,637,2
20747,432,604,1
20748,432,1772,1
20749,432,1195,1
20750,432,1793,1
20751,432,3301,1
20752,432,1822,1
20753,432,896,1
20754,432,3254,1
20755,1063,433,2
20756,572,433,1
20757,2369,433,1
20758,3254,433,1
20759,2370,433,1
20760,890,433,1
20761,751,433,1
20762,7541,433,1
20763,433,1063,2
20764,433,572,1
20765,433,2369,1
20766,433,3254,1
20767,433,2370,1
20768,433,890,1
20769,433,751,1
20770,433,7595,-1
20771,433,7541,-10
20772,2421,434,8
20773,1821,434,3
20774,1278,434,2
20775,435,434,2
20776,460,434,1
20777,434,2421,2
20778,434,1278,2
20779,434,460,1
20780,2261,435,1
20781,1855,435,1
20782,627,435,1
20783,1190,435,1
20784,435,1855,1
20785,435,2368,1
20786,435,627,1
20787,435,1190,1
20788,435,1825,1
20789,501,436,9
20790,937,436,3
20791,1419,436,1
20792,768,436,1
20793,436,1419,1
20794,436,7437,-10
20795,472,437,4
20796,2014,437,1
20797,720,437,1
20798,669,437,1
20799,437,472,3
20800,437,2014,1
20801,437,720,1
20802,437,1979,1
20803,437,669,1
20804,521,438,3
20805,505,438,1
20806,438,521,1
20807,438,505,1
20808,438,439,1
20809,438,5140,-1
20810,625,439,3
20811,1044,439,2
20812,994,439,1
20813,1402,439,1
20814,439,625,3
20815,439,1044,2
20816,439,994,1
20817,439,1402,1
20818,514,440,3
20819,440,514,4
20820,1238,441,5
20821,775,441,3
20822,514,441,1
20823,721,441,1
20824,1237,441,1
20825,2501,441,1
20826,1613,441,1
20827,441,1238,5
20828,441,775,3
20829,441,721,1
20830,441,1237,1
20831,441,2501,1
20832,441,1613,1
20833,537,442,2
20834,1106,442,1
20835,2500,442,1
20836,1630,442,1
20837,1947,442,1
20838,851,442,1
20839,442,1637,3
20840,442,1218,2
20841,442,537,2
20842,442,1106,1
20843,442,2500,1
20844,442,1630,1
20845,442,1947,1
20846,442,851,1
20847,442,7402,-10
20848,442,7511,-10
20849,7564,443,3
20850,491,443,1
20851,2491,443,1
20852,824,443,-1
20853,443,517,2
20854,443,2491,1
20855,443,2496,1
20856,443,7387,-1
20857,443,7564,-10
20858,927,444,4
20859,1014,444,3
20860,784,444,3
20861,1683,444,2
20862,2048,444,1
20863,851,444,1
20864,563,444,1
20865,1630,444,1
20866,508,444,1
20867,566,444,1
20868,3172,444,-5
20869,444,1014,3
20870,444,927,3
20871,444,1928,1
20872,444,2048,1
20873,444,851,1
20874,444,563,1
20875,444,1630,1
20876,444,508,1
20877,444,566,1
20878,444,7589,1
20879,444,7524,-10
20880,446,445,10
20881,1625,445,1
20882,445,446,10
20883,445,7564,1
20884,445,1625,1
20885,768,446,1
20886,446,768,1
20887,732,447,3
20888,999,447,3
20889,1120,447,2
20890,1971,447,1
20891,5342,447,-5
20892,447,732,3
20893,447,999,3
20894,447,1120,2
20895,447,1971,1
20896,1265,448,5
20897,1007,448,5
20898,923,448,3
20899,1962,448,2
20900,1103,448,2
20901,448,1265,5
20902,448,1007,5
20903,448,923,4
20904,448,1103,2
20905,448,1962,1
20906,7587,449,2
20907,1004,449,1
20908,670,449,1
20909,449,1004,1
20910,449,670,1
20911,449,7587,-10
20912,1246,450,5
20913,7564,450,3
20914,450,7564,3
20915,598,451,2
20916,695,451,1
20917,555,451,1
20918,5342,451,1
20919,451,598,2
20920,451,695,1
20921,451,555,1
20922,693,452,3
20923,7565,452,2
20924,689,452,1
20925,1328,452,1
20926,7603,452,1
20927,452,7565,2
20928,452,689,1
20929,452,693,1
20930,452,1328,1
20931,452,7603,1
20932,950,453,10
20933,876,453,1
20934,519,453,1
20935,453,950,8
20936,453,876,1
20937,453,519,1
20938,603,454,2
20939,1592,454,1
20940,1068,454,1
20941,754,454,1
20942,1149,454,1
20943,454,603,5
20944,454,1592,1
20945,454,1068,1
20946,454,754,1
20947,454,1149,1
20948,454,7552,-1
20949,690,455,5
20950,954,455,1
20951,636,455,1
20952,455,690,5
20953,455,5342,1
20954,455,636,1
20955,3035,456,8
20956,1826,456,1
20957,1335,456,1
20958,1154,456,1
20959,2979,456,1
20960,456,1826,1
20961,456,1335,1
20962,456,1154,1
20963,456,2979,1
20964,1854,457,2
20965,3133,457,2
20966,2395,457,1
20967,2297,457,1
20968,457,3133,2
20969,457,1854,2
20970,457,2395,1
20971,457,2297,1
20972,525,458,10
20973,974,458,1
20974,7595,458,1
20975,458,525,1
20976,458,974,1
20977,1199,459,5
20978,617,459,2
20979,1886,459,1
20980,1884,459,1
20981,1066,459,1
20982,459,617,2
20983,459,1066,2
20984,459,1886,1
20985,459,1884,1
20986,1544,460,2
20987,705,460,2
20988,512,460,1
20989,769,460,1
20990,1855,460,1
20991,1129,460,1
20992,1366,460,1
20993,1559,460,1
20994,460,705,2
20995,460,769,1
20996,460,512,1
20997,460,1855,1
20998,460,1129,1
20999,460,1366,1
21000,460,1559,1
21001,7419,461,8
21002,601,462,2
21003,3326,462,1
21004,1379,462,1
21005,1878,462,1
21006,462,601,2
21007,462,3326,1
21008,462,1878,1
21009,666,463,2
21010,585,463,2
21011,463,585,2
21012,463,666,1
21013,463,580,1
21014,985,464,8
21015,497,464,5
21016,464,985,8
21017,464,497,5
21018,464,1898,3
21019,652,465,8
21020,559,465,5
21021,465,652,8
21022,465,560,5
21023,465,559,5
21024,658,466,1
21025,654,466,1
21026,466,658,1
21027,466,654,1
21028,2538,467,2
21029,2537,467,1
21030,467,2538,1
21031,467,2537,1
21032,467,701,-10
21033,502,468,2
21034,468,502,2
21035,468,7552,1
21036,906,469,-1
21037,2336,469,-9
21038,1227,470,8
21039,2546,470,1
21040,470,2546,1
21041,1652,472,2
21042,1235,472,2
21043,2480,472,1
21044,472,1652,2
21045,472,1235,2
21046,472,2480,1
21047,986,473,2
21048,999,473,1
21049,998,473,1
21050,473,986,1
21051,473,999,1
21052,473,998,1
21053,745,474,2
21054,2901,474,2
21055,1912,474,2
21056,475,474,2
21057,7394,474,1
21058,2937,474,1
21059,669,474,1
21060,474,745,2
21061,474,1912,2
21062,474,475,2
21063,474,7394,1
21064,474,2937,1
21065,474,2901,1
21066,474,669,1
21067,474,7603,-10
21068,7406,475,2
21069,1627,475,1
21070,1980,475,1
21071,475,7406,3
21072,475,1980,2
21073,475,724,1
21074,475,1627,1
21075,2082,476,4
21076,927,476,2
21077,2569,476,2
21078,2031,476,1
21079,2567,476,1
21080,1660,476,1
21081,1111,476,1
21082,476,927,2
21083,476,2082,1
21084,476,2031,1
21085,476,2567,1
21086,476,2569,1
21087,476,1660,1
21088,476,1111,1
21089,867,477,8
21090,577,477,3
21091,608,477,1
21092,1640,477,1
21093,1662,477,1
21094,477,867,8
21095,477,577,3
21096,477,608,3
21097,477,1640,1
21098,477,1662,1
21099,988,478,3
21100,7564,478,2
21101,1249,478,1
21102,2603,478,1
21103,1675,478,1
21104,858,478,1
21105,2560,478,1
21106,1431,478,1
21107,920,478,1
21108,5342,478,-3
21109,478,7564,2
21110,478,988,2
21111,478,1249,1
21112,478,2603,1
21113,478,1675,1
21114,478,858,1
21115,478,2560,1
21116,478,920,1
21117,478,1431,1
21118,1699,479,3
21119,7564,479,3
21120,479,1699,3
21121,479,7564,3
21122,7564,480,2
21123,1117,480,1
21124,7533,480,1
21125,2065,480,1
21126,2038,480,1
21127,480,7564,3
21128,480,1117,1
21129,480,2065,1
21130,480,2038,1
21131,480,1107,1
21132,480,7533,-10
21133,628,481,10
21134,1273,481,2
21135,481,628,2
21136,481,1273,2
21137,7389,482,1
21138,7603,482,1
21139,482,7603,2
21140,482,7389,1
21141,2994,483,1
21142,483,2994,1
21143,1568,484,1
21144,1059,484,1
21145,484,526,1
21146,484,1568,1
21147,484,1059,1
21148,484,1322,-2
21149,485,7331,-1
21150,635,486,5
21151,2223,486,1
21152,486,635,5
21153,486,2223,1
21154,798,487,2
21155,7512,487,1
21156,687,487,1
21157,487,798,2
21158,487,7512,1
21159,487,687,1
21160,1565,488,8
21161,597,488,1
21162,705,488,1
21163,491,488,1
21164,488,1565,4
21165,488,972,1
21166,488,597,1
21167,488,705,1
21168,488,1321,1
21169,488,491,1
21170,1507,490,3
21171,1541,490,1
21172,650,490,1
21173,490,1507,3
21174,490,1541,1
21175,490,650,1
21176,1221,491,2
21177,520,491,2
21178,1514,491,2
21179,2233,491,2
21180,1039,491,2
21181,839,491,2
21182,876,491,1
21183,801,491,1
21184,824,491,-2
21185,7518,491,-2
21186,2336,491,-3
21187,1147,491,-3
21188,491,7415,3
21189,491,520,3
21190,491,684,2
21191,491,1321,2
21192,491,1221,2
21193,491,1752,2
21194,491,1514,2
21195,491,2233,2
21196,491,839,2
21197,491,1622,1
21198,491,1351,1
21199,491,1388,1
21200,491,7580,1
21201,491,7552,1
21202,491,876,1
21203,491,1039,1
21204,491,801,1
21205,491,824,-1
21206,491,2336,-2
21207,491,7602,-10
21208,491,7601,-10
21209,491,7599,-10
21210,491,7598,-10
21211,491,7604,-10
21212,491,7518,-10
21213,491,7603,-10
21214,525,493,10
21215,617,493,2
21216,1538,493,2
21217,752,493,1
21218,493,525,1
21219,493,1538,1
21220,493,752,1
21221,1421,494,3
21222,1860,494,3
21223,557,494,1
21224,666,494,1
21225,494,1421,2
21226,494,557,1
21227,494,1860,1
21228,758,495,5
21229,1377,495,1
21230,495,758,5
21231,495,1377,2
21232,7558,496,10
21233,3340,496,1
21234,3320,496,1
21235,496,3340,1
21236,496,3320,1
21237,496,7558,-1
21238,1178,497,7
21239,2336,498,3
21240,1074,498,1
21241,2293,498,1
21242,651,498,1
21243,708,498,-10
21244,498,2336,2
21245,498,1396,1
21246,498,7384,-1
21247,498,708,-1
21248,498,7560,-1
21249,1907,499,10
21250,605,499,3
21251,906,499,1
21252,499,1907,3
21253,499,2433,1
21254,499,605,1
21255,1425,500,1
21256,500,1425,1
21257,1102,501,2
21258,7375,501,1
21259,501,794,10
21260,501,1102,2
21261,533,502,3
21262,716,502,2
21263,502,7552,7
21264,502,716,4
21265,502,533,4
21266,1109,504,2
21267,2593,504,1
21268,608,504,1
21269,995,504,1
21270,504,1109,2
21271,504,2593,1
21272,504,608,1
21273,504,995,1
21274,669,505,3
21275,7603,505,1
21276,1432,505,1
21277,993,505,1
21278,7424,505,1
21279,505,669,2
21280,505,7603,1
21281,505,1432,1
21282,505,993,1
21283,505,7424,1
21284,7375,506,1
21285,506,7375,5
21286,566,507,3
21287,535,507,2
21288,583,507,1
21289,2104,507,1
21290,1985,507,1
21291,7371,507,1
21292,609,507,1
21293,5342,507,-3
21294,507,566,3
21295,507,535,2
21296,507,583,1
21297,507,2104,1
21298,507,1985,1
21299,507,7589,1
21300,507,7371,1
21301,507,609,1
21302,1957,508,1
21303,609,508,1
21304,508,1957,1
21305,508,609,1
21306,508,7589,-10
21307,2345,509,1
21308,1157,509,1
21309,878,509,1
21310,1000,509,1
21311,2548,509,1
21312,509,1000,5
21313,509,2345,2
21314,509,1157,1
21315,509,878,1
21316,509,2548,1
21317,510,1679,2
21318,2037,511,10
21319,568,511,1
21320,612,511,1
21321,511,2037,1
21322,511,568,1
21323,511,612,1
21324,798,513,1
21325,945,513,1
21326,2539,513,1
21327,1978,513,1
21328,513,1751,2
21329,513,798,1
21330,513,945,1
21331,513,2539,1
21332,513,1978,1
21333,1432,514,2
21334,2030,514,2
21335,2658,514,1
21336,2045,514,1
21337,1224,514,1
21338,514,2030,2
21339,514,2658,1
21340,514,2045,1
21341,514,1224,1
21342,514,1432,1
21343,2077,515,1
21344,619,515,1
21345,515,2077,1
21346,1291,516,10
21347,1136,516,1
21348,729,516,1
21349,5342,516,-3
21350,516,1291,5
21351,516,547,2
21352,516,729,1
21353,518,517,4
21354,517,7603,-10
21355,2191,518,1
21356,737,518,1
21357,1859,518,-10
21358,518,737,5
21359,518,2191,1
21360,745,519,2
21361,1164,519,1
21362,1288,519,1
21363,2899,519,1
21364,946,519,1
21365,519,745,2
21366,519,1164,1
21367,519,1288,1
21368,519,2899,1
21369,519,946,1
21370,2973,520,1
21371,520,2973,1
21372,754,522,3
21373,883,522,1
21374,1337,522,1
21375,5342,522,1
21376,1156,522,1
21377,522,883,1
21378,522,1337,1
21379,522,5342,1
21380,522,1156,1
21381,523,1341,4
21382,819,525,10
21383,644,525,1
21384,525,644,10
21385,525,819,10
21386,7591,526,2
21387,904,526,1
21388,526,7591,2
21389,526,3216,1
21390,526,904,1
21391,526,1826,-1
21392,6792,527,10
21393,1584,527,7
21394,527,1584,5
21395,527,6792,1
21396,7591,528,4
21397,1586,528,1
21398,528,7591,4
21399,528,1586,1
21400,677,529,3
21401,1154,529,2
21402,2316,529,1
21403,747,529,1
21404,1221,529,1
21405,1210,529,1
21406,2529,529,1
21407,992,529,1
21408,529,677,3
21409,529,2316,2
21410,529,1154,2
21411,529,747,1
21412,529,1221,1
21413,529,1210,1
21414,529,2529,1
21415,529,992,1
21416,650,530,1
21417,1798,530,1
21418,530,650,1
21419,530,1798,1
21420,1633,531,2
21421,840,531,2
21422,1095,531,1
21423,774,531,1
21424,7327,531,1
21425,531,840,2
21426,531,1633,1
21427,531,1095,1
21428,531,774,1
21429,531,7327,1
21430,7400,532,10
21431,1119,532,1
21432,532,2665,1
21433,532,1119,1
21434,532,7400,1
21435,776,533,10
21436,533,776,10
21437,912,534,2
21438,2474,534,1
21439,2460,534,1
21440,534,912,2
21441,534,2859,1
21442,534,2474,1
21443,534,2460,1
21444,534,7582,-10
21445,912,535,1
21446,536,535,1
21447,654,535,1
21448,3516,535,1
21449,535,912,1
21450,535,536,1
21451,535,654,1
21452,535,3516,1
21453,7596,536,2
21454,668,536,2
21455,612,536,2
21456,2643,536,1
21457,1237,536,1
21458,1965,536,1
21459,538,536,1
21460,1623,536,1
21461,992,536,1
21462,7371,536,1
21463,3516,536,1
21464,5342,536,-3
21465,536,612,2
21466,536,2643,1
21467,536,2614,1
21468,536,668,1
21469,536,1237,1
21470,536,1965,1
21471,536,538,1
21472,536,1623,1
21473,536,992,1
21474,536,7371,1
21475,536,3516,1
21476,536,7596,-10
21477,1088,537,2
21478,537,1088,2
21479,726,538,10
21480,1241,538,2
21481,852,539,10
21482,1639,539,2
21483,854,539,1
21484,539,852,5
21485,539,1639,3
21486,539,854,1
21487,863,540,1
21488,2591,540,1
21489,986,540,1
21490,1659,540,1
21491,540,863,1
21492,540,2591,1
21493,540,986,1
21494,540,1659,1
21495,1262,541,4
21496,1627,541,2
21497,1122,541,2
21498,1260,541,2
21499,2026,541,2
21500,732,541,1
21501,1638,541,1
21502,2071,541,1
21503,2068,541,1
21504,911,541,1
21505,7519,541,-10
21506,541,1262,4
21507,541,1627,2
21508,541,1122,2
21509,541,1260,2
21510,541,2026,2
21511,541,732,1
21512,541,1638,1
21513,541,2071,1
21514,541,911,1
21515,541,7519,-10
21516,629,542,2
21517,2755,542,1
21518,1638,542,1
21519,1276,542,1
21520,542,2755,1
21521,542,1638,1
21522,542,1276,1
21523,542,629,1
21524,542,7557,-5
21525,792,543,1
21526,543,792,1
21527,7547,544,2
21528,563,544,1
21529,544,563,1
21530,544,7547,-1
21531,544,926,-5
21532,7603,546,2
21533,734,546,2
21534,7375,546,1
21535,546,7603,5
21536,546,734,2
21537,1294,547,4
21538,585,547,1
21539,1484,547,1
21540,777,547,1
21541,796,547,1
21542,1737,547,1
21543,2146,547,1
21544,547,1294,3
21545,547,585,1
21546,547,1484,1
21547,547,777,1
21548,547,796,1
21549,547,1737,1
21550,7603,548,2
21551,7595,548,1
21552,1157,548,1
21553,548,7603,5
21554,548,1349,1
21555,548,1157,1
21556,1379,549,1
21557,1579,549,1
21558,549,7603,2
21559,549,1579,1
21560,553,550,1
21561,2910,550,1
21562,550,553,1
21563,550,2910,1
21564,708,551,3
21565,1351,551,1
21566,551,708,3
21567,1513,552,4
21568,552,1311,4
21569,3252,553,1
21570,3249,553,1
21571,1561,553,1
21572,3243,553,1
21573,3153,553,1
21574,1543,553,1
21575,3090,553,1
21576,2231,553,1
21577,693,553,1
21578,553,3252,1
21579,553,3249,1
21580,553,1561,1
21581,553,3243,1
21582,553,3153,1
21583,553,1543,1
21584,553,3090,1
21585,553,2231,1
21586,553,1321,1
21587,553,693,1
21588,553,7603,-10
21589,600,554,10
21590,1523,554,1
21591,554,600,10
21592,1058,555,1
21593,762,555,-1
21594,555,1035,3
21595,559,652,5
21596,559,560,5
21597,2590,561,1
21598,561,1087,1
21599,561,2590,1
21600,1466,562,1
21601,562,780,3
21602,562,1466,1
21603,773,563,2
21604,7550,563,2
21605,1413,563,1
21606,563,773,2
21607,563,7550,2
21608,563,1413,1
21609,748,564,1
21610,1618,564,1
21611,7552,564,1
21612,564,1618,1
21613,564,7552,1
21614,564,655,1
21615,564,748,-10
21616,1088,565,1
21617,565,1088,1
21618,716,566,1
21619,911,566,1
21620,566,716,2
21621,566,911,1
21622,939,568,1
21623,925,568,1
21624,1633,568,1
21625,568,939,1
21626,568,925,1
21627,568,657,1
21628,568,1633,1
21629,584,569,10
21630,569,584,10
21631,863,570,1
21632,1249,570,1
21633,1101,570,1
21634,570,1249,2
21635,570,863,1
21636,570,1101,1
21637,1281,571,5
21638,780,571,5
21639,1474,571,2
21640,1103,571,1
21641,571,1281,5
21642,571,780,5
21643,571,1474,2
21644,571,1103,1
21645,859,573,5
21646,1001,573,1
21647,573,859,3
21648,573,1001,1
21649,7564,574,3
21650,857,574,2
21651,1628,574,1
21652,725,574,1
21653,669,574,1
21654,574,7564,5
21655,574,857,3
21656,574,725,1
21657,574,669,1
21658,616,575,3
21659,2040,575,2
21660,2039,575,2
21661,1435,575,2
21662,856,575,2
21663,849,575,1
21664,575,856,5
21665,575,849,3
21666,575,616,3
21667,575,2040,2
21668,575,2039,2
21669,575,1435,2
21670,579,576,9
21671,7564,576,3
21672,7550,576,1
21673,576,579,10
21674,576,7564,3
21675,576,7550,1
21676,614,577,10
21677,1693,577,1
21678,577,614,10
21679,577,1693,1
21680,577,7576,-5
21681,727,578,6
21682,860,578,1
21683,994,578,1
21684,578,727,6
21685,578,994,2
21686,578,860,1
21687,578,2027,1
21688,619,579,1
21689,671,579,1
21690,579,619,1
21691,579,671,1
21692,2705,580,1
21693,2681,580,1
21694,1001,580,1
21695,865,580,1
21696,580,2681,1
21697,580,2705,1
21698,580,1001,1
21699,580,865,1
21700,1691,582,10
21701,628,583,10
21702,583,628,1
21703,1268,584,2
21704,1716,584,1
21705,584,1268,2
21706,1859,585,1
21707,7410,585,1
21708,585,798,2
21709,585,1859,1
21710,585,7410,1
21711,585,7600,-5
21712,585,7604,-10
21713,592,586,1
21714,1283,586,1
21715,2753,586,1
21716,586,592,1
21717,586,1283,1
21718,586,2753,1
21719,1167,587,2
21720,3357,587,1
21721,614,587,1
21722,787,587,1
21723,7603,587,1
21724,587,3357,1
21725,587,1167,1
21726,587,614,1
21727,587,787,1
21728,587,7603,-1
21729,798,588,2
21730,1161,588,1
21731,796,588,1
21732,1740,588,1
21733,7603,588,1
21734,588,798,2
21735,588,7603,2
21736,588,796,1
21737,588,1740,1
21738,2154,589,5
21739,1736,589,1
21740,589,2154,2
21741,589,1736,1
21742,6878,590,10
21743,614,590,1
21744,590,6878,10
21745,590,614,2
21746,7565,591,2
21747,1802,591,1
21748,591,7565,2
21749,591,1802,1
21750,591,7528,-10
21751,1150,592,1
21752,592,1150,1
21753,1762,593,1
21754,635,593,1
21755,593,635,1
21756,593,7441,-9
21757,593,7397,-10
21758,1582,594,1
21759,1522,594,1
21760,594,1582,1
21761,594,1522,1
21762,880,595,9
21763,1032,595,2
21764,595,880,9
21765,595,1032,1
21766,645,596,1
21767,596,645,1
21768,812,597,2
21769,1862,597,2
21770,1848,597,2
21771,2354,597,1
21772,1533,597,1
21773,965,597,1
21774,1851,597,1
21775,597,812,2
21776,597,1862,2
21777,597,2354,1
21778,597,1533,1
21779,597,965,1
21780,597,1848,1
21781,597,1851,1
21782,673,598,3
21783,3258,598,1
21784,2318,598,1
21785,598,673,3
21786,598,3219,1
21787,598,3258,1
21788,598,2318,1
21789,598,5342,1
21790,1188,599,3
21791,1532,599,1
21792,2320,599,1
21793,1537,599,1
21794,599,1188,3
21795,599,2320,1
21796,599,1537,1
21797,7575,602,1
21798,702,602,1
21799,602,7575,1
21800,602,702,1
21801,1382,603,2
21802,1199,603,2
21803,7521,603,1
21804,1009,603,1
21805,603,1382,2
21806,603,7521,2
21807,603,1199,2
21808,603,1009,1
21809,603,7552,-10
21810,834,604,10
21811,1202,604,1
21812,604,834,10
21813,604,1202,1
21814,1202,605,2
21815,2336,605,2
21816,3410,605,1
21817,605,1554,2
21818,605,2336,2
21819,605,2431,1
21820,7569,606,10
21821,1601,606,1
21822,606,1601,1
21823,607,769,1
21824,921,608,5
21825,995,608,2
21826,608,921,5
21827,608,995,2
21828,1243,609,2
21829,1093,609,1
21830,1089,609,1
21831,609,1243,2
21832,609,1093,1
21833,609,1089,1
21834,641,610,2
21835,2009,610,1
21836,610,641,2
21837,665,611,5
21838,1104,611,2
21839,667,611,1
21840,780,611,1
21841,1962,611,1
21842,2517,611,1
21843,2505,611,1
21844,915,611,1
21845,611,665,2
21846,611,667,1
21847,611,780,1
21848,611,1962,1
21849,611,2517,1
21850,611,2505,1
21851,611,1104,1
21852,611,915,1
21853,676,612,3
21854,616,612,2
21855,1669,612,1
21856,1638,612,1
21857,612,676,3
21858,612,616,2
21859,612,1669,1
21860,612,1638,1
21861,876,613,1
21862,738,613,1
21863,613,876,1
21864,613,1337,1
21865,613,738,1
21866,647,614,3
21867,1166,614,3
21868,1882,614,2
21869,707,614,1
21870,2068,614,1
21871,1108,614,1
21872,7576,614,-10
21873,941,614,-10
21874,614,647,1
21875,614,1882,1
21876,614,707,1
21877,614,1166,1
21878,614,1108,1
21879,614,7571,-1
21880,614,7520,-1
21881,614,7576,-10
21882,614,941,-10
21883,7564,615,3
21884,2554,615,2
21885,718,615,1
21886,1441,615,1
21887,615,718,2
21888,615,7564,2
21889,615,2554,1
21890,615,1441,1
21891,1446,616,3
21892,671,616,2
21893,1008,616,1
21894,616,1446,2
21895,616,1008,2
21896,616,671,2
21897,620,617,5
21898,3134,617,1
21899,1638,617,1
21900,617,620,5
21901,617,1638,1
21902,723,618,10
21903,618,723,10
21904,1688,619,2
21905,7561,619,2
21906,1660,619,1
21907,1120,619,1
21908,862,619,1
21909,619,1688,2
21910,619,1660,1
21911,619,1120,1
21912,619,862,1
21913,619,7561,-10
21914,7596,620,3
21915,2009,620,2
21916,1117,620,1
21917,620,1117,1
21918,620,2009,1
21919,620,841,1
21920,620,7596,-10
21921,621,2843,1
21922,1018,622,1
21923,1269,622,1
21924,2640,622,1
21925,2645,622,1
21926,939,622,1
21927,1417,622,1
21928,622,1018,1
21929,622,1269,1
21930,622,2640,1
21931,622,2645,1
21932,622,939,1
21933,622,1417,1
21934,798,623,1
21935,7564,623,1
21936,623,798,1
21937,623,7564,1
21938,2646,624,1
21939,624,2646,1
21940,1469,625,1
21941,7552,625,1
21942,625,1469,4
21943,625,7552,1
21944,5660,627,2
21945,4017,627,2
21946,715,627,1
21947,627,4017,1
21948,627,715,1
21949,627,7549,-10
21950,789,628,10
21951,628,789,10
21952,940,629,1
21953,988,629,1
21954,657,629,1
21955,629,940,1
21956,629,2088,1
21957,629,657,1
21958,629,7564,-10
21959,793,630,2
21960,1710,630,1
21961,630,793,2
21962,630,1710,1
21963,2908,631,10
21964,1769,631,2
21965,3151,632,1
21966,632,1485,2
21967,632,3151,1
21968,2207,634,5
21969,634,1747,3
21970,634,2207,1
21971,2882,635,1
21972,635,941,1
21973,635,2882,1
21974,2913,636,10
21975,636,2913,1
21976,759,637,1
21977,637,759,1
21978,798,639,2
21979,7512,639,2
21980,687,639,1
21981,639,7512,2
21982,639,798,2
21983,639,687,1
21984,639,7593,-5
21985,2831,640,1
21986,640,2831,1
21987,3254,641,2
21988,2341,641,2
21989,973,641,1
21990,958,641,1
21991,2255,641,1
21992,762,641,-10
21993,641,973,2
21994,641,2341,2
21995,641,958,1
21996,641,1224,1
21997,641,2255,1
21998,641,762,-1
21999,2263,642,1
22000,1525,642,1
22001,642,2263,1
22002,642,1525,1
22003,5342,643,3
22004,3110,643,1
22005,643,5342,2
22006,643,3110,1
22007,3207,644,2
22008,7341,644,1
22009,644,7341,1
22010,644,3207,1
22011,3165,645,5
22012,754,645,1
22013,1838,645,1
22014,2343,645,1
22015,3160,645,1
22016,1060,645,1
22017,645,2343,2
22018,645,1060,2
22019,645,754,1
22020,645,1838,1
22021,645,3165,1
22022,645,3160,1
22023,7419,646,3
22024,1844,646,1
22025,646,1844,2
22026,647,2425,2
22027,647,7503,-1
22028,647,7532,-5
22029,647,7522,-5
22030,647,7523,-5
22031,647,7544,-5
22032,647,7545,-10
22033,3170,648,10
22034,821,648,1
22035,648,821,1
22036,648,3170,1
22037,1192,649,1
22038,1885,649,1
22039,650,649,1
22040,1197,649,1
22041,649,1192,1
22042,649,1885,1
22043,649,650,1
22044,649,1197,1
22045,7558,650,1
22046,7507,650,1
22047,1596,651,3
22048,651,2423,2
22049,651,1205,1
22050,651,1596,1
22051,651,984,1
22052,1074,653,1
22053,2041,654,1
22054,716,654,1
22055,718,654,1
22056,1918,654,1
22057,654,718,2
22058,654,2041,1
22059,654,716,1
22060,654,1918,1
22061,773,655,1
22062,655,773,1
22063,749,656,10
22064,1161,656,2
22065,812,656,1
22066,813,656,1
22067,7529,656,-10
22068,656,749,9
22069,656,1161,2
22070,656,937,1
22071,656,812,1
22072,656,7529,-10
22073,1694,657,1
22074,1924,657,1
22075,2452,657,1
22076,1644,657,1
22077,657,1694,1
22078,657,924,1
22079,657,1924,1
22080,657,2452,1
22081,657,1644,1
22082,7569,658,3
22083,658,7569,1
22084,2722,661,3
22085,1007,661,1
22086,1971,661,1
22087,661,1007,1
22088,661,1971,1
22089,661,2571,1
22090,1234,662,4
22091,662,1234,3
22092,2335,663,1
22093,1241,663,1
22094,2533,663,1
22095,663,820,10
22096,663,2335,1
22097,663,1241,1
22098,663,2533,1
22099,1279,664,1
22100,1276,664,1
22101,2704,664,1
22102,664,1279,1
22103,664,1276,1
22104,664,2704,1
22105,1474,665,3
22106,2100,665,3
22107,1103,665,1
22108,665,1474,2
22109,665,923,2
22110,665,2100,1
22111,665,1103,1
22112,704,666,1
22113,666,704,1
22114,2649,667,5
22115,780,667,1
22116,667,2649,1
22117,667,780,1
22118,926,668,1
22119,7373,668,1
22120,668,926,2
22121,668,7373,1
22122,2534,669,1
22123,669,2534,1
22124,7564,670,3
22125,670,7564,1
22126,1123,671,3
22127,862,671,2
22128,671,1123,3
22129,671,862,2
22130,3007,672,1
22131,3058,673,5
22132,673,1512,3
22133,673,875,3
22134,673,3058,1
22135,673,740,1
22136,1013,674,5
22137,7564,674,3
22138,674,1013,5
22139,674,7564,3
22140,7564,675,3
22141,1674,675,1
22142,675,7564,3
22143,1677,676,3
22144,1008,676,2
22145,925,676,1
22146,2592,676,1
22147,676,1677,3
22148,676,919,2
22149,676,1008,2
22150,676,925,1
22151,676,2592,1
22152,929,677,4
22153,914,677,2
22154,1008,677,1
22155,677,929,4
22156,677,914,2
22157,677,1008,1
22158,930,678,2
22159,1686,678,1
22160,2612,678,1
22161,2050,678,1
22162,678,930,2
22163,678,1686,1
22164,678,7327,1
22165,678,2612,1
22166,678,2050,1
22167,863,679,1
22168,679,863,1
22169,1018,680,1
22170,7564,680,1
22171,1472,680,1
22172,2112,680,1
22173,854,680,1
22174,5342,680,-3
22175,680,1018,1
22176,680,7564,1
22177,680,1472,1
22178,680,2112,1
22179,680,2094,1
22180,680,854,1
22181,7603,681,3
22182,2776,681,1
22183,2719,681,1
22184,681,7603,4
22185,681,2776,1
22186,681,2719,1
22187,681,7564,-10
22188,1720,682,1
22189,2722,682,1
22190,2721,682,1
22191,2109,682,1
22192,7499,682,1
22193,2108,682,1
22194,2715,682,1
22195,938,682,1
22196,732,682,1
22197,939,682,1
22198,1701,682,1
22199,682,1720,1
22200,682,2722,1
22201,682,2721,1
22202,682,2109,1
22203,682,7499,1
22204,682,2108,1
22205,682,2715,1
22206,682,938,1
22207,682,732,1
22208,682,939,1
22209,682,1701,1
22210,7565,683,1
22211,683,7565,3
22212,683,798,1
22213,7457,684,2
22214,948,685,8
22215,7603,685,1
22216,685,948,8
22217,685,7603,1
22218,798,686,1
22219,5342,686,-1
22220,686,5342,1
22221,686,798,-1
22222,7565,687,2
22223,7577,687,1
22224,687,7565,1
22225,687,7577,1
22226,687,7593,-10
22227,1026,688,10
22228,7594,688,-10
22229,7580,689,5
22230,1160,689,3
22231,801,689,2
22232,5342,689,-5
22233,689,1160,3
22234,689,801,2
22235,689,7580,2
22236,967,690,2
22237,1380,690,1
22238,690,967,2
22239,1367,691,10
22240,798,691,1
22241,691,1367,1
22242,691,798,1
22243,2225,692,10
22244,692,2225,10
22245,694,693,1
22246,693,694,1
22247,812,694,2
22248,7588,694,2
22249,2173,694,1
22250,694,812,2
22251,694,2173,1
22252,694,7588,-10
22253,803,695,2
22254,695,803,1
22255,2299,696,2
22256,696,2299,1
22257,800,700,2
22258,2265,700,1
22259,1527,700,1
22260,700,2265,2
22261,700,800,2
22262,700,1527,1
22263,7443,701,5
22264,890,701,3
22265,1556,701,2
22266,701,890,1
22267,701,1556,1
22268,701,7443,1
22269,707,702,1
22270,702,707,1
22271,7340,703,2
22272,7512,703,1
22273,703,7340,1
22274,703,7512,1
22275,1016,705,2
22276,1182,705,2
22277,1851,705,1
22278,3204,705,1
22279,812,705,1
22280,705,1182,3
22281,705,1559,2
22282,705,1851,1
22283,705,3204,1
22284,705,1016,1
22285,765,706,1
22286,706,765,1
22287,1045,707,1
22288,1195,707,1
22289,707,1045,1
22290,707,1195,1
22291,2325,708,1
22292,708,1890,1
22293,708,2325,1
22294,708,7382,-1
22295,708,7604,-10
22296,708,5679,-10
22297,708,7496,-10
22298,708,7489,-10
22299,708,7487,-10
22300,708,7495,-10
22301,708,7494,-10
22302,708,7493,-10
22303,708,7492,-10
22304,708,7491,-10
22305,708,7490,-10
22306,708,7486,-10
22307,708,7488,-10
22308,833,709,10
22309,709,833,10
22310,710,769,1
22311,1676,712,2
22312,744,712,1
22313,1923,712,1
22314,727,712,1
22315,3480,712,1
22316,712,744,3
22317,712,1923,1
22318,712,1676,1
22319,712,727,1
22320,1921,715,1
22321,922,715,1
22322,7438,715,1
22323,7552,715,1
22324,715,7552,2
22325,715,1921,1
22326,715,922,1
22327,715,7438,1
22328,1687,716,1
22329,2019,716,1
22330,1630,716,1
22331,913,716,1
22332,1089,716,1
22333,2495,716,1
22334,7371,716,1
22335,1220,716,1
22336,1606,716,1
22337,716,1687,3
22338,716,2019,1
22339,716,1630,1
22340,716,913,1
22341,716,1943,1
22342,716,1089,1
22343,716,2495,1
22344,716,7371,1
22345,716,1220,1
22346,716,1606,1
22347,1612,717,1
22348,2478,717,1
22349,1413,717,1
22350,717,1612,1
22351,717,2478,1
22352,717,1413,1
22353,720,718,1
22354,1974,718,1
22355,1931,718,1
22356,718,720,1
22357,718,1974,1
22358,1638,719,8
22359,719,1638,2
22360,7546,720,1
22361,720,1979,1
22362,720,7546,-1
22363,2579,725,1
22364,2007,725,1
22365,1661,725,1
22366,1113,725,1
22367,725,1661,1
22368,725,2007,1
22369,725,2579,1
22370,725,1113,1
22371,790,726,10
22372,726,790,10
22373,726,7564,10
22374,994,727,1
22375,727,994,1
22376,2615,728,5
22377,728,2615,1
22378,1656,729,1
22379,1711,729,1
22380,1468,729,1
22381,2087,729,1
22382,729,1656,1
22383,729,2087,1
22384,729,1711,1
22385,729,1468,1
22386,729,4311,-1
22387,1018,730,2
22388,866,730,2
22389,730,1018,3
22390,730,866,2
22391,7328,731,10
22392,1131,731,1
22393,731,7328,10
22394,731,1131,1
22395,2109,732,1
22396,1726,733,1
22397,733,1726,1
22398,1280,734,1
22399,734,1280,1
22400,7372,735,2
22401,2765,735,1
22402,2079,735,1
22403,735,7372,2
22404,735,2765,1
22405,735,2079,1
22406,1181,738,3
22407,2860,738,1
22408,946,738,1
22409,738,1181,3
22410,738,2860,1
22411,738,946,1
22412,1783,739,1
22413,1314,739,1
22414,1144,739,1
22415,2877,739,1
22416,1754,739,1
22417,739,1783,1
22418,739,1331,1
22419,739,1314,1
22420,739,1144,1
22421,739,2877,1
22422,739,1754,1
22423,3005,740,1
22424,740,3005,1
22425,740,7603,-10
22426,876,741,1
22427,2912,741,1
22428,741,876,1
22429,741,2912,1
22430,7410,743,1
22431,743,7410,1
22432,7427,747,1
22433,846,747,1
22434,1164,747,1
22435,1517,747,1
22436,747,7427,1
22437,747,846,1
22438,747,1164,1
22439,747,1517,1
22440,885,748,1
22441,1811,748,1
22442,3067,748,1
22443,813,748,-1
22444,748,885,1
22445,748,1811,1
22446,748,3067,1
22447,748,813,-4
22448,813,749,1
22449,749,813,1
22450,937,752,1
22451,752,937,1
22452,755,754,10
22453,1823,754,3
22454,812,754,1
22455,2332,754,1
22456,5342,754,1
22457,754,755,10
22458,754,1823,3
22459,754,812,1
22460,754,2332,1
22461,754,5342,1
22462,1183,756,6
22463,756,1183,6
22464,756,1543,3
22465,1844,757,2
22466,757,1844,1
22467,757,1187,1
22468,757,7509,1
22469,1377,758,2
22470,1871,759,5
22471,801,759,1
22472,894,759,1
22473,7597,759,1
22474,1065,759,1
22475,1160,759,1
22476,759,801,1
22477,759,894,1
22478,759,1871,1
22479,759,1065,1
22480,759,1160,1
22481,759,7597,-10
22482,978,760,10
22483,760,978,8
22484,1879,761,5
22485,1897,761,3
22486,824,761,1
22487,2405,761,1
22488,761,1897,3
22489,761,824,1
22490,761,2405,1
22491,1024,762,3
22492,7447,762,1
22493,3358,762,1
22494,3288,762,1
22495,1588,762,1
22496,2100,762,1
22497,762,1024,4
22498,762,7447,1
22499,762,3358,1
22500,762,3288,1
22501,762,1588,1
22502,762,2100,1
22503,906,766,1
22504,1202,766,1
22505,766,3276,1
22506,766,1202,1
22507,1606,767,1
22508,926,768,1
22509,768,1349,1
22510,768,926,1
22511,7328,770,1
22512,770,7328,1
22513,772,1000,2
22514,2475,774,3
22515,3133,774,1
22516,774,3133,1
22517,774,2475,1
22518,7589,775,2
22519,7449,775,1
22520,2494,775,1
22521,998,775,1
22522,775,998,1
22523,775,2494,1
22524,775,7449,-10
22525,775,7589,-10
22526,5342,777,-7
22527,1253,778,5
22528,2012,778,1
22529,2011,778,1
22530,778,1253,5
22531,778,2012,1
22532,778,2011,1
22533,781,928,8
22534,863,783,3
22535,7564,783,3
22536,783,7564,3
22537,1011,784,2
22538,1451,784,1
22539,784,1011,2
22540,784,7564,1
22541,784,1451,1
22542,1249,785,5
22543,2072,785,2
22544,7564,785,2
22545,1159,785,-10
22546,785,1249,5
22547,785,7564,3
22548,785,2072,2
22549,916,786,3
22550,2599,786,1
22551,1450,786,1
22552,786,916,3
22553,786,2599,1
22554,2407,787,1
22555,787,2407,1
22556,791,7564,-10
22557,791,7414,-10
22558,791,7396,-10
22559,791,7409,-10
22560,791,7395,-10
22561,791,7571,-10
22562,791,7520,-10
22563,2724,792,5
22564,1638,792,3
22565,1713,792,2
22566,2728,792,1
22567,2641,792,1
22568,934,792,1
22569,1472,792,1
22570,2029,792,1
22571,1159,792,-10
22572,792,1713,1
22573,792,2728,1
22574,792,2641,1
22575,792,934,1
22576,792,1638,1
22577,792,1472,1
22578,792,2724,1
22579,792,2029,1
22580,792,7453,-10
22581,1315,793,4
22582,2836,793,1
22583,793,1315,3
22584,793,2836,1
22585,2529,795,10
22586,7603,796,1
22587,796,7603,2
22588,2207,798,5
22589,1312,798,5
22590,1503,798,4
22591,1498,798,3
22592,1146,798,3
22593,2174,798,3
22594,1505,798,2
22595,7397,798,2
22596,958,798,2
22597,957,798,2
22598,2186,798,2
22599,1486,798,2
22600,1741,798,2
22601,2844,798,2
22602,1304,798,2
22603,2917,798,1
22604,874,798,1
22605,1769,798,1
22606,1148,798,1
22607,1147,798,1
22608,1766,798,1
22609,955,798,1
22610,2198,798,1
22611,2884,798,1
22612,2185,798,1
22613,1491,798,1
22614,1754,798,1
22615,2183,798,1
22616,857,798,1
22617,2875,798,1
22618,1144,798,1
22619,2871,798,1
22620,1753,798,1
22621,1140,798,1
22622,7573,798,1
22623,2867,798,1
22624,1030,798,1
22625,951,798,1
22626,2849,798,1
22627,1029,798,1
22628,946,798,1
22629,949,798,-1
22630,7550,798,-10
22631,798,1312,5
22632,798,1503,4
22633,798,1146,3
22634,798,1505,2
22635,798,7397,2
22636,798,958,2
22637,798,1498,2
22638,798,957,2
22639,798,2186,2
22640,798,2917,1
22641,798,874,1
22642,798,2207,1
22643,798,1769,1
22644,798,1148,1
22645,798,1147,1
22646,798,1766,1
22647,798,955,1
22648,798,2198,1
22649,798,2884,1
22650,798,2185,1
22651,798,1491,1
22652,798,2183,1
22653,798,857,1
22654,798,2875,1
22655,798,1144,1
22656,798,2871,1
22657,798,1753,1
22658,798,1140,1
22659,798,2867,1
22660,798,1486,1
22661,798,1030,1
22662,798,951,1
22663,798,1297,1
22664,798,2849,1
22665,798,1029,1
22666,798,1741,1
22667,798,946,1
22668,798,2174,1
22669,798,7550,1
22670,798,949,-1
22671,954,801,2
22672,2230,801,2
22673,824,801,-2
22674,801,954,1
22675,801,2230,1
22676,801,7604,-10
22677,1540,803,2
22678,1039,803,2
22679,803,1540,2
22680,803,1039,2
22681,7583,804,3
22682,1020,804,1
22683,804,7583,3
22684,804,1020,1
22685,7553,807,1
22686,807,7553,1
22687,5533,811,10
22688,811,5533,10
22689,1848,812,2
22690,812,1848,2
22691,5342,813,2
22692,7595,813,1
22693,813,5342,2
22694,813,7595,1
22695,813,7600,-10
22696,3238,815,1
22697,1191,815,1
22698,5342,815,1
22699,815,3238,1
22700,815,1191,1
22701,815,5342,1
22702,815,885,1
22703,815,7581,-10
22704,1186,817,1
22705,2339,817,1
22706,817,2339,2
22707,817,1186,1
22708,1580,822,1
22709,822,1580,1
22710,2417,824,1
22711,1590,824,1
22712,3323,824,1
22713,1570,824,1
22714,824,832,1
22715,824,3383,1
22716,824,3376,1
22717,824,7379,1
22718,824,3240,1
22719,824,3323,1
22720,824,1570,1
22721,824,2828,-1
22722,824,7552,-1
22723,824,7415,-1
22724,824,958,-2
22725,3188,825,2
22726,3268,825,1
22727,825,3188,1
22728,825,3268,1
22729,7525,826,2
22730,1577,826,2
22731,1893,826,1
22732,2374,826,1
22733,826,7525,3
22734,826,1893,1
22735,826,2374,1
22736,826,1577,1
22737,1518,830,3
22738,830,2336,1
22739,832,2420,2
22740,3179,836,10
22741,7335,838,10
22742,838,7335,-10
22743,3021,839,3
22744,839,3021,1
22745,909,841,1
22746,841,909,1
22747,2711,844,1
22748,851,844,1
22749,844,2711,1
22750,844,1234,1
22751,844,851,1
22752,991,845,1
22753,845,991,1
22754,997,848,3
22755,7552,848,1
22756,848,997,3
22757,848,7552,1
22758,7564,849,3
22759,1667,849,2
22760,849,1667,2
22761,849,7564,2
22762,1960,850,1
22763,1405,850,1
22764,1633,850,1
22765,850,1960,1
22766,850,1405,1
22767,850,1633,1
22768,7603,851,1
22769,1221,851,1
22770,851,7603,1
22771,851,1221,1
22772,1639,852,4
22773,1673,853,1
22774,7564,853,1
22775,853,1673,1
22776,853,7564,1
22777,1652,854,1
22778,854,1652,1
22779,854,7603,-10
22780,2543,856,3
22781,856,2543,1
22782,1210,857,1
22783,1008,858,1
22784,858,1008,1
22785,7419,859,1
22786,2703,859,1
22787,2099,859,1
22788,859,7419,3
22789,859,2703,1
22790,859,2099,1
22791,7564,862,3
22792,862,7564,1
22793,1249,863,2
22794,7415,863,1
22795,2068,863,1
22796,1124,863,1
22797,2629,863,1
22798,1159,863,-10
22799,863,1249,2
22800,863,7415,1
22801,863,1124,1
22802,863,2068,1
22803,863,2629,1
22804,1118,864,2
22805,864,1118,3
22806,1252,865,1
22807,1124,865,1
22808,865,1124,3
22809,865,1252,1
22810,1256,866,2
22811,1467,866,1
22812,2092,866,1
22813,866,1256,2
22814,866,1656,1
22815,866,1467,1
22816,866,2092,1
22817,4311,867,1
22818,867,4311,1
22819,1585,868,4
22820,868,1585,4
22821,2123,869,2
22822,869,2123,1
22823,2111,870,1
22824,870,2111,1
22825,942,871,3
22826,7388,871,1
22827,871,7603,2
22828,871,942,2
22829,871,7388,1
22830,1256,873,9
22831,2204,874,2
22832,1148,874,1
22833,874,2204,1
22834,874,1148,1
22835,1340,876,2
22836,7553,876,1
22837,1776,876,1
22838,7476,876,-10
22839,876,1340,2
22840,876,7553,1
22841,876,1776,1
22842,876,7476,-10
22843,1036,877,1
22844,877,1036,1
22845,5392,878,1
22846,878,5392,1
22847,883,879,1
22848,879,883,1
22849,7230,881,1
22850,7595,882,1
22851,1348,882,1
22852,882,1348,1
22853,1354,884,1
22854,884,1354,4
22855,1825,885,2
22856,1826,885,1
22857,885,886,2
22858,885,1825,2
22859,885,1826,1
22860,7595,886,2
22861,886,7595,2
22862,3237,887,1
22863,887,3237,1
22864,1886,888,1
22865,888,1886,1
22866,1032,890,1
22867,890,1032,1
22868,893,891,1
22869,891,893,1
22870,892,7375,-10
22871,1581,894,3
22872,894,1581,3
22873,980,895,2
22874,895,980,2
22875,1071,896,1
22876,896,1071,1
22877,1202,897,2
22878,2430,897,1
22879,2336,902,5
22880,1388,902,3
22881,7386,902,-1
22882,902,2336,3
22883,902,1388,2
22884,3419,905,10
22885,2336,905,-2
22886,905,3419,1
22887,905,2336,1
22888,7386,906,1
22889,3446,906,1
22890,2430,906,1
22891,2336,906,1
22892,906,7386,1
22893,906,3446,1
22894,906,2434,1
22895,906,2336,1
22896,906,7325,-1
22897,2336,907,9
22898,1960,909,1
22899,909,1960,1
22900,1449,911,1
22901,1914,911,1
22902,911,1449,1
22903,911,1914,1
22904,1623,912,1
22905,912,1623,1
22906,1142,913,5
22907,1622,913,1
22908,913,1622,1
22909,3097,915,3
22910,1104,915,1
22911,915,3097,1
22912,915,1407,1
22913,915,1104,1
22914,1115,917,1
22915,917,1115,1
22916,1509,918,1
22917,920,918,1
22918,918,1509,1
22919,918,920,1
22920,2542,920,1
22921,920,2542,1
22922,1210,921,1
22923,921,1210,1
22924,7508,922,5
22925,922,7508,1
22926,2573,923,2
22927,923,2573,1
22928,2069,926,1
22929,1244,926,1
22930,926,2069,1
22931,926,1244,1
22932,7564,927,3
22933,927,2021,2
22934,927,7564,2
22935,1126,930,6
22936,930,1126,6
22937,3774,931,3
22938,931,3774,3
22939,932,2075,2
22940,934,933,1
22941,933,934,1
22942,933,7579,-2
22943,2394,934,1
22944,934,2394,1
22945,1275,936,5
22946,1466,936,3
22947,936,1275,5
22948,936,1466,3
22949,1352,937,2
22950,1029,937,2
22951,1129,937,1
22952,1342,937,1
22953,7512,937,1
22954,7594,937,-10
22955,937,1352,1
22956,937,1129,1
22957,937,1029,1
22958,937,1342,1
22959,937,7512,1
22960,937,7594,-5
22961,937,7551,-5
22962,7550,938,1
22963,938,7550,1
22964,7603,939,1
22965,939,7603,1
22966,1457,940,1
22967,2726,940,1
22968,1133,940,1
22969,940,1457,1
22970,940,2726,1
22971,940,1133,1
22972,7562,941,8
22973,2948,941,1
22974,941,2948,1
22975,1304,943,2
22976,2149,943,1
22977,943,1304,2
22978,943,2149,1
22979,7565,944,3
22980,944,7565,3
22981,945,1479,1
22982,1746,946,2
22983,1741,946,1
22984,946,1741,1
22985,946,1746,1
22986,2161,947,2
22987,947,2161,2
22988,1799,952,3
22989,952,1799,3
22990,2336,953,2
22991,953,1390,2
22992,953,2336,1
22993,1383,954,1
22994,954,1383,1
22995,2218,956,1
22996,956,2218,1
22997,1026,957,5
22998,957,1026,3
22999,3162,958,1
23000,7504,958,1
23001,958,3162,1
23002,958,7504,1
23003,7565,961,1
23004,961,7565,1
23005,966,962,2
23006,2292,962,1
23007,962,966,1
23008,3055,966,1
23009,966,3055,1
23010,967,7581,-5
23011,7595,969,2
23012,969,2214,2
23013,969,7595,1
23014,1194,972,1
23015,3178,972,1
23016,972,1194,1
23017,1159,973,-1
23018,1563,975,3
23019,975,1563,4
23020,2359,979,4
23021,979,2359,2
23022,979,1528,1
23023,979,1176,1
23024,979,1954,1
23025,979,7550,-3
23026,980,7512,-10
23027,2398,982,1
23028,3291,982,1
23029,982,2398,1
23030,982,3291,1
23031,1188,984,2
23032,2426,984,1
23033,984,2426,1
23034,984,1188,1
23035,7596,988,1
23036,988,7596,-10
23037,7582,990,1
23038,2457,990,1
23039,2458,990,1
23040,990,2457,1
23041,990,2458,1
23042,1095,992,2
23043,1098,992,2
23044,992,1095,2
23045,992,1098,1
23046,1420,993,1
23047,993,1420,1
23048,1261,994,1
23049,1251,994,1
23050,5342,994,-3
23051,994,1261,1
23052,994,1251,1
23053,995,1210,-4
23054,1615,996,3
23055,996,1615,1
23056,2010,1004,3
23057,1004,2010,1
23058,7564,1006,3
23059,1011,1006,2
23060,1671,1006,2
23061,1006,7564,3
23062,1006,1011,2
23063,1006,1671,2
23064,1297,1008,1
23065,1008,7600,1
23066,1008,1297,1
23067,3405,1009,1
23068,1009,3405,1
23069,2115,1010,2
23070,2110,1010,2
23071,1010,2115,2
23072,1010,2110,2
23073,2098,1012,2
23074,2730,1012,1
23075,1689,1012,1
23076,2600,1012,1
23077,1257,1012,1
23078,1012,2098,1
23079,1012,2730,1
23080,1012,1689,1
23081,1012,1257,1
23082,1012,2600,1
23083,1013,1015,2
23084,1259,1014,2
23085,1014,1259,2
23086,2370,1016,1
23087,1366,1016,1
23088,1016,2370,1
23089,1016,1366,1
23090,1448,1017,1
23091,1017,1448,1
23092,7583,1020,2
23093,1769,1020,1
23094,1020,7583,-1
23095,2027,1021,1
23096,1021,2027,1
23097,7603,1022,1
23098,1022,7603,1
23099,7565,1023,3
23100,1023,7565,3
23101,1024,7575,-10
23102,2158,1026,1
23103,1026,7388,2
23104,1026,2158,2
23105,7577,1030,2
23106,1030,7577,3
23107,2201,1034,1
23108,7554,1035,1
23109,1487,1035,1
23110,1035,1487,1
23111,1036,7515,-10
23112,1329,1037,5
23113,7416,1037,2
23114,1037,7416,2
23115,1511,1038,2
23116,1038,1511,2
23117,1038,5342,1
23118,1038,7458,-10
23119,1039,7603,6
23120,2982,1040,1
23121,1164,1040,1
23122,1040,2982,1
23123,1040,1164,1
23124,3157,1041,1
23125,1041,3157,1
23126,7595,1045,3
23127,1045,7595,3
23128,7426,1046,1
23129,1046,7426,1
23130,1811,1048,2
23131,1048,1811,2
23132,7443,1049,1
23133,1052,1049,1
23134,1049,1052,1
23135,1868,1050,2
23136,1050,1868,1
23137,1173,1051,1
23138,1051,1173,1
23139,1052,1062,1
23140,1063,1053,1
23141,1815,1053,1
23142,2285,1053,1
23143,1053,1063,1
23144,1053,1815,1
23145,1053,2285,1
23146,2357,1059,1
23147,1153,1059,1
23148,1059,2357,1
23149,1059,1153,1
23150,7514,1062,5
23151,1062,7514,10
23152,1062,1176,1
23153,2225,1063,1
23154,1063,2225,1
23155,2393,1066,2
23156,1881,1066,1
23157,3263,1066,1
23158,1066,1881,1
23159,1066,2393,1
23160,1066,3263,1
23161,1071,1195,1
23162,1072,2336,3
23163,1073,2413,1
23164,1208,1074,2
23165,7386,1074,2
23166,1074,1075,6
23167,1074,1208,5
23168,1074,1396,2
23169,1074,3445,1
23170,1074,1904,1
23171,1521,1078,3
23172,1908,1078,1
23173,1078,1521,3
23174,1078,1908,1
23175,1405,1079,1
23176,1079,1405,1
23177,1095,1083,1
23178,1083,1095,1
23179,1083,1927,1
23180,1443,1084,2
23181,2489,1084,1
23182,1084,1443,2
23183,1084,2489,1
23184,2689,1086,1
23185,1086,2689,1
23186,2470,1090,1
23187,1090,2470,1
23188,7504,1094,2
23189,1696,1096,2
23190,1096,1696,1
23191,7371,1098,1
23192,1098,7589,1
23193,1098,7371,1
23194,2081,1103,2
23195,1103,2081,1
23196,2513,1104,1
23197,2516,1104,1
23198,1104,2513,1
23199,1104,2516,1
23200,7564,1105,3
23201,1635,1105,1
23202,2510,1105,1
23203,1105,7564,1
23204,1105,1635,1
23205,1106,1107,1
23206,1109,1110,4
23207,7498,1112,3
23208,7564,1112,3
23209,1112,7498,3
23210,1112,7564,3
23211,7564,1114,3
23212,1114,7564,3
23213,1692,1115,2
23214,2020,1115,1
23215,1115,1692,2
23216,1115,2020,2
23217,7564,1116,3
23218,1116,7564,3
23219,7564,1118,2
23220,1118,7564,3
23221,7564,1119,2
23222,1119,7564,2
23223,1267,1120,1
23224,1120,7439,1
23225,1120,1267,1
23226,2095,1123,1
23227,2063,1123,1
23228,1123,2095,2
23229,1123,2063,2
23230,7374,1124,2
23231,1124,7374,2
23232,1128,7603,1
23233,2351,1129,1
23234,1440,1129,1
23235,1129,2351,1
23236,1129,1440,1
23237,7550,1130,1
23238,1130,7550,1
23239,2202,1134,2
23240,3428,1134,1
23241,1134,2202,2
23242,1134,7580,-5
23243,1134,7603,-10
23244,1134,7400,-10
23245,1134,7562,-10
23246,1135,3184,1
23247,1308,1140,1
23248,7603,1140,1
23249,1140,1308,1
23250,1140,7603,1
23251,1142,1141,5
23252,1141,1142,5
23253,7562,1143,5
23254,3254,1147,1
23255,1147,3254,1
23256,1760,1148,1
23257,1148,1760,1
23258,1500,1149,1
23259,1149,1500,1
23260,7600,1153,1
23261,1153,7600,1
23262,1153,7411,-10
23263,3008,1154,1
23264,1154,3008,1
23265,7595,1157,2
23266,7527,1157,1
23267,1157,7595,1
23268,1157,7527,1
23269,7603,1158,5
23270,1158,7603,-10
23271,1159,7528,-5
23272,1159,3774,-10
23273,1159,7602,-10
23274,1159,7601,-10
23275,1159,7599,-10
23276,1159,7598,-10
23277,1159,7604,-10
23278,1159,7586,-10
23279,2230,1161,1
23280,1161,2230,1
23281,2251,1166,2
23282,1795,1166,1
23283,1166,1795,1
23284,1166,2251,1
23285,1347,1169,2
23286,1169,1347,2
23287,7595,1171,1
23288,1171,7595,-1
23289,7337,1173,1
23290,3168,1175,2
23291,1175,3168,1
23292,3133,1176,2
23293,3178,1176,1
23294,6166,1176,1
23295,1614,1176,1
23296,1537,1182,1
23297,1182,1537,1
23298,7525,1186,1
23299,1186,7525,1
23300,7541,1187,1
23301,3199,1187,1
23302,1367,1187,1
23303,1187,3199,1
23304,1187,1367,1
23305,1187,7541,-10
23306,1189,3255,1
23307,7512,1190,1
23308,1190,7512,1
23309,1878,1192,1
23310,1192,1878,1
23311,1192,1691,1
23312,3315,1194,1
23313,3311,1194,1
23314,7531,1194,1
23315,1869,1194,1
23316,1194,3311,1
23317,1194,7531,1
23318,1194,1869,1
23319,2391,1196,1
23320,1196,2391,1
23321,3384,1200,4
23322,1586,1201,2
23323,1201,1586,1
23324,1202,2336,1
23325,7163,1204,5
23326,2336,1205,3
23327,3369,1205,1
23328,1212,2444,1
23329,1615,1218,1
23330,1218,2608,1
23331,1221,7552,7
23332,1221,7603,-10
23333,2000,1222,1
23334,7550,1222,1
23335,1222,2000,1
23336,1222,7550,1
23337,1224,3516,2
23338,2477,1226,1
23339,1618,1226,1
23340,1226,1618,1
23341,1226,2477,1
23342,1227,7552,3
23343,1227,7401,-10
23344,2504,1232,2
23345,1936,1232,1
23346,1232,1643,3
23347,1232,2504,1
23348,1232,1936,1
23349,1701,1235,1
23350,2691,1235,1
23351,2588,1235,1
23352,2013,1235,1
23353,5342,1235,-5
23354,1235,1701,1
23355,1235,2691,1
23356,1235,2588,1
23357,1235,2013,1
23358,7564,1237,3
23359,1237,7564,2
23360,1641,1240,4
23361,1240,1641,2
23362,1241,2563,1
23363,1243,7508,-10
23364,7564,1246,5
23365,1246,7564,5
23366,3774,1247,2
23367,1247,3774,3
23368,1250,1248,1
23369,1248,1250,1
23370,7498,1249,1
23371,7564,1249,-10
23372,1249,7498,1
23373,1249,7564,-1
23374,1467,1250,3
23375,1665,1250,1
23376,1250,1467,3
23377,1250,1665,1
23378,1257,1251,1
23379,1251,1257,1
23380,1811,1252,2
23381,2074,1252,1
23382,1252,1811,5
23383,7564,1254,3
23384,1254,7564,3
23385,1638,1255,1
23386,2587,1257,1
23387,2032,1257,1
23388,1257,2587,1
23389,1257,2032,1
23390,7564,1260,3
23391,1260,7564,3
23392,1710,1261,1
23393,2712,1261,1
23394,1261,1710,1
23395,1261,2712,1
23396,7603,1264,1
23397,1264,7603,1
23398,2674,1269,1
23399,2085,1269,1
23400,1269,2085,2
23401,1269,2674,1
23402,1921,1270,1
23403,1270,1921,1
23404,1695,1273,1
23405,1273,1695,1
23406,1762,1276,1
23407,1276,1762,1
23408,2146,1289,1
23409,1289,2146,1
23410,2139,1292,-1
23411,1745,1293,3
23412,1293,1745,3
23413,1501,1298,1
23414,1298,1501,2
23415,3225,1302,1
23416,1302,3225,1
23417,1326,1308,1
23418,1308,1326,1
23419,1492,1313,2
23420,1313,1492,2
23421,2888,1314,1
23422,1314,2888,1
23423,2177,1318,1
23424,1500,1320,1
23425,1760,1320,1
23426,1320,1500,1
23427,1320,1760,1
23428,1783,1322,1
23429,1322,1783,1
23430,7595,1323,4
23431,1323,7595,2
23432,1323,1485,1
23433,1328,1326,1
23434,1326,1328,3
23435,5342,1328,-5
23436,7416,1329,5
23437,2248,1332,2
23438,2235,1332,1
23439,1332,2248,1
23440,1332,2235,1
23441,1530,1335,1
23442,1808,1335,1
23443,1335,1530,1
23444,1335,1808,1
23445,6014,1341,1
23446,3041,1345,5
23447,1349,1348,1
23448,1348,1349,1
23449,2292,1349,1
23450,1349,2292,1
23451,1544,1355,2
23452,1798,1355,2
23453,1355,1798,2
23454,7394,1358,2
23455,1557,1364,2
23456,1364,1557,1
23457,3133,1366,3
23458,1366,3133,3
23459,2349,1367,1
23460,1367,2349,2
23461,2390,1370,1
23462,1370,2390,1
23463,1575,1372,1
23464,1372,1575,1
23465,7435,1380,1
23466,1380,7435,1
23467,1380,7346,-1
23468,1831,1383,1
23469,1383,1831,1
23470,1691,1384,5
23471,1387,1386,2
23472,1386,1387,3
23473,1386,7393,1
23474,1902,1388,2
23475,1393,1388,2
23476,7273,1388,1
23477,7198,1388,1
23478,2336,1388,-5
23479,1388,2336,4
23480,1388,7385,3
23481,1388,1902,3
23482,1388,1393,3
23483,1388,7273,-1
23484,3388,1389,5
23485,1389,3388,1
23486,2336,1390,1
23487,2336,1393,2
23488,1393,2336,1
23489,3428,1397,4
23490,7552,1400,1
23491,1400,7552,1
23492,7552,1401,2
23493,2527,1401,1
23494,7327,1401,1
23495,5342,1401,-5
23496,1401,7552,2
23497,1402,2635,1
23498,1409,2597,1
23499,1624,1419,1
23500,1419,1624,1
23501,1981,1423,1
23502,1423,1981,1
23503,1596,1425,1
23504,1696,1427,1
23505,1427,1696,1
23506,2528,1428,1
23507,1428,2528,1
23508,1661,1431,2
23509,1431,1661,2
23510,1657,1433,1
23511,1921,1433,1
23512,7373,1433,1
23513,1433,1657,1
23514,1433,1921,1
23515,1433,7373,1
23516,1626,1435,2
23517,1435,1626,2
23518,7564,1436,3
23519,1436,7564,3
23520,7564,1437,1
23521,1437,1451,1
23522,1437,7564,1
23523,7564,1438,3
23524,1438,7564,3
23525,7564,1441,3
23526,1441,7564,1
23527,7564,1444,3
23528,1444,7564,7
23529,1605,1448,1
23530,1448,1605,1
23531,7603,1449,1
23532,1449,7603,1
23533,1450,2050,1
23534,2644,1451,1
23535,1963,1451,1
23536,1451,2644,1
23537,7570,1452,4
23538,1452,7570,4
23539,7564,1455,1
23540,1455,7564,8
23541,1456,7603,-1
23542,1477,1457,1
23543,1457,1477,1
23544,1458,2141,1
23545,2073,1461,2
23546,1461,2073,2
23547,7374,1462,2
23548,2084,1462,1
23549,7550,1462,1
23550,1462,7374,5
23551,1462,2084,1
23552,1462,7550,1
23553,2083,1463,1
23554,1463,2083,1
23555,2676,1464,1
23556,1464,2676,1
23557,7603,1471,1
23558,1472,1471,1
23559,1471,7603,1
23560,1471,1472,1
23561,7603,1473,1
23562,1473,7603,1
23563,7603,1475,1
23564,1475,7603,1
23565,1721,1476,1
23566,1476,1721,1
23567,2757,1477,1
23568,1477,2757,1
23569,2131,1479,2
23570,7603,1479,1
23571,1479,2131,2
23572,1479,7603,1
23573,1483,1482,1
23574,1482,1483,1
23575,2821,1484,1
23576,1484,2821,1
23577,1631,1486,3
23578,1486,1631,3
23579,3278,1490,1
23580,1490,3278,1
23581,1544,1491,1
23582,1491,1544,1
23583,1760,1497,1
23584,1497,1760,1
23585,1760,1498,1
23586,1498,1760,3
23587,7416,1508,1
23588,1508,7416,1
23589,1779,1516,1
23590,1516,1779,1
23591,1518,7586,-10
23592,1522,7537,-10
23593,1522,7506,-10
23594,7590,1524,1
23595,1524,7590,-10
23596,3133,1528,1
23597,1528,3133,1
23598,1856,1536,1
23599,1536,1856,1
23600,7595,1541,1
23601,1541,7595,1
23602,1856,1544,1
23603,1544,1856,1
23604,3266,1549,1
23605,1556,1549,1
23606,1549,1556,2
23607,1549,3266,1
23608,7597,1568,1
23609,1568,7597,-10
23610,1568,7595,-10
23611,6369,1572,4
23612,1572,6369,4
23613,1581,7420,-10
23614,7436,1588,1
23615,1588,7436,1
23616,1590,2429,1
23617,1592,2361,1
23618,2336,1598,1
23619,2054,1603,1
23620,1603,2054,1
23621,1916,1607,2
23622,1607,1916,1
23623,7552,1611,3
23624,7550,1611,1
23625,5342,1611,-5
23626,1611,7552,3
23627,1611,7550,1
23628,1615,1918,1
23629,2487,1621,1
23630,1621,2487,1
23631,2540,1622,1
23632,1622,2540,1
23633,2193,1624,1
23634,1624,2193,1
23635,2067,1625,1
23636,1625,2067,1
23637,1625,7552,1
23638,1950,1629,1
23639,7413,1629,1
23640,1949,1629,1
23641,1629,1950,1
23642,1629,7413,1
23643,1629,1949,1
23644,1629,7371,1
23645,1633,7327,1
23646,1967,1636,1
23647,1636,1967,1
23648,2655,1638,-10
23649,7592,1646,-1
23650,2298,1649,1
23651,1649,2298,1
23652,1649,2964,1
23653,7564,1650,3
23654,1650,7564,3
23655,2627,1653,1
23656,1653,2627,1
23657,1658,1654,1
23658,7546,1654,1
23659,1654,1658,1
23660,1654,7546,-10
23661,3774,1655,1
23662,2089,1656,1
23663,1656,2089,1
23664,2011,1657,1
23665,1657,2011,1
23666,1999,1658,1
23667,1658,1999,1
23668,1661,7564,2
23669,7564,1663,3
23670,1663,7564,3
23671,1665,7564,1
23672,2506,1666,2
23673,7564,1670,3
23674,1670,7564,3
23675,7564,1672,3
23676,1672,7564,3
23677,2032,1675,2
23678,1675,2032,1
23679,1978,1679,1
23680,2045,1680,1
23681,7564,1681,3
23682,1681,7564,9
23683,1683,7524,-10
23684,3774,1684,2
23685,1684,3774,1
23686,2662,1686,1
23687,2621,1686,1
23688,1686,2662,1
23689,1686,2621,1
23690,7598,1691,10
23691,7599,1691,-10
23692,7601,1691,-10
23693,7602,1691,-10
23694,7595,1691,-10
23695,1691,5342,2
23696,1691,7509,-10
23697,1691,7601,-10
23698,1691,7599,-10
23699,1691,7598,-10
23700,1691,7604,-10
23701,1691,7602,-10
23702,1691,7595,-10
23703,1691,7574,-10
23704,1691,7600,-10
23705,2101,1694,1
23706,1694,2101,1
23707,1694,7451,-10
23708,2655,1697,1
23709,1697,7564,1
23710,1697,2655,1
23711,2666,1698,2
23712,2082,1698,1
23713,1698,2666,1
23714,1698,2082,1
23715,2671,1700,1
23716,1700,2671,1
23717,7373,1701,1
23718,1701,7373,1
23719,1703,2088,1
23720,2692,1704,2
23721,1704,2692,1
23722,2089,1705,1
23723,1705,2089,1
23724,7603,1709,1
23725,1709,7603,1
23726,2716,1710,1
23727,1710,2716,1
23728,2735,1716,1
23729,1716,2735,1
23730,7603,1723,3
23731,2769,1726,1
23732,1726,2769,1
23733,1740,7389,2
23734,1740,1778,1
23735,1786,1741,1
23736,1741,1786,1
23737,1760,7566,-10
23738,2897,1761,2
23739,1761,2897,1
23740,2940,1764,1
23741,1764,2940,1
23742,7512,1766,1
23743,1766,7512,1
23744,7553,1769,1
23745,2908,1769,1
23746,1769,7553,2
23747,1769,2203,2
23748,7565,1775,2
23749,1775,7565,1
23750,7416,1778,1
23751,1778,7416,-10
23752,2245,1781,1
23753,1781,2245,1
23754,5342,1789,1
23755,1789,5342,1
23756,5342,1790,1
23757,1790,5342,1
23758,7595,1792,1
23759,1792,7595,1
23760,2090,1804,1
23761,3030,1804,1
23762,1804,2090,1
23763,1804,3030,1
23764,7595,1811,1
23765,3079,1811,-10
23766,1811,7595,1
23767,2336,1820,1
23768,3267,1826,1
23769,7554,1830,1
23770,1830,7554,-10
23771,3140,1831,1
23772,1831,3140,1
23773,3209,1838,1
23774,1838,3209,1
23775,7595,1841,2
23776,1841,7595,2
23777,7525,1846,1
23778,1846,7525,1
23779,3242,1857,1
23780,1857,3242,1
23781,7341,1864,1
23782,3265,1864,1
23783,1864,7341,1
23784,1864,3265,1
23785,2360,1866,1
23786,1866,2360,1
23787,1869,1868,1
23788,1868,3195,1
23789,1868,3272,1
23790,1868,1869,1
23791,3315,1869,1
23792,1869,3315,1
23793,3271,1870,3
23794,1870,3271,1
23795,3214,1873,1
23796,1873,3214,1
23797,1880,1878,1
23798,1878,1880,1
23799,1879,3397,1
23800,7507,1883,1
23801,1883,7507,1
23802,2387,1889,1
23803,1889,2387,1
23804,1895,3401,1
23805,1895,3390,1
23806,2336,1905,1
23807,1914,7327,1
23808,1918,2751,1
23809,1918,7552,1
23810,1976,1929,1
23811,1929,1976,1
23812,1930,1935,1
23813,1930,7569,-10
23814,1931,1987,1
23815,1935,7569,-10
23816,7413,1949,1
23817,1949,7413,1
23818,7413,1950,1
23819,1950,7413,1
23820,3133,1954,1
23821,1954,3133,1
23822,1956,1955,1
23823,1955,1956,1
23824,2578,1976,1
23825,1976,2578,1
23826,1978,1977,1
23827,1977,1978,1
23828,1982,1993,1
23829,1985,1984,1
23830,1984,1985,1
23831,2194,1987,1
23832,7373,1988,1
23833,1988,7373,1
23834,2613,1989,1
23835,1989,2697,1
23836,1989,2613,1
23837,7373,2004,1
23838,2004,7373,1
23839,7570,2008,1
23840,2008,7570,1
23841,7372,2014,1
23842,2014,7372,1
23843,7564,2043,1
23844,2043,7564,2
23845,7561,2048,1
23846,2048,7561,-10
23847,7564,2049,2
23848,2049,7564,2
23849,2065,2660,1
23850,2555,2067,1
23851,2067,7450,-10
23852,6157,2078,1
23853,2090,2081,1
23854,2675,2084,1
23855,2090,3363,1
23856,2101,7452,-10
23857,7603,2112,1
23858,2112,7603,1
23859,2737,2117,1
23860,2117,2737,1
23861,7550,2121,1
23862,2121,7550,1
23863,7565,2132,1
23864,2132,7565,1
23865,7603,2145,1
23866,2145,7603,1
23867,2577,2151,1
23868,2155,7344,-1
23869,7603,2172,1
23870,2172,7603,1
23871,7577,2174,1
23872,2174,7577,1
23873,7397,2182,1
23874,2182,7397,1
23875,2885,2189,1
23876,2189,2885,1
23877,2202,2273,1
23878,7565,2205,2
23879,2205,7565,1
23880,7389,2212,1
23881,2212,7389,1
23882,7442,2216,1
23883,7600,2218,1
23884,7416,2221,2
23885,7588,2222,2
23886,2222,7588,1
23887,2231,7565,-10
23888,2350,2234,1
23889,2234,2350,1
23890,7553,2238,1
23891,2238,7553,1
23892,2244,7539,-10
23893,2244,7462,-10
23894,2244,7600,-10
23895,3035,2254,1
23896,2254,3035,1
23897,7590,2259,2
23898,2259,7590,2
23899,2274,2269,1
23900,2269,2274,1
23901,5342,2280,1
23902,3287,2286,1
23903,2286,3287,1
23904,2336,2293,-2
23905,2293,3369,2
23906,2293,2336,1
23907,2336,2312,1
23908,7595,2319,2
23909,2319,7595,2
23910,7595,2322,2
23911,2322,7595,2
23912,7595,2327,2
23913,2331,7552,-1
23914,7386,2336,2
23915,7087,2336,2
23916,3372,2336,1
23917,7479,2336,1
23918,3391,2336,1
23919,2380,2336,-5
23920,7544,2336,-10
23921,2336,3449,1
23922,2336,3377,1
23923,2336,3436,1
23924,2336,3435,1
23925,2336,3362,1
23926,2336,3432,1
23927,2336,3428,1
23928,2336,2428,1
23929,2336,2422,1
23930,2336,7273,1
23931,2336,3391,1
23932,2336,3372,1
23933,2336,6921,-1
23934,2336,7398,-1
23935,2336,3286,-1
23936,2336,7364,-1
23937,2336,7560,-2
23938,2336,7393,-2
23939,2336,7385,-5
23940,2336,7604,-8
23941,2358,2356,1
23942,2356,2358,1
23943,2361,2412,1
23944,7591,2369,1
23945,2369,7591,1
23946,2380,7549,-10
23947,7380,2382,2
23948,2382,7380,2
23949,3299,2390,1
23950,2390,3299,1
23951,2391,7390,-10
23952,6369,2396,1
23953,2396,7444,-10
23954,2396,6369,-10
23955,3327,2397,1
23956,2397,3327,1
23957,2398,3183,1
23958,7398,2408,10
23959,2427,2410,1
23960,2410,2427,1
23961,7087,2411,1
23962,3409,2415,1
23963,7552,2440,1
23964,2440,7552,1
23965,2487,7589,-1
23966,7372,2493,1
23967,2493,7372,1
23968,7373,2536,1
23969,2536,7373,1
23970,7564,2607,1
23971,2607,7564,1
23972,7375,2652,1
23973,2652,7375,1
23974,2662,7564,1
23975,7603,2748,1
23976,2748,7603,5
23977,2787,7403,-10
23978,2790,2788,1
23979,7603,2789,1
23980,2789,7603,1
23981,3088,2794,1
23982,4934,2811,1
23983,2811,4934,1
23984,7603,2828,1
23985,2828,7603,1
23986,2866,7442,-5
23987,7411,2900,1
23988,2900,7411,1
23989,2971,2975,1
23990,3002,7594,-10
23991,3019,7565,1
23992,7595,3074,1
23993,7595,3079,1
23994,3079,7595,1
23995,7551,3095,1
23996,3097,7389,-10
23997,3120,7415,1
23998,7444,3129,1
23999,3133,7514,1
24000,7595,3136,1
24001,7595,3138,1
24002,3138,7595,2
24003,3180,7327,-10
24004,3186,3217,1
24005,7390,3197,1
24006,3197,7390,1
24007,7444,3227,1
24008,6336,3228,1
24009,3270,7436,-10
24010,3299,3296,1
24011,7412,3314,1
24012,3314,7412,1
24013,7591,3394,1
24014,3394,7591,1
24015,7561,3774,8
24016,3774,7561,2
24017,7455,4910,10
24018,5342,4934,-5
24019,5029,7564,-10
24020,7509,5342,-10
24021,7595,5342,-10
24022,7584,5342,-10
24023,7586,5342,-10
24024,7565,5342,-10
24025,5342,7482,-3
24026,5342,7500,-3
24027,5342,7584,-4
24028,5342,7392,-5
24029,5342,7405,-5
24030,5342,7407,-5
24031,5342,7556,-5
24032,5342,7509,-8
24033,5342,7418,-8
24034,5342,7595,-8
24035,5342,7530,-10
24036,5342,7581,-10
24037,5342,7551,-10
24038,5342,7594,-10
24039,5342,7430,-10
24040,5342,5389,-10
24041,5342,7600,-10
24042,5342,7427,-10
24043,5342,7538,-10
24044,5342,7373,-10
24045,5342,7586,-10
24046,5342,7590,-10
24047,5342,7565,-10
24048,5342,7588,-10
24049,7429,5389,5
24050,5389,7429,2
24051,7517,5533,10
24052,7536,5533,10
24053,7565,5533,10
24054,5533,7565,10
24055,5533,7517,5
24056,7595,5679,2
24057,5679,7595,1
24058,5837,7465,-10
24059,6369,7444,-5
24060,7440,7328,4
24061,7398,7328,-10
24062,7328,7440,1
24063,7328,7564,-10
24064,7602,7334,10
24065,7601,7334,10
24066,7599,7334,10
24067,7598,7334,10
24068,7604,7334,10
24069,7334,7604,10
24070,7386,7335,1
24071,7335,7560,10
24072,7502,7363,-1
24073,7363,7502,-1
24074,7564,7372,-10
24075,7372,7564,-1
24076,7564,7374,-10
24077,7374,7564,-10
24078,7397,7376,-2
24079,7513,7378,1
24080,7550,7387,1
24081,7387,7550,1
24082,7576,7394,-10
24083,7394,7576,-1
24084,7394,7571,-1
24085,7394,7520,-1
24086,7520,7395,10
24087,7571,7395,6
24088,7520,7396,6
24089,7397,7504,-2
24090,7398,7552,-10
24091,7511,7402,1
24092,7402,7511,-3
24093,7571,7409,4
24094,7520,7414,3
24095,7513,7417,9
24096,7506,7417,4
24097,7417,7506,9
24098,7417,7484,4
24099,7595,7418,1
24100,7591,7422,-5
24101,7422,7591,1
24102,7603,7424,-10
24103,7529,7428,-10
24104,7428,7529,-10
24105,7530,7430,1
24106,7551,7430,1
24107,7430,7530,1
24108,7452,7451,1
24109,7595,7461,-10
24110,7461,7595,-10
24111,7558,7466,-10
24112,7466,7558,-10
24113,7500,7482,1
24114,7482,7500,1
24115,7535,7483,10
24116,7513,7483,3
24117,7483,7513,7
24118,7483,7535,5
24119,7483,7505,3
24120,7513,7484,3
24121,7506,7484,2
24122,7564,7498,-10
24123,7498,7564,1
24124,7565,7504,-3
24125,7504,7565,1
24126,7535,7505,4
24127,7513,7506,8
24128,7591,7510,1
24129,7510,7591,2
24130,7535,7513,8
24131,7514,7604,-10
24132,7536,7517,10
24133,7565,7517,9
24134,7517,7565,10
24135,7517,7536,10
24136,7517,7553,-10
24137,7518,7580,-5
24138,7518,7603,-10
24139,7564,7519,3
24140,7519,7564,2
24141,7571,7520,4
24142,7520,7571,2
24143,7531,7521,10
24144,7521,7552,1
24145,7530,7581,10
24146,7530,7584,1
24147,7565,7536,10
24148,7536,7565,10
24149,7536,7553,-10
24150,7538,7556,2
24151,7540,7556,8
24152,7550,7552,5
24153,7551,7594,3
24154,7565,7553,-10
24155,7553,7565,-10
24156,7553,7603,-10
24157,7595,7556,-10
24158,7570,7564,3
24159,7564,7570,3
24160,7564,7596,-10
24161,7571,7576,5
24162,7581,7584,1
24163,7595,7604,-10
24164,7602,7598,10
24165,7601,7598,10
24166,7599,7598,10
24167,7604,7598,10
24168,7598,7599,10
24169,7598,7600,10
24170,7598,7604,10
24171,7598,7603,-10
24172,7602,7599,10
24173,7601,7599,10
24174,7604,7599,10
24175,7599,7600,10
24176,7602,7600,10
24177,7601,7600,10
24178,7604,7600,10
24179,7602,7601,10
24180,7604,7601,10
24181,7601,7604,10
24182,7604,7602,10
24183,7602,7604,10
24184,7604,7603,-10
